School DBN,School Name,School District,Home Borough,Total Applicants Borough,True Applicants Borough,Total Applicants School,Total True Applicants School,Seats Available School,Offers School,Ratio,Rank
01M292,Orchard Collegiate Academy,1,Bronx,12,12.0,280,71.0,90,6,1.0,1
01M292,Orchard Collegiate Academy,1,Brooklyn,20,20.0,280,71.0,90,6,1.0,1
01M292,Orchard Collegiate Academy,1,Manhattan,192,65.0,280,71.0,90,6,0.3385416666666667,306
01M292,Orchard Collegiate Academy,1,Queens,9,9.0,280,71.0,90,6,1.0,1
01M292,Orchard Collegiate Academy,1,Staten Island,1,1.0,280,71.0,90,6,1.0,196
01M292,Orchard Collegiate Academy,1,Unknown,1,1.0,280,71.0,90,6,1.0,263
01M448,University Neighborhood High School,1,Bronx,199,29.0,2248,447.0,125,185,0.1457286432160804,341
01M448,University Neighborhood High School,1,Brooklyn,846,159.0,2248,447.0,125,185,0.1879432624113475,336
01M448,University Neighborhood High School,1,Manhattan,957,147.0,2248,447.0,125,185,0.1536050156739812,365
01M448,University Neighborhood High School,1,Queens,119,38.0,2248,447.0,125,185,0.31932773109243695,313
01M448,University Neighborhood High School,1,Staten Island,6,6.0,2248,447.0,125,185,1.0,1
01M448,University Neighborhood High School,1,Unknown,32,3.0,2248,447.0,125,185,0.09375,227
01M450,East Side Community School,1,Bronx,162,29.0,1142,328.0,95,117,0.17901234567901234,310
01M450,East Side Community School,1,Brooklyn,250,56.0,1142,328.0,95,117,0.224,320
01M450,East Side Community School,1,Manhattan,554,153.0,1142,328.0,95,117,0.27617328519855594,322
01M450,East Side Community School,1,Queens,64,33.0,1142,328.0,95,117,0.515625,252
01M450,East Side Community School,1,Staten Island,2,2.0,1142,328.0,95,117,1.0,1
01M450,East Side Community School,1,Unknown,14,10.0,1142,328.0,95,117,0.7142857142857143,68
01M458,Forsyth Satellite Academy,1,Bronx,8,8.0,60,12.0,28,6,1.0,1
01M458,Forsyth Satellite Academy,1,Brooklyn,7,7.0,60,12.0,28,6,1.0,1
01M458,Forsyth Satellite Academy,1,Manhattan,13,13.0,60,12.0,28,6,1.0,1
01M458,Forsyth Satellite Academy,1,Queens,5,5.0,60,12.0,28,6,1.0,1
01M458,Forsyth Satellite Academy,1,Staten Island,1,1.0,60,12.0,28,6,1.0,196
01M458,Forsyth Satellite Academy,1,Unknown,1,1.0,60,12.0,28,6,1.0,263
01M515,Lower East Side Preparatory High School,1,Bronx,13,13.0,317,89.0,75,6,1.0,1
01M515,Lower East Side Preparatory High School,1,Brooklyn,69,25.0,317,89.0,75,6,0.36231884057971014,242
01M515,Lower East Side Preparatory High School,1,Manhattan,103,35.0,317,89.0,75,6,0.33980582524271846,305
01M515,Lower East Side Preparatory High School,1,Queens,24,18.0,317,89.0,75,6,0.75,217
01M515,Lower East Side Preparatory High School,1,Staten Island,2,2.0,317,89.0,75,6,1.0,1
01M515,Lower East Side Preparatory High School,1,Unknown,33,21.0,317,89.0,75,6,0.6363636363636364,70
01M539,"New Explorations into Science, Technology and Math High School",1,Bronx,372,157.0,3743,2047.0,150,289,0.4220430107526882,212
01M539,"New Explorations into Science, Technology and Math High School",1,Brooklyn,1172,613.0,3743,2047.0,150,289,0.523037542662116,196
01M539,"New Explorations into Science, Technology and Math High School",1,Manhattan,1425,807.0,3743,2047.0,150,289,0.5663157894736842,253
01M539,"New Explorations into Science, Technology and Math High School",1,Queens,646,329.0,3743,2047.0,150,289,0.5092879256965944,255
01M539,"New Explorations into Science, Technology and Math High School",1,Staten Island,16,11.0,3743,2047.0,150,289,0.6875,156
01M539,"New Explorations into Science, Technology and Math High School",1,Unknown,61,37.0,3743,2047.0,150,289,0.6065573770491803,71
01M696,Bard High School Early College,1,Bronx,665,359.0,3946,2196.0,125,198,0.5398496240601504,195
01M696,Bard High School Early College,1,Brooklyn,1252,616.0,3946,2196.0,125,198,0.49201277955271566,202
01M696,Bard High School Early College,1,Manhattan,1174,679.0,3946,2196.0,125,198,0.5783645655877342,248
01M696,Bard High School Early College,1,Queens,688,397.0,3946,2196.0,125,198,0.5770348837209303,234
01M696,Bard High School Early College,1,Staten Island,14,9.0,3946,2196.0,125,198,0.6428571428571429,157
01M696,Bard High School Early College,1,Unknown,86,48.0,3946,2196.0,125,198,0.5581395348837209,73
02M047,47 The American Sign Language and English Secondary School,2,Bronx,101,23.0,318,55.0,69,6,0.22772277227722773,261
02M047,47 The American Sign Language and English Secondary School,2,Brooklyn,43,31.0,318,55.0,69,6,0.7209302325581395,171
02M047,47 The American Sign Language and English Secondary School,2,Manhattan,56,26.0,318,55.0,69,6,0.4642857142857143,273
02M047,47 The American Sign Language and English Secondary School,2,Queens,26,21.0,318,55.0,69,6,0.8076923076923077,209
02M047,47 The American Sign Language and English Secondary School,2,Staten Island,1,1.0,318,55.0,69,6,1.0,196
02M047,47 The American Sign Language and English Secondary School,2,Unknown,2,2.0,318,55.0,69,6,1.0,1
02M135,The Urban Assembly Early College High School for Emergency Medicine,2,Bronx,141,20.0,510,116.0,122,6,0.14184397163120568,345
02M135,The Urban Assembly Early College High School for Emergency Medicine,2,Brooklyn,111,31.0,510,116.0,122,6,0.27927927927927926,278
02M135,The Urban Assembly Early College High School for Emergency Medicine,2,Manhattan,108,33.0,510,116.0,122,6,0.3055555555555556,316
02M135,The Urban Assembly Early College High School for Emergency Medicine,2,Queens,44,23.0,510,116.0,122,6,0.5227272727272727,249
02M135,The Urban Assembly Early College High School for Emergency Medicine,2,Staten Island,4,4.0,510,116.0,122,6,1.0,1
02M135,The Urban Assembly Early College High School for Emergency Medicine,2,Unknown,2,2.0,510,116.0,122,6,1.0,1
02M139,Stephen T. Mather Building Arts & Craftsmanship High School,2,Bronx,89,23.0,432,88.0,108,6,0.25842696629213485,250
02M139,Stephen T. Mather Building Arts & Craftsmanship High School,2,Brooklyn,30,23.0,432,88.0,108,6,0.7666666666666667,165
02M139,Stephen T. Mather Building Arts & Craftsmanship High School,2,Manhattan,194,40.0,432,88.0,108,6,0.20618556701030927,346
02M139,Stephen T. Mather Building Arts & Craftsmanship High School,2,Queens,27,17.0,432,88.0,108,6,0.6296296296296297,224
02M139,Stephen T. Mather Building Arts & Craftsmanship High School,2,Staten Island,2,2.0,432,88.0,108,6,1.0,1
02M139,Stephen T. Mather Building Arts & Craftsmanship High School,2,Unknown,2,2.0,432,88.0,108,6,1.0,1
02M260,The Clinton School,2,Bronx,211,34.0,2837,1151.0,134,221,0.16113744075829384,324
02M260,The Clinton School,2,Brooklyn,722,252.0,2837,1151.0,134,221,0.3490304709141274,249
02M260,The Clinton School,2,Manhattan,1637,718.0,2837,1151.0,134,221,0.43860720830788025,279
02M260,The Clinton School,2,Queens,145,51.0,2837,1151.0,134,221,0.35172413793103446,301
02M260,The Clinton School,2,Staten Island,6,6.0,2837,1151.0,134,221,1.0,1
02M260,The Clinton School,2,Unknown,38,12.0,2837,1151.0,134,221,0.3157894736842105,109
02M280,Manhattan Early College School for Advertising,2,Bronx,154,29.0,572,88.0,112,6,0.18831168831168832,294
02M280,Manhattan Early College School for Advertising,2,Brooklyn,99,30.0,572,88.0,112,6,0.30303030303030304,268
02M280,Manhattan Early College School for Advertising,2,Manhattan,192,38.0,572,88.0,112,6,0.19791666666666666,348
02M280,Manhattan Early College School for Advertising,2,Queens,20,20.0,572,88.0,112,6,1.0,1
02M280,Manhattan Early College School for Advertising,2,Staten Island,5,5.0,572,88.0,112,6,1.0,1
02M280,Manhattan Early College School for Advertising,2,Unknown,7,2.0,572,88.0,112,6,0.2857142857142857,121
02M282,Urban Assembly Maker Academy,2,Bronx,158,28.0,1074,175.0,150,216,0.17721518987341772,312
02M282,Urban Assembly Maker Academy,2,Brooklyn,402,64.0,1074,175.0,150,216,0.15920398009950248,366
02M282,Urban Assembly Maker Academy,2,Manhattan,342,57.0,1074,175.0,150,216,0.16666666666666666,358
02M282,Urban Assembly Maker Academy,2,Queens,37,27.0,1074,175.0,150,216,0.7297297297297297,220
02M282,Urban Assembly Maker Academy,2,Staten Island,6,6.0,1074,175.0,150,216,1.0,1
02M282,Urban Assembly Maker Academy,2,Unknown,16,3.0,1074,175.0,150,216,0.1875,175
02M288,Food and Finance High School,2,Bronx,339,49.0,1225,264.0,150,211,0.14454277286135694,342
02M288,Food and Finance High School,2,Brooklyn,159,38.0,1225,264.0,150,211,0.2389937106918239,306
02M288,Food and Finance High School,2,Manhattan,417,62.0,1225,264.0,150,211,0.1486810551558753,369
02M288,Food and Finance High School,2,Queens,190,59.0,1225,264.0,150,211,0.3105263157894737,318
02M288,Food and Finance High School,2,Staten Island,2,2.0,1225,264.0,150,211,1.0,1
02M288,Food and Finance High School,2,Unknown,24,5.0,1225,264.0,150,211,0.20833333333333334,165
02M294,Essex Street Academy,2,Bronx,190,31.0,2478,562.0,90,125,0.1631578947368421,322
02M294,Essex Street Academy,2,Brooklyn,1139,279.0,2478,562.0,90,125,0.24495171202809482,300
02M294,Essex Street Academy,2,Manhattan,899,137.0,2478,562.0,90,125,0.15239154616240266,367
02M294,Essex Street Academy,2,Queens,117,36.0,2478,562.0,90,125,0.3076923076923077,319
02M294,Essex Street Academy,2,Staten Island,6,6.0,2478,562.0,90,125,1.0,1
02M294,Essex Street Academy,2,Unknown,38,9.0,2478,562.0,90,125,0.23684210526315788,150
02M296,High School of Hospitality Management,2,Bronx,42,19.0,269,35.0,135,6,0.4523809523809524,207
02M296,High School of Hospitality Management,2,Brooklyn,12,12.0,269,35.0,135,6,1.0,1
02M296,High School of Hospitality Management,2,Manhattan,81,19.0,269,35.0,135,6,0.2345679012345679,334
02M296,High School of Hospitality Management,2,Queens,63,15.0,269,35.0,135,6,0.23809523809523808,361
02M296,High School of Hospitality Management,2,Unknown,3,3.0,269,35.0,135,6,1.0,1
02M298,Pace High School,2,Bronx,227,30.0,1172,169.0,190,177,0.13215859030837004,366
02M298,Pace High School,2,Brooklyn,317,44.0,1172,169.0,190,177,0.138801261829653,383
02M298,Pace High School,2,Manhattan,425,47.0,1172,169.0,190,177,0.11058823529411765,377
02M298,Pace High School,2,Queens,81,30.0,1172,169.0,190,177,0.37037037037037035,293
02M298,Pace High School,2,Staten Island,7,7.0,1172,169.0,190,177,1.0,1
02M298,Pace High School,2,Unknown,13,4.0,1172,169.0,190,177,0.3076923076923077,113
02M300,"Urban Assembly School of Design and Construction, The",2,Bronx,58,21.0,346,43.0,108,6,0.3620689655172414,220
02M300,"Urban Assembly School of Design and Construction, The",2,Brooklyn,37,21.0,346,43.0,108,6,0.5675675675675675,191
02M300,"Urban Assembly School of Design and Construction, The",2,Manhattan,108,25.0,346,43.0,108,6,0.23148148148148148,337
02M300,"Urban Assembly School of Design and Construction, The",2,Queens,43,18.0,346,43.0,108,6,0.4186046511627907,271
02M300,"Urban Assembly School of Design and Construction, The",2,Staten Island,1,1.0,346,43.0,108,6,1.0,196
02M300,"Urban Assembly School of Design and Construction, The",2,Unknown,20,2.0,346,43.0,108,6,0.1,219
02M303,"Facing History School, The",2,Bronx,122,27.0,421,87.0,107,6,0.22131147540983606,266
02M303,"Facing History School, The",2,Brooklyn,16,16.0,421,87.0,107,6,1.0,1
02M303,"Facing History School, The",2,Manhattan,230,42.0,421,87.0,107,6,0.1826086956521739,356
02M303,"Facing History School, The",2,Queens,14,14.0,421,87.0,107,6,1.0,1
02M303,"Facing History School, The",2,Staten Island,2,2.0,421,87.0,107,6,1.0,1
02M303,"Facing History School, The",2,Unknown,2,2.0,421,87.0,107,6,1.0,1
02M305,"Urban Assembly Academy of Government and Law, The",2,Bronx,82,22.0,573,75.0,100,6,0.2682926829268293,246
02M305,"Urban Assembly Academy of Government and Law, The",2,Brooklyn,153,46.0,573,75.0,100,6,0.3006535947712418,270
02M305,"Urban Assembly Academy of Government and Law, The",2,Manhattan,165,35.0,573,75.0,100,6,0.21212121212121213,344
02M305,"Urban Assembly Academy of Government and Law, The",2,Queens,49,27.0,573,75.0,100,6,0.5510204081632653,241
02M305,"Urban Assembly Academy of Government and Law, The",2,Staten Island,4,4.0,573,75.0,100,6,1.0,1
02M305,"Urban Assembly Academy of Government and Law, The",2,Unknown,8,3.0,573,75.0,100,6,0.375,95
02M308,Lower Manhattan Arts Academy,2,Bronx,79,22.0,524,69.0,95,6,0.27848101265822783,242
02M308,Lower Manhattan Arts Academy,2,Brooklyn,106,32.0,524,69.0,95,6,0.3018867924528302,269
02M308,Lower Manhattan Arts Academy,2,Manhattan,189,44.0,524,69.0,95,6,0.2328042328042328,336
02M308,Lower Manhattan Arts Academy,2,Queens,31,26.0,524,69.0,95,6,0.8387096774193549,206
02M308,Lower Manhattan Arts Academy,2,Staten Island,4,4.0,524,69.0,95,6,1.0,1
02M308,Lower Manhattan Arts Academy,2,Unknown,10,2.0,524,69.0,95,6,0.2,169
02M313,"James Baldwin School, The: A School for Expeditionary Learning",2,Bronx,10,10.0,71,14.0,25,6,1.0,1
02M313,"James Baldwin School, The: A School for Expeditionary Learning",2,Brooklyn,16,16.0,71,14.0,25,6,1.0,1
02M313,"James Baldwin School, The: A School for Expeditionary Learning",2,Manhattan,18,18.0,71,14.0,25,6,1.0,1
02M313,"James Baldwin School, The: A School for Expeditionary Learning",2,Queens,2,2.0,71,14.0,25,6,1.0,1
02M313,"James Baldwin School, The: A School for Expeditionary Learning",2,Staten Island,1,1.0,71,14.0,25,6,1.0,196
02M313,"James Baldwin School, The: A School for Expeditionary Learning",2,Unknown,1,1.0,71,14.0,25,6,1.0,263
02M316,"Urban Assembly School of Business for Young Women, the",2,Bronx,22,17.0,165,17.0,120,6,0.7727272727272727,173
02M316,"Urban Assembly School of Business for Young Women, the",2,Brooklyn,26,20.0,165,17.0,120,6,0.7692307692307693,163
02M316,"Urban Assembly School of Business for Young Women, the",2,Manhattan,41,22.0,165,17.0,120,6,0.5365853658536586,257
02M316,"Urban Assembly School of Business for Young Women, the",2,Queens,7,7.0,165,17.0,120,6,1.0,1
02M316,"Urban Assembly School of Business for Young Women, the",2,Staten Island,3,3.0,165,17.0,120,6,1.0,1
02M316,"Urban Assembly School of Business for Young Women, the",2,Unknown,1,1.0,165,17.0,120,6,1.0,263
02M374,Gramercy Arts High School,2,Bronx,228,25.0,1038,129.0,204,78,0.10964912280701754,381
02M374,Gramercy Arts High School,2,Brooklyn,293,50.0,1038,129.0,204,78,0.17064846416382254,352
02M374,Gramercy Arts High School,2,Manhattan,226,43.0,1038,129.0,204,78,0.1902654867256637,351
02M374,Gramercy Arts High School,2,Queens,124,42.0,1038,129.0,204,78,0.3387096774193548,308
02M374,Gramercy Arts High School,2,Staten Island,7,7.0,1038,129.0,204,78,1.0,1
02M374,Gramercy Arts High School,2,Unknown,24,3.0,1038,129.0,204,78,0.125,208
02M376,NYC iSchool,2,Bronx,286,77.0,2459,931.0,118,158,0.2692307692307692,245
02M376,NYC iSchool,2,Brooklyn,804,280.0,2459,931.0,118,158,0.3482587064676617,250
02M376,NYC iSchool,2,Manhattan,1047,366.0,2459,931.0,118,158,0.3495702005730659,301
02M376,NYC iSchool,2,Queens,179,65.0,2459,931.0,118,158,0.36312849162011174,297
02M376,NYC iSchool,2,Staten Island,7,7.0,2459,931.0,118,158,1.0,1
02M376,NYC iSchool,2,Unknown,59,19.0,2459,931.0,118,158,0.3220338983050847,108
02M392,Manhattan Business Academy,2,Bronx,327,29.0,1321,191.0,161,6,0.08868501529051988,397
02M392,Manhattan Business Academy,2,Brooklyn,131,36.0,1321,191.0,161,6,0.2748091603053435,280
02M392,Manhattan Business Academy,2,Manhattan,572,83.0,1321,191.0,161,6,0.1451048951048951,370
02M392,Manhattan Business Academy,2,Queens,121,33.0,1321,191.0,161,6,0.2727272727272727,338
02M392,Manhattan Business Academy,2,Staten Island,8,8.0,1321,191.0,161,6,1.0,1
02M392,Manhattan Business Academy,2,Unknown,57,4.0,1321,191.0,161,6,0.07017543859649122,237
02M393,Business Of Sports School,2,Bronx,375,55.0,1151,248.0,129,210,0.14666666666666667,340
02M393,Business Of Sports School,2,Brooklyn,111,38.0,1151,248.0,129,210,0.34234234234234234,251
02M393,Business Of Sports School,2,Manhattan,438,73.0,1151,248.0,129,210,0.16666666666666666,358
02M393,Business Of Sports School,2,Queens,121,41.0,1151,248.0,129,210,0.33884297520661155,307
02M393,Business Of Sports School,2,Staten Island,3,3.0,1151,248.0,129,210,1.0,1
02M393,Business Of Sports School,2,Unknown,15,3.0,1151,248.0,129,210,0.2,169
02M394,Emma Lazarus High School,2,Bronx,7,7.0,134,19.0,60,1,1.0,1
02M394,Emma Lazarus High School,2,Brooklyn,26,20.0,134,19.0,60,1,0.7692307692307693,163
02M394,Emma Lazarus High School,2,Manhattan,61,21.0,134,19.0,60,1,0.3442622950819672,302
02M394,Emma Lazarus High School,2,Queens,7,7.0,134,19.0,60,1,1.0,1
02M394,Emma Lazarus High School,2,Unknown,2,2.0,134,19.0,60,1,1.0,1
02M395,A School Without Walls,2,Bronx,14,14.0,178,36.0,100,6,1.0,1
02M395,A School Without Walls,2,Brooklyn,45,29.0,178,36.0,100,6,0.6444444444444445,182
02M395,A School Without Walls,2,Manhattan,23,23.0,178,36.0,100,6,1.0,1
02M395,A School Without Walls,2,Queens,18,18.0,178,36.0,100,6,1.0,1
02M395,A School Without Walls,2,Staten Island,6,6.0,178,36.0,100,6,1.0,1
02M395,A School Without Walls,2,Unknown,2,2.0,178,36.0,100,6,1.0,1
02M399,The High School For Language And Diplomacy,2,Bronx,31,20.0,385,36.0,134,6,0.6451612903225806,186
02M399,The High School For Language And Diplomacy,2,Brooklyn,80,32.0,385,36.0,134,6,0.4,229
02M399,The High School For Language And Diplomacy,2,Manhattan,119,36.0,385,36.0,134,6,0.3025210084033613,318
02M399,The High School For Language And Diplomacy,2,Queens,23,23.0,385,36.0,134,6,1.0,1
02M399,The High School For Language And Diplomacy,2,Staten Island,3,3.0,385,36.0,134,6,1.0,1
02M399,The High School For Language And Diplomacy,2,Unknown,9,3.0,385,36.0,134,6,0.3333333333333333,101
02M400,High School for Environmental Studies,2,Bronx,513,71.0,2558,395.0,344,385,0.13840155945419103,350
02M400,High School for Environmental Studies,2,Brooklyn,365,55.0,2558,395.0,344,385,0.1506849315068493,377
02M400,High School for Environmental Studies,2,Manhattan,1339,193.0,2558,395.0,344,385,0.1441374159820762,371
02M400,High School for Environmental Studies,2,Queens,198,38.0,2558,395.0,344,385,0.1919191919191919,389
02M400,High School for Environmental Studies,2,Staten Island,5,5.0,2558,395.0,344,385,1.0,1
02M400,High School for Environmental Studies,2,Unknown,62,8.0,2558,395.0,344,385,0.12903225806451613,205
02M407,Institute for Collaborative Education,2,Bronx,46,24.0,836,263.0,61,73,0.5217391304347826,201
02M407,Institute for Collaborative Education,2,Brooklyn,261,92.0,836,263.0,61,73,0.3524904214559387,247
02M407,Institute for Collaborative Education,2,Manhattan,375,81.0,836,263.0,61,73,0.216,341
02M407,Institute for Collaborative Education,2,Queens,63,37.0,836,263.0,61,73,0.5873015873015873,230
02M407,Institute for Collaborative Education,2,Staten Island,5,5.0,836,263.0,61,73,1.0,1
02M407,Institute for Collaborative Education,2,Unknown,21,8.0,836,263.0,61,73,0.38095238095238093,94
02M408,Professional Performing Arts High School,2,Bronx,199,37.0,1255,378.0,128,180,0.18592964824120603,298
02M408,Professional Performing Arts High School,2,Brooklyn,357,48.0,1255,378.0,128,180,0.13445378151260504,385
02M408,Professional Performing Arts High School,2,Manhattan,338,86.0,1255,378.0,128,180,0.25443786982248523,328
02M408,Professional Performing Arts High School,2,Queens,188,54.0,1255,378.0,128,180,0.2872340425531915,333
02M408,Professional Performing Arts High School,2,Staten Island,12,12.0,1255,378.0,128,180,1.0,1
02M408,Professional Performing Arts High School,2,Unknown,22,2.0,1255,378.0,128,180,0.09090909090909091,228
02M411,Baruch College Campus High School,2,Bronx,1315,537.0,6773,2753.0,118,188,0.40836501901140687,215
02M411,Baruch College Campus High School,2,Brooklyn,1554,549.0,6773,2753.0,118,188,0.3532818532818533,246
02M411,Baruch College Campus High School,2,Manhattan,2493,1083.0,6773,2753.0,118,188,0.43441636582430804,280
02M411,Baruch College Campus High School,2,Queens,1211,449.0,6773,2753.0,118,188,0.3707679603633361,292
02M411,Baruch College Campus High School,2,Staten Island,27,10.0,6773,2753.0,118,188,0.37037037037037035,173
02M411,Baruch College Campus High School,2,Unknown,127,62.0,6773,2753.0,118,188,0.4881889763779528,80
02M412,N.Y.C. Lab School for Collaborative Studies,2,Bronx,348,72.0,3134,1067.0,109,161,0.20689655172413793,273
02M412,N.Y.C. Lab School for Collaborative Studies,2,Brooklyn,726,173.0,3134,1067.0,109,161,0.23829201101928374,307
02M412,N.Y.C. Lab School for Collaborative Studies,2,Manhattan,1704,617.0,3134,1067.0,109,161,0.36208920187793425,293
02M412,N.Y.C. Lab School for Collaborative Studies,2,Queens,231,64.0,3134,1067.0,109,161,0.27705627705627706,335
02M412,N.Y.C. Lab School for Collaborative Studies,2,Staten Island,12,7.0,3134,1067.0,109,161,0.5833333333333334,160
02M412,N.Y.C. Lab School for Collaborative Studies,2,Unknown,49,12.0,3134,1067.0,109,161,0.24489795918367346,148
02M413,School of the Future High School,2,Bronx,190,42.0,1741,485.0,108,152,0.22105263157894736,267
02M413,School of the Future High School,2,Brooklyn,372,87.0,1741,485.0,108,152,0.23387096774193547,311
02M413,School of the Future High School,2,Manhattan,939,276.0,1741,485.0,108,152,0.2939297124600639,320
02M413,School of the Future High School,2,Queens,127,44.0,1741,485.0,108,152,0.3464566929133858,303
02M413,School of the Future High School,2,Staten Island,4,4.0,1741,485.0,108,152,1.0,1
02M413,School of the Future High School,2,Unknown,27,4.0,1741,485.0,108,152,0.14814814814814814,193
02M414,N.Y.C. Museum School,2,Bronx,354,55.0,3022,865.0,150,254,0.1553672316384181,330
02M414,N.Y.C. Museum School,2,Brooklyn,782,179.0,3022,865.0,150,254,0.2289002557544757,317
02M414,N.Y.C. Museum School,2,Manhattan,1559,461.0,3022,865.0,150,254,0.29570237331622834,319
02M414,N.Y.C. Museum School,2,Queens,200,54.0,3022,865.0,150,254,0.27,339
02M414,N.Y.C. Museum School,2,Staten Island,3,3.0,3022,865.0,150,254,1.0,1
02M414,N.Y.C. Museum School,2,Unknown,64,16.0,3022,865.0,150,254,0.25,135
02M416,Eleanor Roosevelt High School,2,Bronx,1696,735.0,7699,3749.0,136,224,0.43337264150943394,209
02M416,Eleanor Roosevelt High School,2,Brooklyn,1315,488.0,7699,3749.0,136,224,0.37110266159695815,236
02M416,Eleanor Roosevelt High School,2,Manhattan,2653,1537.0,7699,3749.0,136,224,0.5793441387108933,247
02M416,Eleanor Roosevelt High School,2,Queens,1831,864.0,7699,3749.0,136,224,0.4718732932823594,259
02M416,Eleanor Roosevelt High School,2,Staten Island,19,8.0,7699,3749.0,136,224,0.42105263157894735,169
02M416,Eleanor Roosevelt High School,2,Unknown,147,60.0,7699,3749.0,136,224,0.40816326530612246,87
02M418,Millennium High School,2,Bronx,677,209.0,5541,2290.0,176,286,0.3087149187592319,233
02M418,Millennium High School,2,Brooklyn,2077,860.0,5541,2290.0,176,286,0.41405873856523834,222
02M418,Millennium High School,2,Manhattan,1977,881.0,5541,2290.0,176,286,0.4456246838644411,277
02M418,Millennium High School,2,Queens,603,205.0,5541,2290.0,176,286,0.33996683250414594,306
02M418,Millennium High School,2,Staten Island,74,22.0,5541,2290.0,176,286,0.2972972972972973,179
02M418,Millennium High School,2,Unknown,87,42.0,5541,2290.0,176,286,0.4827586206896552,81
02M419,Landmark High School,2,Bronx,85,22.0,457,37.0,100,6,0.25882352941176473,249
02M419,Landmark High School,2,Brooklyn,36,24.0,457,37.0,100,6,0.6666666666666666,174
02M419,Landmark High School,2,Manhattan,222,35.0,457,37.0,100,6,0.15765765765765766,364
02M419,Landmark High School,2,Queens,15,15.0,457,37.0,100,6,1.0,1
02M419,Landmark High School,2,Unknown,8,2.0,457,37.0,100,6,0.25,135
02M420,High School for Health Professions and Human Services,2,Bronx,695,145.0,2991,776.0,477,590,0.20863309352517986,271
02M420,High School for Health Professions and Human Services,2,Brooklyn,771,167.0,2991,776.0,477,590,0.21660181582360571,323
02M420,High School for Health Professions and Human Services,2,Manhattan,683,113.0,2991,776.0,477,590,0.16544655929721816,360
02M420,High School for Health Professions and Human Services,2,Queens,632,191.0,2991,776.0,477,590,0.3022151898734177,324
02M420,High School for Health Professions and Human Services,2,Staten Island,5,5.0,2991,776.0,477,590,1.0,1
02M420,High School for Health Professions and Human Services,2,Unknown,121,38.0,2991,776.0,477,590,0.3140495867768595,111
02M422,Quest to Learn,2,Bronx,19,19.0,177,27.0,108,41,1.0,1
02M422,Quest to Learn,2,Brooklyn,29,29.0,177,27.0,108,41,1.0,1
02M422,Quest to Learn,2,Manhattan,63,38.0,177,27.0,108,41,0.6031746031746031,244
02M422,Quest to Learn,2,Queens,23,23.0,177,27.0,108,41,1.0,1
02M422,Quest to Learn,2,Staten Island,5,5.0,177,27.0,108,41,1.0,1
02M422,Quest to Learn,2,Unknown,2,2.0,177,27.0,108,41,1.0,1
02M425,Leadership and Public Service High School,2,Bronx,73,21.0,387,36.0,145,52,0.2876712328767123,240
02M425,Leadership and Public Service High School,2,Brooklyn,101,30.0,387,36.0,145,52,0.297029702970297,273
02M425,Leadership and Public Service High School,2,Manhattan,83,31.0,387,36.0,145,52,0.37349397590361444,289
02M425,Leadership and Public Service High School,2,Queens,19,19.0,387,36.0,145,52,1.0,1
02M425,Leadership and Public Service High School,2,Staten Island,6,6.0,387,36.0,145,52,1.0,1
02M425,Leadership and Public Service High School,2,Unknown,1,1.0,387,36.0,145,52,1.0,263
02M427,Manhattan Academy For Arts & Language,2,Bronx,61,21.0,389,72.0,108,49,0.3442622950819672,223
02M427,Manhattan Academy For Arts & Language,2,Brooklyn,22,22.0,389,72.0,108,49,1.0,1
02M427,Manhattan Academy For Arts & Language,2,Manhattan,160,55.0,389,72.0,108,49,0.34375,303
02M427,Manhattan Academy For Arts & Language,2,Queens,45,22.0,389,72.0,108,49,0.4888888888888889,257
02M427,Manhattan Academy For Arts & Language,2,Staten Island,1,1.0,389,72.0,108,49,1.0,196
02M427,Manhattan Academy For Arts & Language,2,Unknown,2,2.0,389,72.0,108,49,1.0,1
02M432,Murray Hill Academy,2,Bronx,112,23.0,558,76.0,90,6,0.20535714285714285,274
02M432,Murray Hill Academy,2,Brooklyn,46,34.0,558,76.0,90,6,0.7391304347826086,170
02M432,Murray Hill Academy,2,Manhattan,194,38.0,558,76.0,90,6,0.1958762886597938,349
02M432,Murray Hill Academy,2,Queens,53,28.0,558,76.0,90,6,0.5283018867924528,246
02M432,Murray Hill Academy,2,Staten Island,1,1.0,558,76.0,90,6,1.0,196
02M432,Murray Hill Academy,2,Unknown,3,3.0,558,76.0,90,6,1.0,1
02M437,Hudson High School of Learning Technologies,2,Bronx,31,19.0,353,48.0,119,6,0.6129032258064516,193
02M437,Hudson High School of Learning Technologies,2,Brooklyn,25,19.0,353,48.0,119,6,0.76,167
02M437,Hudson High School of Learning Technologies,2,Manhattan,199,32.0,353,48.0,119,6,0.16080402010050251,363
02M437,Hudson High School of Learning Technologies,2,Queens,9,9.0,353,48.0,119,6,1.0,1
02M437,Hudson High School of Learning Technologies,2,Staten Island,2,2.0,353,48.0,119,6,1.0,1
02M437,Hudson High School of Learning Technologies,2,Unknown,14,3.0,353,48.0,119,6,0.21428571428571427,162
02M438,International High School at Union Square,2,Bronx,37,18.0,501,103.0,68,75,0.4864864864864865,203
02M438,International High School at Union Square,2,Brooklyn,100,22.0,501,103.0,68,75,0.22,322
02M438,International High School at Union Square,2,Manhattan,194,53.0,501,103.0,68,75,0.27319587628865977,323
02M438,International High School at Union Square,2,Queens,66,21.0,501,103.0,68,75,0.3181818181818182,314
02M438,International High School at Union Square,2,Unknown,29,2.0,501,103.0,68,75,0.06896551724137931,238
02M439,Manhattan Village Academy,2,Bronx,791,237.0,3002,860.0,100,201,0.2996207332490518,238
02M439,Manhattan Village Academy,2,Brooklyn,452,92.0,3002,860.0,100,201,0.20353982300884957,329
02M439,Manhattan Village Academy,2,Manhattan,1319,346.0,3002,860.0,100,201,0.2623199393479909,327
02M439,Manhattan Village Academy,2,Queens,295,68.0,3002,860.0,100,201,0.2305084745762712,367
02M439,Manhattan Village Academy,2,Staten Island,6,6.0,3002,860.0,100,201,1.0,1
02M439,Manhattan Village Academy,2,Unknown,77,27.0,3002,860.0,100,201,0.35064935064935066,98
02M449,Vanguard High School,2,Bronx,220,28.0,701,134.0,110,158,0.12727272727272726,374
02M449,Vanguard High School,2,Brooklyn,25,20.0,701,134.0,110,158,0.8,161
02M449,Vanguard High School,2,Manhattan,334,63.0,701,134.0,110,158,0.18862275449101795,353
02M449,Vanguard High School,2,Queens,62,25.0,701,134.0,110,158,0.4032258064516129,279
02M449,Vanguard High School,2,Staten Island,1,1.0,701,134.0,110,158,1.0,196
02M449,Vanguard High School,2,Unknown,2,2.0,701,134.0,110,158,1.0,1
02M459,Manhattan International High School,2,Bronx,176,22.0,738,151.0,85,73,0.125,376
02M459,Manhattan International High School,2,Brooklyn,24,24.0,738,151.0,85,73,1.0,1
02M459,Manhattan International High School,2,Manhattan,262,56.0,738,151.0,85,73,0.21374045801526717,342
02M459,Manhattan International High School,2,Queens,169,44.0,738,151.0,85,73,0.2603550295857988,349
02M459,Manhattan International High School,2,Staten Island,1,1.0,738,151.0,85,73,1.0,196
02M459,Manhattan International High School,2,Unknown,11,2.0,738,151.0,85,73,0.18181818181818182,178
02M475,Stuyvesant High School,2,Bronx,3196,0.0,18574,,672,744,0.0,406
02M475,Stuyvesant High School,2,Brooklyn,6205,0.0,18574,,672,744,0.0,411
02M475,Stuyvesant High School,2,Manhattan,2641,0.0,18574,,672,744,0.0,386
02M475,Stuyvesant High School,2,Queens,5503,0.0,18574,,672,744,0.0,397
02M475,Stuyvesant High School,2,Staten Island,720,0.0,18574,,672,744,0.0,187
02M475,Stuyvesant High School,2,Unknown,309,0.0,18574,,672,744,0.0,254
02M489,High School of Economics and Finance,2,Bronx,313,34.0,1374,223.0,230,6,0.10862619808306709,383
02M489,High School of Economics and Finance,2,Brooklyn,311,38.0,1374,223.0,230,6,0.12218649517684887,396
02M489,High School of Economics and Finance,2,Manhattan,463,51.0,1374,223.0,230,6,0.1101511879049676,379
02M489,High School of Economics and Finance,2,Queens,142,37.0,1374,223.0,230,6,0.2605633802816901,348
02M489,High School of Economics and Finance,2,Staten Island,14,8.0,1374,223.0,230,6,0.5714285714285714,162
02M489,High School of Economics and Finance,2,Unknown,39,2.0,1374,223.0,230,6,0.05128205128205128,239
02M500,Unity Center for Urban Technologies,2,Bronx,64,19.0,274,48.0,95,136,0.296875,239
02M500,Unity Center for Urban Technologies,2,Brooklyn,12,12.0,274,48.0,95,136,1.0,1
02M500,Unity Center for Urban Technologies,2,Manhattan,97,31.0,274,48.0,95,136,0.31958762886597936,312
02M500,Unity Center for Urban Technologies,2,Queens,17,17.0,274,48.0,95,136,1.0,1
02M500,Unity Center for Urban Technologies,2,Unknown,3,3.0,274,48.0,95,136,1.0,1
02M507,Urban Assembly Gateway School for Technology,2,Bronx,279,51.0,1299,278.0,108,146,0.1827956989247312,303
02M507,Urban Assembly Gateway School for Technology,2,Brooklyn,69,33.0,1299,278.0,108,146,0.4782608695652174,208
02M507,Urban Assembly Gateway School for Technology,2,Manhattan,739,157.0,1299,278.0,108,146,0.2124492557510149,343
02M507,Urban Assembly Gateway School for Technology,2,Queens,71,30.0,1299,278.0,108,146,0.4225352112676056,267
02M507,Urban Assembly Gateway School for Technology,2,Staten Island,2,2.0,1299,278.0,108,146,1.0,1
02M507,Urban Assembly Gateway School for Technology,2,Unknown,33,5.0,1299,278.0,108,146,0.15151515151515152,192
02M519,Talent Unlimited High School,2,Bronx,365,91.0,1599,468.0,152,213,0.2493150684931507,252
02M519,Talent Unlimited High School,2,Brooklyn,357,46.0,1599,468.0,152,213,0.12885154061624648,391
02M519,Talent Unlimited High School,2,Manhattan,406,129.0,1599,468.0,152,213,0.31773399014778325,315
02M519,Talent Unlimited High School,2,Queens,321,79.0,1599,468.0,152,213,0.24610591900311526,355
02M519,Talent Unlimited High School,2,Staten Island,8,8.0,1599,468.0,152,213,1.0,1
02M519,Talent Unlimited High School,2,Unknown,42,11.0,1599,468.0,152,213,0.2619047619047619,132
02M520,Murry Bergtraum High School for Business Careers,2,Bronx,16,16.0,222,38.0,240,6,1.0,1
02M520,Murry Bergtraum High School for Business Careers,2,Brooklyn,62,35.0,222,38.0,240,6,0.5645161290322581,193
02M520,Murry Bergtraum High School for Business Careers,2,Manhattan,44,20.0,222,38.0,240,6,0.45454545454545453,276
02M520,Murry Bergtraum High School for Business Careers,2,Queens,14,14.0,222,38.0,240,6,1.0,1
02M520,Murry Bergtraum High School for Business Careers,2,Staten Island,4,4.0,222,38.0,240,6,1.0,1
02M520,Murry Bergtraum High School for Business Careers,2,Unknown,6,1.0,222,38.0,240,6,0.16666666666666666,182
02M529,Jacqueline Kennedy Onassis High School,2,Bronx,135,23.0,534,81.0,204,6,0.17037037037037037,317
02M529,Jacqueline Kennedy Onassis High School,2,Brooklyn,45,21.0,534,81.0,204,6,0.4666666666666667,210
02M529,Jacqueline Kennedy Onassis High School,2,Manhattan,180,38.0,534,81.0,204,6,0.2111111111111111,345
02M529,Jacqueline Kennedy Onassis High School,2,Queens,83,27.0,534,81.0,204,6,0.3253012048192771,310
02M529,Jacqueline Kennedy Onassis High School,2,Staten Island,3,3.0,534,81.0,204,6,1.0,1
02M529,Jacqueline Kennedy Onassis High School,2,Unknown,8,2.0,534,81.0,204,6,0.25,135
02M531,Repertory Company High School for Theatre Arts,2,Bronx,66,21.0,365,100.0,60,68,0.3181818181818182,231
02M531,Repertory Company High School for Theatre Arts,2,Brooklyn,54,32.0,365,100.0,60,68,0.5925925925925926,187
02M531,Repertory Company High School for Theatre Arts,2,Manhattan,83,31.0,365,100.0,60,68,0.37349397590361444,289
02M531,Repertory Company High School for Theatre Arts,2,Queens,31,31.0,365,100.0,60,68,1.0,1
02M531,Repertory Company High School for Theatre Arts,2,Staten Island,1,1.0,365,100.0,60,68,1.0,196
02M531,Repertory Company High School for Theatre Arts,2,Unknown,7,2.0,365,100.0,60,68,0.2857142857142857,121
02M533,Union Square Academy for Health Sciences,2,Bronx,212,30.0,834,154.0,163,143,0.14150943396226415,346
02M533,Union Square Academy for Health Sciences,2,Brooklyn,197,34.0,834,154.0,163,143,0.17258883248730963,349
02M533,Union Square Academy for Health Sciences,2,Manhattan,147,33.0,834,154.0,163,143,0.22448979591836735,340
02M533,Union Square Academy for Health Sciences,2,Queens,147,38.0,834,154.0,163,143,0.2585034013605442,352
02M533,Union Square Academy for Health Sciences,2,Staten Island,3,3.0,834,154.0,163,143,1.0,1
02M533,Union Square Academy for Health Sciences,2,Unknown,30,3.0,834,154.0,163,143,0.1,219
02M534,Harvest Collegiate High School,2,Bronx,147,23.0,1116,115.0,116,6,0.1564625850340136,329
02M534,Harvest Collegiate High School,2,Brooklyn,189,39.0,1116,115.0,116,6,0.20634920634920634,328
02M534,Harvest Collegiate High School,2,Manhattan,598,50.0,1116,115.0,116,6,0.08361204013377926,385
02M534,Harvest Collegiate High School,2,Queens,51,27.0,1116,115.0,116,6,0.5294117647058824,245
02M534,Harvest Collegiate High School,2,Staten Island,5,5.0,1116,115.0,116,6,1.0,1
02M534,Harvest Collegiate High School,2,Unknown,27,2.0,1116,115.0,116,6,0.07407407407407407,236
02M542,Manhattan Bridges High School,2,Bronx,205,50.0,904,224.0,172,95,0.24390243902439024,253
02M542,Manhattan Bridges High School,2,Brooklyn,37,20.0,904,224.0,172,95,0.5405405405405406,195
02M542,Manhattan Bridges High School,2,Manhattan,351,81.0,904,224.0,172,95,0.23076923076923078,338
02M542,Manhattan Bridges High School,2,Queens,193,53.0,904,224.0,172,95,0.27461139896373055,337
02M542,Manhattan Bridges High School,2,Staten Island,1,1.0,904,224.0,172,95,1.0,196
02M542,Manhattan Bridges High School,2,Unknown,59,13.0,904,224.0,172,95,0.22033898305084745,159
02M543,New Design High School,2,Bronx,170,32.0,852,157.0,125,145,0.18823529411764706,295
02M543,New Design High School,2,Brooklyn,185,40.0,852,157.0,125,145,0.21621621621621623,324
02M543,New Design High School,2,Manhattan,325,60.0,852,157.0,125,145,0.18461538461538463,355
02M543,New Design High School,2,Queens,57,30.0,852,157.0,125,145,0.5263157894736842,247
02M543,New Design High School,2,Staten Island,4,4.0,852,157.0,125,145,1.0,1
02M543,New Design High School,2,Unknown,9,2.0,852,157.0,125,145,0.2222222222222222,154
02M545,High School for Dual Language and Asian Studies,2,Bronx,17,11.0,769,299.0,108,150,0.6470588235294118,184
02M545,High School for Dual Language and Asian Studies,2,Brooklyn,210,96.0,769,299.0,108,150,0.45714285714285713,211
02M545,High School for Dual Language and Asian Studies,2,Manhattan,281,111.0,769,299.0,108,150,0.39501779359430605,287
02M545,High School for Dual Language and Asian Studies,2,Queens,118,46.0,769,299.0,108,150,0.3898305084745763,284
02M545,High School for Dual Language and Asian Studies,2,Staten Island,6,6.0,769,299.0,108,150,1.0,1
02M545,High School for Dual Language and Asian Studies,2,Unknown,10,4.0,769,299.0,108,150,0.4,89
02M546,Academy for Software Engineering,2,Bronx,603,114.0,1992,388.0,125,201,0.1890547263681592,292
02M546,Academy for Software Engineering,2,Brooklyn,434,57.0,1992,388.0,125,201,0.1313364055299539,388
02M546,Academy for Software Engineering,2,Manhattan,513,64.0,1992,388.0,125,201,0.12475633528265107,375
02M546,Academy for Software Engineering,2,Queens,288,66.0,1992,388.0,125,201,0.22916666666666666,368
02M546,Academy for Software Engineering,2,Staten Island,12,7.0,1992,388.0,125,201,0.5833333333333334,160
02M546,Academy for Software Engineering,2,Unknown,53,11.0,1992,388.0,125,201,0.20754716981132076,166
02M550,Liberty High School Academy for Newcomers,2,Bronx,5,5.0,99,16.0,50,6,1.0,1
02M550,Liberty High School Academy for Newcomers,2,Brooklyn,19,13.0,99,16.0,50,6,0.6842105263157895,173
02M550,Liberty High School Academy for Newcomers,2,Manhattan,39,24.0,99,16.0,50,6,0.6153846153846154,241
02M550,Liberty High School Academy for Newcomers,2,Queens,8,8.0,99,16.0,50,6,1.0,1
02M550,Liberty High School Academy for Newcomers,2,Unknown,2,2.0,99,16.0,50,6,1.0,1
02M551,Urban Assembly New York Harbor School,2,Bronx,23,18.0,724,221.0,200,6,0.782608695652174,171
02M551,Urban Assembly New York Harbor School,2,Brooklyn,310,79.0,724,221.0,200,6,0.25483870967741934,291
02M551,Urban Assembly New York Harbor School,2,Manhattan,193,45.0,724,221.0,200,6,0.23316062176165803,335
02M551,Urban Assembly New York Harbor School,2,Queens,42,26.0,724,221.0,200,6,0.6190476190476191,227
02M551,Urban Assembly New York Harbor School,2,Staten Island,23,8.0,724,221.0,200,6,0.34782608695652173,176
02M551,Urban Assembly New York Harbor School,2,Unknown,3,3.0,724,221.0,200,6,1.0,1
02M580,Richard R. Green High School of Teaching,2,Bronx,31,20.0,1291,154.0,160,6,0.6451612903225806,186
02M580,Richard R. Green High School of Teaching,2,Brooklyn,637,77.0,1291,154.0,160,6,0.12087912087912088,398
02M580,Richard R. Green High School of Teaching,2,Manhattan,436,44.0,1291,154.0,160,6,0.10091743119266056,382
02M580,Richard R. Green High School of Teaching,2,Queens,58,24.0,1291,154.0,160,6,0.41379310344827586,274
02M580,Richard R. Green High School of Teaching,2,Staten Island,7,7.0,1291,154.0,160,6,1.0,1
02M580,Richard R. Green High School of Teaching,2,Unknown,4,4.0,1291,154.0,160,6,1.0,1
02M586,Harvey Milk High School,2,Bronx,7,7.0,40,1.0,45,1,1.0,1
02M586,Harvey Milk High School,2,Brooklyn,5,5.0,40,1.0,45,1,1.0,1
02M586,Harvey Milk High School,2,Manhattan,11,11.0,40,1.0,45,1,1.0,1
02M586,Harvey Milk High School,2,Queens,6,6.0,40,1.0,45,1,1.0,1
02M586,Harvey Milk High School,2,Unknown,1,1.0,40,1.0,45,1,1.0,263
02M600,The High School of Fashion Industries,2,Bronx,585,205.0,2046,720.0,475,395,0.3504273504273504,222
02M600,The High School of Fashion Industries,2,Brooklyn,500,117.0,2046,720.0,475,395,0.234,310
02M600,The High School of Fashion Industries,2,Manhattan,451,179.0,2046,720.0,475,395,0.3968957871396896,285
02M600,The High School of Fashion Industries,2,Queens,340,108.0,2046,720.0,475,395,0.3176470588235294,315
02M600,The High School of Fashion Industries,2,Staten Island,10,10.0,2046,720.0,475,395,1.0,1
02M600,The High School of Fashion Industries,2,Unknown,57,24.0,2046,720.0,475,395,0.42105263157894735,86
02M605,Humanities Preparatory Academy,2,Bronx,134,24.0,861,101.0,75,6,0.1791044776119403,309
02M605,Humanities Preparatory Academy,2,Brooklyn,117,31.0,861,101.0,75,6,0.26495726495726496,285
02M605,Humanities Preparatory Academy,2,Manhattan,417,44.0,861,101.0,75,6,0.10551558752997602,380
02M605,Humanities Preparatory Academy,2,Queens,38,22.0,861,101.0,75,6,0.5789473684210527,233
02M605,Humanities Preparatory Academy,2,Staten Island,3,3.0,861,101.0,75,6,1.0,1
02M605,Humanities Preparatory Academy,2,Unknown,36,3.0,861,101.0,75,6,0.08333333333333333,229
02M615,Chelsea Career and Technical Education High School,2,Bronx,186,24.0,821,118.0,152,6,0.12903225806451613,372
02M615,Chelsea Career and Technical Education High School,2,Brooklyn,116,33.0,821,118.0,152,6,0.28448275862068967,275
02M615,Chelsea Career and Technical Education High School,2,Manhattan,342,52.0,821,118.0,152,6,0.15204678362573099,368
02M615,Chelsea Career and Technical Education High School,2,Queens,58,29.0,821,118.0,152,6,0.5,256
02M615,Chelsea Career and Technical Education High School,2,Staten Island,5,5.0,821,118.0,152,6,1.0,1
02M615,Chelsea Career and Technical Education High School,2,Unknown,29,3.0,821,118.0,152,6,0.10344827586206896,218
02M630,Art and Design High School,2,Bronx,809,286.0,3594,1359.0,385,523,0.3535228677379481,221
02M630,Art and Design High School,2,Brooklyn,1089,353.0,3594,1359.0,385,523,0.3241505968778696,260
02M630,Art and Design High School,2,Manhattan,722,260.0,3594,1359.0,385,523,0.3601108033240997,294
02M630,Art and Design High School,2,Queens,778,294.0,3594,1359.0,385,523,0.37789203084832906,291
02M630,Art and Design High School,2,Staten Island,27,11.0,3594,1359.0,385,523,0.4074074074074074,170
02M630,Art and Design High School,2,Unknown,73,23.0,3594,1359.0,385,523,0.3150684931506849,110
02M655,The High School for Climate Justice,2,Bronx,64,17.0,298,60.0,152,105,0.265625,247
02M655,The High School for Climate Justice,2,Brooklyn,4,4.0,298,60.0,152,105,1.0,1
02M655,The High School for Climate Justice,2,Manhattan,165,55.0,298,60.0,152,105,0.3333333333333333,307
02M655,The High School for Climate Justice,2,Queens,6,6.0,298,60.0,152,105,1.0,1
02M655,The High School for Climate Justice,2,Unknown,2,2.0,298,60.0,152,105,1.0,1
03M291,West End Secondary School,3,Bronx,135,31.0,1209,392.0,105,146,0.22962962962962963,258
03M291,West End Secondary School,3,Brooklyn,30,25.0,1209,392.0,105,146,0.8333333333333334,160
03M291,West End Secondary School,3,Manhattan,925,294.0,1209,392.0,105,146,0.3178378378378378,314
03M291,West End Secondary School,3,Queens,25,25.0,1209,392.0,105,146,1.0,1
03M291,West End Secondary School,3,Staten Island,2,2.0,1209,392.0,105,146,1.0,1
03M291,West End Secondary School,3,Unknown,14,2.0,1209,392.0,105,146,0.14285714285714285,194
03M299,The Maxine Greene HS for Imaginative Inquiry,3,Bronx,11,11.0,77,10.0,120,6,1.0,1
03M299,The Maxine Greene HS for Imaginative Inquiry,3,Brooklyn,6,6.0,77,10.0,120,6,1.0,1
03M299,The Maxine Greene HS for Imaginative Inquiry,3,Manhattan,30,17.0,77,10.0,120,6,0.5666666666666667,251
03M299,The Maxine Greene HS for Imaginative Inquiry,3,Queens,3,3.0,77,10.0,120,6,1.0,1
03M299,The Maxine Greene HS for Imaginative Inquiry,3,Staten Island,1,1.0,77,10.0,120,6,1.0,196
03M299,The Maxine Greene HS for Imaginative Inquiry,3,Unknown,7,2.0,77,10.0,120,6,0.2857142857142857,121
03M307,"Urban Assembly School for Media Studies, The",3,Bronx,80,26.0,328,71.0,126,109,0.325,229
03M307,"Urban Assembly School for Media Studies, The",3,Brooklyn,19,19.0,328,71.0,126,109,1.0,1
03M307,"Urban Assembly School for Media Studies, The",3,Manhattan,170,26.0,328,71.0,126,109,0.15294117647058825,366
03M307,"Urban Assembly School for Media Studies, The",3,Queens,12,12.0,328,71.0,126,109,1.0,1
03M307,"Urban Assembly School for Media Studies, The",3,Staten Island,1,1.0,328,71.0,126,109,1.0,196
03M307,"Urban Assembly School for Media Studies, The",3,Unknown,8,2.0,328,71.0,126,109,0.25,135
03M402,The Urban Assembly School for Green Careers,3,Bronx,149,22.0,494,39.0,120,45,0.1476510067114094,337
03M402,The Urban Assembly School for Green Careers,3,Brooklyn,8,8.0,494,39.0,120,45,1.0,1
03M402,The Urban Assembly School for Green Careers,3,Manhattan,250,25.0,494,39.0,120,45,0.1,383
03M402,The Urban Assembly School for Green Careers,3,Queens,10,10.0,494,39.0,120,45,1.0,1
03M402,The Urban Assembly School for Green Careers,3,Staten Island,1,1.0,494,39.0,120,45,1.0,196
03M402,The Urban Assembly School for Green Careers,3,Unknown,40,1.0,494,39.0,120,45,0.025,251
03M403,The Global Learning Collaborative,3,Bronx,161,22.0,754,90.0,108,6,0.13664596273291926,357
03M403,The Global Learning Collaborative,3,Brooklyn,9,9.0,754,90.0,108,6,1.0,1
03M403,The Global Learning Collaborative,3,Manhattan,483,66.0,754,90.0,108,6,0.13664596273291926,373
03M403,The Global Learning Collaborative,3,Queens,13,13.0,754,90.0,108,6,1.0,1
03M403,The Global Learning Collaborative,3,Staten Island,1,1.0,754,90.0,108,6,1.0,196
03M403,The Global Learning Collaborative,3,Unknown,54,1.0,754,90.0,108,6,0.018518518518518517,253
03M415,Wadleigh Secondary School for the Performing & Visual Arts,3,Bronx,319,46.0,826,130.0,128,6,0.14420062695924765,344
03M415,Wadleigh Secondary School for the Performing & Visual Arts,3,Brooklyn,72,31.0,826,130.0,128,6,0.4305555555555556,218
03M415,Wadleigh Secondary School for the Performing & Visual Arts,3,Manhattan,276,50.0,826,130.0,128,6,0.18115942028985507,357
03M415,Wadleigh Secondary School for the Performing & Visual Arts,3,Queens,63,37.0,826,130.0,128,6,0.5873015873015873,230
03M415,Wadleigh Secondary School for the Performing & Visual Arts,3,Staten Island,2,2.0,826,130.0,128,6,1.0,1
03M415,Wadleigh Secondary School for the Performing & Visual Arts,3,Unknown,14,3.0,826,130.0,128,6,0.21428571428571427,162
03M417,Frank McCourt High School,3,Bronx,296,50.0,1253,345.0,120,170,0.16891891891891891,319
03M417,Frank McCourt High School,3,Brooklyn,29,22.0,1253,345.0,120,170,0.7586206896551724,168
03M417,Frank McCourt High School,3,Manhattan,802,224.0,1253,345.0,120,170,0.2793017456359102,321
03M417,Frank McCourt High School,3,Queens,13,13.0,1253,345.0,120,170,1.0,1
03M417,Frank McCourt High School,3,Staten Island,3,3.0,1253,345.0,120,170,1.0,1
03M417,Frank McCourt High School,3,Unknown,38,14.0,1253,345.0,120,170,0.3684210526315789,97
03M479,Beacon High School,3,Bronx,1782,950.0,7891,4442.0,360,493,0.5331088664421998,196
03M479,Beacon High School,3,Brooklyn,1950,1018.0,7891,4442.0,360,493,0.522051282051282,197
03M479,Beacon High School,3,Manhattan,2732,1681.0,7891,4442.0,360,493,0.6153001464128843,243
03M479,Beacon High School,3,Queens,1208,631.0,7891,4442.0,360,493,0.5223509933774835,250
03M479,Beacon High School,3,Staten Island,21,10.0,7891,4442.0,360,493,0.47619047619047616,165
03M479,Beacon High School,3,Unknown,154,93.0,7891,4442.0,360,493,0.6038961038961039,72
03M485,Fiorello H. LaGuardia High School of Music & Art and Performing Arts,3,Bronx,483,0.0,3950,,529,796,0.0,406
03M485,Fiorello H. LaGuardia High School of Music & Art and Performing Arts,3,Brooklyn,1434,0.0,3950,,529,796,0.0,411
03M485,Fiorello H. LaGuardia High School of Music & Art and Performing Arts,3,Manhattan,897,0.0,3950,,529,796,0.0,386
03M485,Fiorello H. LaGuardia High School of Music & Art and Performing Arts,3,Queens,923,0.0,3950,,529,796,0.0,397
03M485,Fiorello H. LaGuardia High School of Music & Art and Performing Arts,3,Staten Island,86,0.0,3950,,529,796,0.0,187
03M485,Fiorello H. LaGuardia High School of Music & Art and Performing Arts,3,Unknown,74,0.0,3950,,529,796,0.0,254
03M492,"High School for Law, Advocacy and Community Justice",3,Bronx,292,24.0,920,170.0,220,6,0.0821917808219178,401
03M492,"High School for Law, Advocacy and Community Justice",3,Brooklyn,100,27.0,920,170.0,220,6,0.27,281
03M492,"High School for Law, Advocacy and Community Justice",3,Manhattan,281,54.0,920,170.0,220,6,0.19217081850533807,350
03M492,"High School for Law, Advocacy and Community Justice",3,Queens,127,40.0,920,170.0,220,6,0.31496062992125984,316
03M492,"High School for Law, Advocacy and Community Justice",3,Staten Island,4,4.0,920,170.0,220,6,1.0,1
03M492,"High School for Law, Advocacy and Community Justice",3,Unknown,18,2.0,920,170.0,220,6,0.1111111111111111,214
03M494,High School of Arts and Technology,3,Bronx,291,25.0,1037,132.0,140,6,0.0859106529209622,399
03M494,High School of Arts and Technology,3,Brooklyn,101,26.0,1037,132.0,140,6,0.25742574257425743,290
03M494,High School of Arts and Technology,3,Manhattan,436,46.0,1037,132.0,140,6,0.10550458715596331,381
03M494,High School of Arts and Technology,3,Queens,88,38.0,1037,132.0,140,6,0.4318181818181818,266
03M494,High School of Arts and Technology,3,Staten Island,3,3.0,1037,132.0,140,6,1.0,1
03M494,High School of Arts and Technology,3,Unknown,27,3.0,1037,132.0,140,6,0.1111111111111111,214
03M541,Manhattan / Hunter Science High School,3,Bronx,1380,660.0,5406,2689.0,108,176,0.4782608695652174,204
03M541,Manhattan / Hunter Science High School,3,Brooklyn,939,404.0,5406,2689.0,108,176,0.43024494142705005,219
03M541,Manhattan / Hunter Science High School,3,Manhattan,1728,853.0,5406,2689.0,108,176,0.49363425925925924,267
03M541,Manhattan / Hunter Science High School,3,Queens,1189,635.0,5406,2689.0,108,176,0.5340622371740958,243
03M541,Manhattan / Hunter Science High School,3,Staten Island,21,10.0,5406,2689.0,108,176,0.47619047619047616,165
03M541,Manhattan / Hunter Science High School,3,Unknown,112,54.0,5406,2689.0,108,176,0.48214285714285715,82
03M610,Young Women's Leadership School,3,Bronx,106,23.0,370,113.0,81,6,0.2169811320754717,269
03M610,Young Women's Leadership School,3,Brooklyn,6,6.0,370,113.0,81,6,1.0,1
03M610,Young Women's Leadership School,3,Manhattan,215,70.0,370,113.0,81,6,0.32558139534883723,308
03M610,Young Women's Leadership School,3,Queens,8,8.0,370,113.0,81,6,1.0,1
03M610,Young Women's Leadership School,3,Unknown,3,3.0,370,113.0,81,6,1.0,1
03M859,Special Music School,3,Bronx,31,25.0,482,165.0,50,64,0.8064516129032258,166
03M859,Special Music School,3,Brooklyn,59,37.0,482,165.0,50,64,0.6271186440677966,184
03M859,Special Music School,3,Manhattan,165,61.0,482,165.0,50,64,0.3696969696969697,292
03M859,Special Music School,3,Queens,68,40.0,482,165.0,50,64,0.5882352941176471,229
03M859,Special Music School,3,Staten Island,6,6.0,482,165.0,50,64,1.0,1
03M859,Special Music School,3,Unknown,12,4.0,482,165.0,50,64,0.3333333333333333,101
03M860,Frederick Douglass Academy II Secondary School,3,Bronx,61,21.0,309,55.0,95,105,0.3442622950819672,223
03M860,Frederick Douglass Academy II Secondary School,3,Brooklyn,9,9.0,309,55.0,95,105,1.0,1
03M860,Frederick Douglass Academy II Secondary School,3,Manhattan,202,49.0,309,55.0,95,105,0.24257425742574257,330
03M860,Frederick Douglass Academy II Secondary School,3,Queens,6,6.0,309,55.0,95,105,1.0,1
03M860,Frederick Douglass Academy II Secondary School,3,Staten Island,1,1.0,309,55.0,95,105,1.0,196
03M860,Frederick Douglass Academy II Secondary School,3,Unknown,2,2.0,309,55.0,95,105,1.0,1
04M372,Esperanza Preparatory Academy,4,Bronx,30,19.0,322,114.0,106,120,0.6333333333333333,189
04M372,Esperanza Preparatory Academy,4,Brooklyn,10,10.0,322,114.0,106,120,1.0,1
04M372,Esperanza Preparatory Academy,4,Manhattan,235,95.0,322,114.0,106,120,0.40425531914893614,284
04M372,Esperanza Preparatory Academy,4,Queens,11,11.0,322,114.0,106,120,1.0,1
04M372,Esperanza Preparatory Academy,4,Staten Island,1,1.0,322,114.0,106,120,1.0,196
04M372,Esperanza Preparatory Academy,4,Unknown,1,1.0,322,114.0,106,120,1.0,263
04M435,Manhattan Center for Science and Mathematics,4,Bronx,1988,918.0,5010,1993.0,440,709,0.46177062374245476,205
04M435,Manhattan Center for Science and Mathematics,4,Brooklyn,280,68.0,5010,1993.0,440,709,0.24285714285714285,303
04M435,Manhattan Center for Science and Mathematics,4,Manhattan,1929,685.0,5010,1993.0,440,709,0.35510627268014516,297
04M435,Manhattan Center for Science and Mathematics,4,Queens,644,191.0,5010,1993.0,440,709,0.296583850931677,327
04M435,Manhattan Center for Science and Mathematics,4,Staten Island,4,4.0,5010,1993.0,440,709,1.0,1
04M435,Manhattan Center for Science and Mathematics,4,Unknown,68,21.0,5010,1993.0,440,709,0.3088235294117647,112
04M495,Park East High School,4,Bronx,1259,380.0,2653,739.0,100,166,0.3018268467037331,237
04M495,Park East High School,4,Brooklyn,97,30.0,2653,739.0,100,166,0.30927835051546393,266
04M495,Park East High School,4,Manhattan,1126,273.0,2653,739.0,100,166,0.2424511545293073,331
04M495,Park East High School,4,Queens,65,21.0,2653,739.0,100,166,0.3230769230769231,311
04M495,Park East High School,4,Staten Island,1,1.0,2653,739.0,100,166,1.0,196
04M495,Park East High School,4,Unknown,31,4.0,2653,739.0,100,166,0.12903225806451613,205
04M555,Central Park East High School,4,Bronx,2179,739.0,4762,1538.0,125,215,0.3391463974300138,226
04M555,Central Park East High School,4,Brooklyn,166,43.0,4762,1538.0,125,215,0.25903614457831325,289
04M555,Central Park East High School,4,Manhattan,1924,587.0,4762,1538.0,125,215,0.30509355509355507,317
04M555,Central Park East High School,4,Queens,336,97.0,4762,1538.0,125,215,0.28869047619047616,332
04M555,Central Park East High School,4,Staten Island,3,3.0,4762,1538.0,125,215,1.0,1
04M555,Central Park East High School,4,Unknown,59,17.0,4762,1538.0,125,215,0.288135593220339,120
04M680,"Heritage School, The",4,Bronx,117,23.0,482,60.0,80,6,0.19658119658119658,281
04M680,"Heritage School, The",4,Brooklyn,7,7.0,482,60.0,80,6,1.0,1
04M680,"Heritage School, The",4,Manhattan,298,59.0,482,60.0,80,6,0.19798657718120805,347
04M680,"Heritage School, The",4,Queens,11,11.0,482,60.0,80,6,1.0,1
04M680,"Heritage School, The",4,Unknown,2,2.0,482,60.0,80,6,1.0,1
05M148,Eagle Academy for Young Men of Harlem,5,Bronx,64,21.0,257,46.0,120,88,0.328125,228
05M148,Eagle Academy for Young Men of Harlem,5,Brooklyn,5,5.0,257,46.0,120,88,1.0,1
05M148,Eagle Academy for Young Men of Harlem,5,Manhattan,145,16.0,257,46.0,120,88,0.1103448275862069,378
05M148,Eagle Academy for Young Men of Harlem,5,Queens,6,6.0,257,46.0,120,88,1.0,1
05M148,Eagle Academy for Young Men of Harlem,5,Staten Island,1,1.0,257,46.0,120,88,1.0,196
05M148,Eagle Academy for Young Men of Harlem,5,Unknown,1,1.0,257,46.0,120,88,1.0,263
05M157,The Urban Assembly School for Global Commerce,5,Bronx,32,17.0,207,26.0,81,6,0.53125,197
05M157,The Urban Assembly School for Global Commerce,5,Brooklyn,6,6.0,207,26.0,81,6,1.0,1
05M157,The Urban Assembly School for Global Commerce,5,Manhattan,134,18.0,207,26.0,81,6,0.13432835820895522,374
05M157,The Urban Assembly School for Global Commerce,5,Queens,4,4.0,207,26.0,81,6,1.0,1
05M157,The Urban Assembly School for Global Commerce,5,Unknown,1,1.0,207,26.0,81,6,1.0,263
05M304,Mott Hall High School,5,Bronx,134,20.0,455,53.0,108,6,0.14925373134328357,334
05M304,Mott Hall High School,5,Brooklyn,5,5.0,455,53.0,108,6,1.0,1
05M304,Mott Hall High School,5,Manhattan,266,26.0,455,53.0,108,6,0.09774436090225563,384
05M304,Mott Hall High School,5,Queens,6,6.0,455,53.0,108,6,1.0,1
05M304,Mott Hall High School,5,Staten Island,1,1.0,455,53.0,108,6,1.0,196
05M304,Mott Hall High School,5,Unknown,8,1.0,455,53.0,108,6,0.125,208
05M362,Columbia Secondary School,5,Bronx,1288,505.0,4258,1769.0,112,175,0.3920807453416149,217
05M362,Columbia Secondary School,5,Brooklyn,288,103.0,4258,1769.0,112,175,0.3576388888888889,245
05M362,Columbia Secondary School,5,Manhattan,1971,830.0,4258,1769.0,112,175,0.4211060375443937,281
05M362,Columbia Secondary School,5,Queens,529,170.0,4258,1769.0,112,175,0.32136105860113423,312
05M362,Columbia Secondary School,5,Staten Island,5,5.0,4258,1769.0,112,175,1.0,1
05M362,Columbia Secondary School,5,Unknown,95,50.0,4258,1769.0,112,175,0.5263157894736842,77
05M369,Urban Assembly School for the Performing Arts,5,Bronx,145,23.0,372,52.0,108,6,0.15862068965517243,327
05M369,Urban Assembly School for the Performing Arts,5,Brooklyn,16,16.0,372,52.0,108,6,1.0,1
05M369,Urban Assembly School for the Performing Arts,5,Manhattan,162,18.0,372,52.0,108,6,0.1111111111111111,376
05M369,Urban Assembly School for the Performing Arts,5,Queens,7,7.0,372,52.0,108,6,1.0,1
05M369,Urban Assembly School for the Performing Arts,5,Unknown,2,2.0,372,52.0,108,6,1.0,1
05M499,Frederick Douglass Academy,5,Bronx,424,58.0,903,195.0,325,214,0.13679245283018868,356
05M499,Frederick Douglass Academy,5,Brooklyn,20,15.0,903,195.0,325,214,0.75,169
05M499,Frederick Douglass Academy,5,Manhattan,404,107.0,903,195.0,325,214,0.26485148514851486,325
05M499,Frederick Douglass Academy,5,Queens,7,7.0,903,195.0,325,214,1.0,1
05M499,Frederick Douglass Academy,5,Unknown,7,1.0,903,195.0,325,214,0.14285714285714285,194
05M670,Thurgood Marshall Academy for Learning and Social Change,5,Bronx,47,20.0,340,71.0,108,6,0.425531914893617,211
05M670,Thurgood Marshall Academy for Learning and Social Change,5,Brooklyn,4,4.0,340,71.0,108,6,1.0,1
05M670,Thurgood Marshall Academy for Learning and Social Change,5,Manhattan,239,57.0,340,71.0,108,6,0.2384937238493724,333
05M670,Thurgood Marshall Academy for Learning and Social Change,5,Queens,5,5.0,340,71.0,108,6,1.0,1
05M670,Thurgood Marshall Academy for Learning and Social Change,5,Staten Island,2,2.0,340,71.0,108,6,1.0,1
05M670,Thurgood Marshall Academy for Learning and Social Change,5,Unknown,1,1.0,340,71.0,108,6,1.0,263
05M692,"High School for Mathematics, Science and Engineering at City College",5,Bronx,3675,0.0,15039,,109,142,0.0,406
05M692,"High School for Mathematics, Science and Engineering at City College",5,Brooklyn,3554,0.0,15039,,109,142,0.0,411
05M692,"High School for Mathematics, Science and Engineering at City College",5,Manhattan,2672,0.0,15039,,109,142,0.0,386
05M692,"High School for Mathematics, Science and Engineering at City College",5,Queens,4596,0.0,15039,,109,142,0.0,397
05M692,"High School for Mathematics, Science and Engineering at City College",5,Staten Island,266,0.0,15039,,109,142,0.0,187
05M692,"High School for Mathematics, Science and Engineering at City College",5,Unknown,260,0.0,15039,,109,142,0.0,254
06M211,Inwood Early College for Health and Information Technologies,6,Bronx,318,47.0,745,156.0,111,6,0.14779874213836477,335
06M211,Inwood Early College for Health and Information Technologies,6,Brooklyn,15,10.0,745,156.0,111,6,0.6666666666666666,174
06M211,Inwood Early College for Health and Information Technologies,6,Manhattan,287,76.0,745,156.0,111,6,0.26480836236933797,326
06M211,Inwood Early College for Health and Information Technologies,6,Queens,10,10.0,745,156.0,111,6,1.0,1
06M211,Inwood Early College for Health and Information Technologies,6,Staten Island,1,1.0,745,156.0,111,6,1.0,196
06M211,Inwood Early College for Health and Information Technologies,6,Unknown,88,34.0,745,156.0,111,6,0.38636363636363635,93
06M293,City College Academy of the Arts,6,Bronx,370,75.0,1028,337.0,81,95,0.20270270270270271,275
06M293,City College Academy of the Arts,6,Brooklyn,17,17.0,1028,337.0,81,95,1.0,1
06M293,City College Academy of the Arts,6,Manhattan,469,166.0,1028,337.0,81,95,0.35394456289978676,298
06M293,City College Academy of the Arts,6,Queens,13,13.0,1028,337.0,81,95,1.0,1
06M293,City College Academy of the Arts,6,Staten Island,1,1.0,1028,337.0,81,95,1.0,196
06M293,City College Academy of the Arts,6,Unknown,134,71.0,1028,337.0,81,95,0.5298507462686567,76
06M346,Community Health Academy of the Heights,6,Bronx,150,21.0,586,143.0,75,93,0.14,348
06M346,Community Health Academy of the Heights,6,Brooklyn,6,6.0,586,143.0,75,93,1.0,1
06M346,Community Health Academy of the Heights,6,Manhattan,356,114.0,586,143.0,75,93,0.3202247191011236,311
06M346,Community Health Academy of the Heights,6,Queens,5,5.0,586,143.0,75,93,1.0,1
06M346,Community Health Academy of the Heights,6,Staten Island,1,1.0,586,143.0,75,93,1.0,196
06M346,Community Health Academy of the Heights,6,Unknown,40,1.0,586,143.0,75,93,0.025,251
06M348,Washington Heights Expeditionary Learning School,6,Bronx,271,64.0,689,175.0,100,115,0.23616236162361623,256
06M348,Washington Heights Expeditionary Learning School,6,Brooklyn,4,4.0,689,175.0,100,115,1.0,1
06M348,Washington Heights Expeditionary Learning School,6,Manhattan,289,102.0,689,175.0,100,115,0.35294117647058826,299
06M348,Washington Heights Expeditionary Learning School,6,Queens,2,2.0,689,175.0,100,115,1.0,1
06M348,Washington Heights Expeditionary Learning School,6,Unknown,88,17.0,689,175.0,100,115,0.19318181818181818,173
06M462,The College Academy,6,Bronx,321,35.0,814,121.0,121,129,0.10903426791277258,382
06M462,The College Academy,6,Brooklyn,12,12.0,814,121.0,121,129,1.0,1
06M462,The College Academy,6,Manhattan,341,64.0,814,121.0,121,129,0.187683284457478,354
06M462,The College Academy,6,Queens,14,14.0,814,121.0,121,129,1.0,1
06M462,The College Academy,6,Unknown,83,17.0,814,121.0,121,129,0.20481927710843373,168
06M463,High School for Media and Communications,6,Bronx,187,29.0,505,61.0,150,6,0.15508021390374332,331
06M463,High School for Media and Communications,6,Brooklyn,20,20.0,505,61.0,150,6,1.0,1
06M463,High School for Media and Communications,6,Manhattan,193,27.0,505,61.0,150,6,0.13989637305699482,372
06M463,High School for Media and Communications,6,Queens,9,9.0,505,61.0,150,6,1.0,1
06M463,High School for Media and Communications,6,Staten Island,1,1.0,505,61.0,150,6,1.0,196
06M463,High School for Media and Communications,6,Unknown,51,10.0,505,61.0,150,6,0.19607843137254902,172
06M467,High School for Law and Public Service,6,Bronx,190,23.0,643,95.0,167,84,0.12105263157894737,377
06M467,High School for Law and Public Service,6,Brooklyn,23,15.0,643,95.0,167,84,0.6521739130434783,180
06M467,High School for Law and Public Service,6,Manhattan,284,54.0,643,95.0,167,84,0.19014084507042253,352
06M467,High School for Law and Public Service,6,Queens,28,22.0,643,95.0,167,84,0.7857142857142857,211
06M467,High School for Law and Public Service,6,Staten Island,1,1.0,643,95.0,167,84,1.0,196
06M467,High School for Law and Public Service,6,Unknown,59,13.0,643,95.0,167,84,0.22033898305084745,159
06M468,High School for Health Careers and Sciences,6,Bronx,347,49.0,822,121.0,268,6,0.14121037463976946,347
06M468,High School for Health Careers and Sciences,6,Brooklyn,30,17.0,822,121.0,268,6,0.5666666666666667,192
06M468,High School for Health Careers and Sciences,6,Manhattan,276,45.0,822,121.0,268,6,0.16304347826086957,361
06M468,High School for Health Careers and Sciences,6,Queens,33,27.0,822,121.0,268,6,0.8181818181818182,208
06M468,High School for Health Careers and Sciences,6,Staten Island,2,2.0,822,121.0,268,6,1.0,1
06M468,High School for Health Careers and Sciences,6,Unknown,67,2.0,822,121.0,268,6,0.029850746268656716,248
06M540,A. Philip Randolph Campus High School,6,Bronx,923,160.0,2050,408.0,471,379,0.1733477789815818,315
06M540,A. Philip Randolph Campus High School,6,Brooklyn,99,25.0,2050,408.0,471,379,0.25252525252525254,292
06M540,A. Philip Randolph Campus High School,6,Manhattan,844,190.0,2050,408.0,471,379,0.22511848341232227,339
06M540,A. Philip Randolph Campus High School,6,Queens,82,36.0,2050,408.0,471,379,0.43902439024390244,264
06M540,A. Philip Randolph Campus High School,6,Staten Island,2,2.0,2050,408.0,471,379,1.0,1
06M540,A. Philip Randolph Campus High School,6,Unknown,38,7.0,2050,408.0,471,379,0.18421052631578946,177
06M552,Gregorio Luperon High School for Science and Mathematics,6,Bronx,191,43.0,573,165.0,150,45,0.225130890052356,264
06M552,Gregorio Luperon High School for Science and Mathematics,6,Brooklyn,7,7.0,573,165.0,150,45,1.0,1
06M552,Gregorio Luperon High School for Science and Mathematics,6,Manhattan,273,87.0,573,165.0,150,45,0.31868131868131866,313
06M552,Gregorio Luperon High School for Science and Mathematics,6,Queens,8,8.0,573,165.0,150,45,1.0,1
06M552,Gregorio Luperon High School for Science and Mathematics,6,Unknown,57,14.0,573,165.0,150,45,0.24561403508771928,147
07X221,South Bronx Preparatory: A College Board School,7,Bronx,738,142.0,782,161.0,123,148,0.19241192411924118,287
07X221,South Bronx Preparatory: A College Board School,7,Brooklyn,2,2.0,782,161.0,123,148,1.0,1
07X221,South Bronx Preparatory: A College Board School,7,Manhattan,13,13.0,782,161.0,123,148,1.0,1
07X221,South Bronx Preparatory: A College Board School,7,Queens,1,1.0,782,161.0,123,148,1.0,406
07X223,The Laboratory School of Finance and Technology: X223,7,Bronx,903,207.0,980,230.0,89,93,0.2292358803986711,259
07X223,The Laboratory School of Finance and Technology: X223,7,Brooklyn,7,7.0,980,230.0,89,93,1.0,1
07X223,The Laboratory School of Finance and Technology: X223,7,Manhattan,34,16.0,980,230.0,89,93,0.47058823529411764,271
07X223,The Laboratory School of Finance and Technology: X223,7,Queens,12,12.0,980,230.0,89,93,1.0,1
07X223,The Laboratory School of Finance and Technology: X223,7,Unknown,1,1.0,980,230.0,89,93,1.0,263
07X259,"H.E.R.O. High (Health, Education, and Research Occupations High School)",7,Bronx,784,140.0,862,174.0,250,182,0.17857142857142858,311
07X259,"H.E.R.O. High (Health, Education, and Research Occupations High School)",7,Brooklyn,11,11.0,862,174.0,250,182,1.0,1
07X259,"H.E.R.O. High (Health, Education, and Research Occupations High School)",7,Manhattan,26,12.0,862,174.0,250,182,0.46153846153846156,274
07X259,"H.E.R.O. High (Health, Education, and Research Occupations High School)",7,Queens,10,10.0,862,174.0,250,182,1.0,1
07X259,"H.E.R.O. High (Health, Education, and Research Occupations High School)",7,Unknown,1,1.0,862,174.0,250,182,1.0,263
07X334,International Community High School,7,Bronx,172,31.0,210,40.0,81,23,0.18023255813953487,307
07X334,International Community High School,7,Brooklyn,2,2.0,210,40.0,81,23,1.0,1
07X334,International Community High School,7,Manhattan,12,12.0,210,40.0,81,23,1.0,1
07X334,International Community High School,7,Queens,5,5.0,210,40.0,81,23,1.0,1
07X427,Community School for Social Justice,7,Bronx,158,27.0,229,33.0,81,6,0.17088607594936708,316
07X427,Community School for Social Justice,7,Brooklyn,2,2.0,229,33.0,81,6,1.0,1
07X427,Community School for Social Justice,7,Manhattan,23,12.0,229,33.0,81,6,0.5217391304347826,261
07X473,Mott Haven Village Preparatory High School,7,Bronx,413,61.0,460,62.0,81,6,0.14769975786924938,336
07X473,Mott Haven Village Preparatory High School,7,Brooklyn,5,5.0,460,62.0,81,6,1.0,1
07X473,Mott Haven Village Preparatory High School,7,Manhattan,10,10.0,460,62.0,81,6,1.0,1
07X473,Mott Haven Village Preparatory High School,7,Queens,2,2.0,460,62.0,81,6,1.0,1
07X495,University Heights Secondary School,7,Bronx,1987,734.0,2181,787.0,140,203,0.36940110719677904,219
07X495,University Heights Secondary School,7,Brooklyn,11,11.0,2181,787.0,140,203,1.0,1
07X495,University Heights Secondary School,7,Manhattan,143,23.0,2181,787.0,140,203,0.16083916083916083,362
07X495,University Heights Secondary School,7,Queens,13,13.0,2181,787.0,140,203,1.0,1
07X495,University Heights Secondary School,7,Unknown,8,2.0,2181,787.0,140,203,0.25,135
07X500,Hostos-Lincoln Academy of Science,7,Bronx,693,134.0,751,158.0,81,121,0.19336219336219337,286
07X500,Hostos-Lincoln Academy of Science,7,Brooklyn,7,7.0,751,158.0,81,121,1.0,1
07X500,Hostos-Lincoln Academy of Science,7,Manhattan,21,11.0,751,158.0,81,121,0.5238095238095238,260
07X500,Hostos-Lincoln Academy of Science,7,Queens,3,3.0,751,158.0,81,121,1.0,1
07X522,Bronx Design and Construction Academy,7,Bronx,602,82.0,677,112.0,140,91,0.1362126245847176,359
07X522,Bronx Design and Construction Academy,7,Brooklyn,7,7.0,677,112.0,140,91,1.0,1
07X522,Bronx Design and Construction Academy,7,Manhattan,22,15.0,677,112.0,140,91,0.6818181818181818,234
07X522,Bronx Design and Construction Academy,7,Queens,13,13.0,677,112.0,140,91,1.0,1
07X522,Bronx Design and Construction Academy,7,Staten Island,1,1.0,677,112.0,140,91,1.0,196
07X522,Bronx Design and Construction Academy,7,Unknown,1,1.0,677,112.0,140,91,1.0,263
07X527,Bronx Leadership Academy II High School,7,Bronx,849,86.0,911,103.0,131,6,0.10129564193168433,389
07X527,Bronx Leadership Academy II High School,7,Brooklyn,3,3.0,911,103.0,131,6,1.0,1
07X527,Bronx Leadership Academy II High School,7,Manhattan,27,12.0,911,103.0,131,6,0.4444444444444444,278
07X527,Bronx Leadership Academy II High School,7,Queens,2,2.0,911,103.0,131,6,1.0,1
07X548,Careers in Sports High School,7,Bronx,878,177.0,1056,226.0,125,202,0.20159453302961275,278
07X548,Careers in Sports High School,7,Brooklyn,22,22.0,1056,226.0,125,202,1.0,1
07X548,Careers in Sports High School,7,Manhattan,95,23.0,1056,226.0,125,202,0.24210526315789474,332
07X548,Careers in Sports High School,7,Queens,21,21.0,1056,226.0,125,202,1.0,1
07X548,Careers in Sports High School,7,Staten Island,1,1.0,1056,226.0,125,202,1.0,196
07X548,Careers in Sports High School,7,Unknown,1,1.0,1056,226.0,125,202,1.0,263
07X551,The Urban Assembly Bronx Academy of Letters,7,Bronx,267,49.0,309,45.0,108,58,0.18352059925093633,301
07X551,The Urban Assembly Bronx Academy of Letters,7,Brooklyn,3,3.0,309,45.0,108,58,1.0,1
07X551,The Urban Assembly Bronx Academy of Letters,7,Manhattan,11,11.0,309,45.0,108,58,1.0,1
07X600,Alfred E. Smith Career and Technical Education High School,7,Bronx,1009,204.0,1126,227.0,189,193,0.20218037661050545,276
07X600,Alfred E. Smith Career and Technical Education High School,7,Brooklyn,13,13.0,1126,227.0,189,193,1.0,1
07X600,Alfred E. Smith Career and Technical Education High School,7,Manhattan,46,19.0,1126,227.0,189,193,0.41304347826086957,282
07X600,Alfred E. Smith Career and Technical Education High School,7,Queens,15,15.0,1126,227.0,189,193,1.0,1
07X600,Alfred E. Smith Career and Technical Education High School,7,Staten Island,2,2.0,1126,227.0,189,193,1.0,1
07X600,Alfred E. Smith Career and Technical Education High School,7,Unknown,3,3.0,1126,227.0,189,193,1.0,1
07X625,Bronx Legacy High School,7,Bronx,650,87.0,690,97.0,90,6,0.13384615384615384,363
07X625,Bronx Legacy High School,7,Brooklyn,3,3.0,690,97.0,90,6,1.0,1
07X625,Bronx Legacy High School,7,Manhattan,19,10.0,690,97.0,90,6,0.5263157894736842,259
07X625,Bronx Legacy High School,7,Staten Island,1,1.0,690,97.0,90,6,1.0,196
07X670,Health Opportunities High School,7,Bronx,371,35.0,477,47.0,75,6,0.09433962264150944,393
07X670,Health Opportunities High School,7,Brooklyn,9,9.0,477,47.0,75,6,1.0,1
07X670,Health Opportunities High School,7,Manhattan,59,15.0,477,47.0,75,6,0.2542372881355932,329
07X670,Health Opportunities High School,7,Queens,13,13.0,477,47.0,75,6,1.0,1
07X670,Health Opportunities High School,7,Staten Island,1,1.0,477,47.0,75,6,1.0,196
07X670,Health Opportunities High School,7,Unknown,1,1.0,477,47.0,75,6,1.0,263
08X269,Bronx Studio School for Writers and Artists,8,Bronx,455,117.0,481,130.0,90,113,0.2571428571428571,251
08X269,Bronx Studio School for Writers and Artists,8,Brooklyn,6,6.0,481,130.0,90,113,1.0,1
08X269,Bronx Studio School for Writers and Artists,8,Manhattan,11,11.0,481,130.0,90,113,1.0,1
08X269,Bronx Studio School for Writers and Artists,8,Queens,6,6.0,481,130.0,90,113,1.0,1
08X269,Bronx Studio School for Writers and Artists,8,Unknown,1,1.0,481,130.0,90,113,1.0,263
08X282,Women's Academy of Excellence,8,Bronx,156,34.0,172,27.0,108,6,0.21794871794871795,268
08X282,Women's Academy of Excellence,8,Queens,2,2.0,172,27.0,108,6,1.0,1
08X293,Renaissance High School for Musical Theater and the Arts,8,Bronx,615,85.0,660,115.0,110,6,0.13821138211382114,352
08X293,Renaissance High School for Musical Theater and the Arts,8,Brooklyn,5,5.0,660,115.0,110,6,1.0,1
08X293,Renaissance High School for Musical Theater and the Arts,8,Manhattan,10,10.0,660,115.0,110,6,1.0,1
08X293,Renaissance High School for Musical Theater and the Arts,8,Queens,13,13.0,660,115.0,110,6,1.0,1
08X293,Renaissance High School for Musical Theater and the Arts,8,Staten Island,1,1.0,660,115.0,110,6,1.0,196
08X293,Renaissance High School for Musical Theater and the Arts,8,Unknown,2,2.0,660,115.0,110,6,1.0,1
08X312,Millennium Art Academy,8,Bronx,554,109.0,625,136.0,112,117,0.1967509025270758,280
08X312,Millennium Art Academy,8,Brooklyn,24,24.0,625,136.0,112,117,1.0,1
08X312,Millennium Art Academy,8,Manhattan,9,9.0,625,136.0,112,117,1.0,1
08X312,Millennium Art Academy,8,Queens,9,9.0,625,136.0,112,117,1.0,1
08X312,Millennium Art Academy,8,Staten Island,1,1.0,625,136.0,112,117,1.0,196
08X320,Pelham Lab High School,8,Bronx,486,51.0,514,49.0,108,6,0.10493827160493827,386
08X320,Pelham Lab High School,8,Brooklyn,2,2.0,514,49.0,108,6,1.0,1
08X320,Pelham Lab High School,8,Manhattan,4,4.0,514,49.0,108,6,1.0,1
08X320,Pelham Lab High School,8,Queens,1,1.0,514,49.0,108,6,1.0,406
08X348,Schuylerville Preparatory High School,8,Bronx,266,36.0,286,30.0,108,6,0.13533834586466165,360
08X348,Schuylerville Preparatory High School,8,Manhattan,1,1.0,286,30.0,108,6,1.0,395
08X349,Bronx River High School,8,Bronx,1152,170.0,1172,196.0,108,168,0.14756944444444445,338
08X349,Bronx River High School,8,Brooklyn,3,3.0,1172,196.0,108,168,1.0,1
08X349,Bronx River High School,8,Manhattan,7,7.0,1172,196.0,108,168,1.0,1
08X349,Bronx River High School,8,Queens,2,2.0,1172,196.0,108,168,1.0,1
08X367,"Archimedes Academy for Math, Science and Technology Applications",8,Bronx,304,58.0,427,75.0,100,6,0.19078947368421054,290
08X367,"Archimedes Academy for Math, Science and Technology Applications",8,Brooklyn,19,19.0,427,75.0,100,6,1.0,1
08X367,"Archimedes Academy for Math, Science and Technology Applications",8,Manhattan,12,12.0,427,75.0,100,6,1.0,1
08X367,"Archimedes Academy for Math, Science and Technology Applications",8,Queens,31,31.0,427,75.0,100,6,1.0,1
08X367,"Archimedes Academy for Math, Science and Technology Applications",8,Staten Island,4,4.0,427,75.0,100,6,1.0,1
08X367,"Archimedes Academy for Math, Science and Technology Applications",8,Unknown,1,1.0,427,75.0,100,6,1.0,263
08X376,Antonia Pantoja Preparatory Academy: A College Board School,8,Bronx,260,80.0,308,82.0,84,104,0.3076923076923077,234
08X376,Antonia Pantoja Preparatory Academy: A College Board School,8,Brooklyn,4,4.0,308,82.0,84,104,1.0,1
08X376,Antonia Pantoja Preparatory Academy: A College Board School,8,Manhattan,5,5.0,308,82.0,84,104,1.0,1
08X376,Antonia Pantoja Preparatory Academy: A College Board School,8,Queens,2,2.0,308,82.0,84,104,1.0,1
08X376,Antonia Pantoja Preparatory Academy: A College Board School,8,Staten Island,3,3.0,308,82.0,84,104,1.0,1
08X376,Antonia Pantoja Preparatory Academy: A College Board School,8,Unknown,1,1.0,308,82.0,84,104,1.0,263
08X405,Herbert H. Lehman High School,8,Bronx,2017,381.0,2078,405.0,528,479,0.18889439762022806,293
08X405,Herbert H. Lehman High School,8,Brooklyn,9,9.0,2078,405.0,528,479,1.0,1
08X405,Herbert H. Lehman High School,8,Manhattan,15,15.0,2078,405.0,528,479,1.0,1
08X405,Herbert H. Lehman High School,8,Queens,15,15.0,2078,405.0,528,479,1.0,1
08X405,Herbert H. Lehman High School,8,Staten Island,1,1.0,2078,405.0,528,479,1.0,196
08X432,Bronx Bridges High School,8,Bronx,427,80.0,454,83.0,81,70,0.1873536299765808,296
08X432,Bronx Bridges High School,8,Brooklyn,2,2.0,454,83.0,81,70,1.0,1
08X432,Bronx Bridges High School,8,Manhattan,2,2.0,454,83.0,81,70,1.0,1
08X432,Bronx Bridges High School,8,Queens,3,3.0,454,83.0,81,70,1.0,1
08X432,Bronx Bridges High School,8,Unknown,1,1.0,454,83.0,81,70,1.0,263
08X452,Gotham Collaborative High School,8,Bronx,306,41.0,343,51.0,120,6,0.13398692810457516,362
08X452,Gotham Collaborative High School,8,Brooklyn,4,4.0,343,51.0,120,6,1.0,1
08X452,Gotham Collaborative High School,8,Manhattan,6,6.0,343,51.0,120,6,1.0,1
08X452,Gotham Collaborative High School,8,Queens,8,8.0,343,51.0,120,6,1.0,1
08X452,Gotham Collaborative High School,8,Unknown,1,1.0,343,51.0,120,6,1.0,263
08X530,Longwood Preparatory Academy,8,Bronx,624,114.0,649,115.0,120,143,0.18269230769230768,304
08X530,Longwood Preparatory Academy,8,Brooklyn,3,3.0,649,115.0,120,143,1.0,1
08X530,Longwood Preparatory Academy,8,Manhattan,7,7.0,649,115.0,120,143,1.0,1
08X530,Longwood Preparatory Academy,8,Queens,1,1.0,649,115.0,120,143,1.0,406
08X530,Longwood Preparatory Academy,8,Unknown,1,1.0,649,115.0,120,143,1.0,263
08X558,Westchester Square Academy,8,Bronx,762,105.0,788,106.0,135,114,0.1377952755905512,353
08X558,Westchester Square Academy,8,Brooklyn,1,1.0,788,106.0,135,114,1.0,420
08X558,Westchester Square Academy,8,Manhattan,2,2.0,788,106.0,135,114,1.0,1
08X558,Westchester Square Academy,8,Queens,2,2.0,788,106.0,135,114,1.0,1
08X561,Bronx Compass High School,8,Bronx,496,63.0,520,70.0,130,6,0.12701612903225806,375
08X561,Bronx Compass High School,8,Manhattan,2,2.0,520,70.0,130,6,1.0,1
08X561,Bronx Compass High School,8,Queens,3,3.0,520,70.0,130,6,1.0,1
08X636,Virtual Innovators Academy,8,Bronx,65,20.0,113,31.0,80,6,0.3076923076923077,234
08X636,Virtual Innovators Academy,8,Brooklyn,8,8.0,113,31.0,80,6,1.0,1
08X636,Virtual Innovators Academy,8,Manhattan,6,6.0,113,31.0,80,6,1.0,1
08X636,Virtual Innovators Academy,8,Queens,5,5.0,113,31.0,80,6,1.0,1
08X636,Virtual Innovators Academy,8,Staten Island,1,1.0,113,31.0,80,6,1.0,196
09X227,Bronx Collegiate Academy,9,Bronx,1160,152.0,1201,163.0,120,173,0.1310344827586207,367
09X227,Bronx Collegiate Academy,9,Brooklyn,5,5.0,1201,163.0,120,173,1.0,1
09X227,Bronx Collegiate Academy,9,Manhattan,11,11.0,1201,163.0,120,173,1.0,1
09X227,Bronx Collegiate Academy,9,Queens,1,1.0,1201,163.0,120,173,1.0,406
09X227,Bronx Collegiate Academy,9,Unknown,1,1.0,1201,163.0,120,173,1.0,263
09X231,Eagle Academy for Young Men,9,Bronx,415,132.0,455,163.0,80,130,0.3180722891566265,232
09X231,Eagle Academy for Young Men,9,Brooklyn,5,5.0,455,163.0,80,130,1.0,1
09X231,Eagle Academy for Young Men,9,Manhattan,12,12.0,455,163.0,80,130,1.0,1
09X231,Eagle Academy for Young Men,9,Queens,2,2.0,455,163.0,80,130,1.0,1
09X231,Eagle Academy for Young Men,9,Unknown,1,1.0,455,163.0,80,130,1.0,263
09X241,"Urban Assembly School for Applied Math and Science, The",9,Bronx,529,97.0,561,117.0,90,99,0.1833648393194707,302
09X241,"Urban Assembly School for Applied Math and Science, The",9,Brooklyn,7,7.0,561,117.0,90,99,1.0,1
09X241,"Urban Assembly School for Applied Math and Science, The",9,Manhattan,11,11.0,561,117.0,90,99,1.0,1
09X241,"Urban Assembly School for Applied Math and Science, The",9,Queens,2,2.0,561,117.0,90,99,1.0,1
09X241,"Urban Assembly School for Applied Math and Science, The",9,Unknown,1,1.0,561,117.0,90,99,1.0,263
09X250,Eximius College Preparatory Academy: A College Board School,9,Bronx,741,87.0,761,90.0,108,6,0.11740890688259109,379
09X250,Eximius College Preparatory Academy: A College Board School,9,Brooklyn,3,3.0,761,90.0,108,6,1.0,1
09X250,Eximius College Preparatory Academy: A College Board School,9,Manhattan,6,6.0,761,90.0,108,6,1.0,1
09X250,Eximius College Preparatory Academy: A College Board School,9,Unknown,1,1.0,761,90.0,108,6,1.0,263
09X252,Mott Hall Bronx High School,9,Bronx,1090,131.0,1138,141.0,90,130,0.12018348623853212,378
09X252,Mott Hall Bronx High School,9,Brooklyn,4,4.0,1138,141.0,90,130,1.0,1
09X252,Mott Hall Bronx High School,9,Manhattan,21,16.0,1138,141.0,90,130,0.7619047619047619,228
09X252,Mott Hall Bronx High School,9,Queens,1,1.0,1138,141.0,90,130,1.0,406
09X252,Mott Hall Bronx High School,9,Unknown,1,1.0,1138,141.0,90,130,1.0,263
09X260,Bronx Center for Science and Mathematics,9,Bronx,2380,579.0,2530,621.0,108,201,0.24327731092436974,254
09X260,Bronx Center for Science and Mathematics,9,Brooklyn,7,7.0,2530,621.0,108,201,1.0,1
09X260,Bronx Center for Science and Mathematics,9,Manhattan,75,20.0,2530,621.0,108,201,0.26666666666666666,324
09X260,Bronx Center for Science and Mathematics,9,Queens,27,27.0,2530,621.0,108,201,1.0,1
09X260,Bronx Center for Science and Mathematics,9,Unknown,1,1.0,2530,621.0,108,201,1.0,263
09X263,Validus Preparatory Academy,9,Bronx,234,39.0,264,33.0,90,6,0.16666666666666666,320
09X263,Validus Preparatory Academy,9,Brooklyn,2,2.0,264,33.0,90,6,1.0,1
09X263,Validus Preparatory Academy,9,Manhattan,2,2.0,264,33.0,90,6,1.0,1
09X297,Morris Academy for Collaborative Studies,9,Bronx,549,70.0,568,80.0,123,6,0.12750455373406194,373
09X297,Morris Academy for Collaborative Studies,9,Brooklyn,2,2.0,568,80.0,123,6,1.0,1
09X297,Morris Academy for Collaborative Studies,9,Manhattan,7,7.0,568,80.0,123,6,1.0,1
09X297,Morris Academy for Collaborative Studies,9,Queens,1,1.0,568,80.0,123,6,1.0,406
09X297,Morris Academy for Collaborative Studies,9,Unknown,2,2.0,568,80.0,123,6,1.0,1
09X324,Bronx Early College Academy for Teaching & Learning,9,Bronx,503,81.0,549,93.0,81,133,0.1610337972166998,325
09X324,Bronx Early College Academy for Teaching & Learning,9,Brooklyn,3,3.0,549,93.0,81,133,1.0,1
09X324,Bronx Early College Academy for Teaching & Learning,9,Manhattan,13,13.0,549,93.0,81,133,1.0,1
09X324,Bronx Early College Academy for Teaching & Learning,9,Queens,4,4.0,549,93.0,81,133,1.0,1
09X324,Bronx Early College Academy for Teaching & Learning,9,Staten Island,2,2.0,549,93.0,81,133,1.0,1
09X324,Bronx Early College Academy for Teaching & Learning,9,Unknown,1,1.0,549,93.0,81,133,1.0,263
09X327,Comprehensive Model School Project M.S. 327,9,Bronx,669,216.0,706,224.0,90,103,0.32286995515695066,230
09X327,Comprehensive Model School Project M.S. 327,9,Brooklyn,4,4.0,706,224.0,90,103,1.0,1
09X327,Comprehensive Model School Project M.S. 327,9,Manhattan,9,9.0,706,224.0,90,103,1.0,1
09X327,Comprehensive Model School Project M.S. 327,9,Queens,1,1.0,706,224.0,90,103,1.0,406
09X327,Comprehensive Model School Project M.S. 327,9,Staten Island,3,3.0,706,224.0,90,103,1.0,1
09X327,Comprehensive Model School Project M.S. 327,9,Unknown,1,1.0,706,224.0,90,103,1.0,263
09X329,DreamYard Preparatory School,9,Bronx,485,46.0,522,57.0,108,64,0.09484536082474226,392
09X329,DreamYard Preparatory School,9,Brooklyn,3,3.0,522,57.0,108,64,1.0,1
09X329,DreamYard Preparatory School,9,Manhattan,8,8.0,522,57.0,108,64,1.0,1
09X329,DreamYard Preparatory School,9,Queens,1,1.0,522,57.0,108,64,1.0,406
09X329,DreamYard Preparatory School,9,Unknown,1,1.0,522,57.0,108,64,1.0,263
09X350,New Directions Secondary School,9,Bronx,60,14.0,72,9.0,25,6,0.23333333333333334,257
09X350,New Directions Secondary School,9,Manhattan,3,3.0,72,9.0,25,6,1.0,1
09X365,Academy for Language and Technology,9,Bronx,707,203.0,773,224.0,92,89,0.2871287128712871,241
09X365,Academy for Language and Technology,9,Brooklyn,8,8.0,773,224.0,92,89,1.0,1
09X365,Academy for Language and Technology,9,Manhattan,23,11.0,773,224.0,92,89,0.4782608695652174,270
09X365,Academy for Language and Technology,9,Queens,8,8.0,773,224.0,92,89,1.0,1
09X365,Academy for Language and Technology,9,Staten Island,1,1.0,773,224.0,92,89,1.0,196
09X365,Academy for Language and Technology,9,Unknown,2,2.0,773,224.0,92,89,1.0,1
09X403,Bronx International High School,9,Bronx,512,45.0,537,54.0,135,12,0.087890625,398
09X403,Bronx International High School,9,Brooklyn,2,2.0,537,54.0,135,12,1.0,1
09X403,Bronx International High School,9,Manhattan,7,7.0,537,54.0,135,12,1.0,1
09X403,Bronx International High School,9,Queens,4,4.0,537,54.0,135,12,1.0,1
09X403,Bronx International High School,9,Unknown,1,1.0,537,54.0,135,12,1.0,263
09X404,School for Excellence,9,Bronx,104,21.0,134,13.0,116,6,0.20192307692307693,277
09X404,School for Excellence,9,Brooklyn,3,3.0,134,13.0,116,6,1.0,1
09X404,School for Excellence,9,Manhattan,3,3.0,134,13.0,116,6,1.0,1
09X404,School for Excellence,9,Queens,1,1.0,134,13.0,116,6,1.0,406
09X412,Bronx High School of Business,9,Bronx,719,45.0,765,66.0,120,6,0.06258692628650904,405
09X412,Bronx High School of Business,9,Brooklyn,5,5.0,765,66.0,120,6,1.0,1
09X412,Bronx High School of Business,9,Manhattan,12,12.0,765,66.0,120,6,1.0,1
09X412,Bronx High School of Business,9,Queens,6,6.0,765,66.0,120,6,1.0,1
09X412,Bronx High School of Business,9,Unknown,1,1.0,765,66.0,120,6,1.0,263
09X413,Bronx High School for Medical Science,9,Bronx,1014,137.0,1104,178.0,90,170,0.1351084812623274,361
09X413,Bronx High School for Medical Science,9,Brooklyn,10,10.0,1104,178.0,90,170,1.0,1
09X413,Bronx High School for Medical Science,9,Manhattan,40,13.0,1104,178.0,90,170,0.325,309
09X413,Bronx High School for Medical Science,9,Queens,24,24.0,1104,178.0,90,170,1.0,1
09X413,Bronx High School for Medical Science,9,Staten Island,1,1.0,1104,178.0,90,170,1.0,196
09X413,Bronx High School for Medical Science,9,Unknown,2,2.0,1104,178.0,90,170,1.0,1
09X505,"Bronx School for Law, Government and Justice",9,Bronx,1046,236.0,1132,259.0,120,154,0.22562141491395793,263
09X505,"Bronx School for Law, Government and Justice",9,Brooklyn,10,10.0,1132,259.0,120,154,1.0,1
09X505,"Bronx School for Law, Government and Justice",9,Manhattan,31,16.0,1132,259.0,120,154,0.5161290322580645,262
09X505,"Bronx School for Law, Government and Justice",9,Queens,20,20.0,1132,259.0,120,154,1.0,1
09X505,"Bronx School for Law, Government and Justice",9,Staten Island,3,3.0,1132,259.0,120,154,1.0,1
09X505,"Bronx School for Law, Government and Justice",9,Unknown,1,1.0,1132,259.0,120,154,1.0,263
09X517,Frederick Douglass Academy III Secondary School,9,Bronx,381,32.0,404,35.0,108,6,0.08398950131233596,400
09X517,Frederick Douglass Academy III Secondary School,9,Brooklyn,4,4.0,404,35.0,108,6,1.0,1
09X517,Frederick Douglass Academy III Secondary School,9,Manhattan,8,8.0,404,35.0,108,6,1.0,1
09X517,Frederick Douglass Academy III Secondary School,9,Queens,5,5.0,404,35.0,108,6,1.0,1
09X525,Bronx Leadership Academy High School,9,Bronx,986,98.0,1027,107.0,105,123,0.09939148073022312,391
09X525,Bronx Leadership Academy High School,9,Brooklyn,5,5.0,1027,107.0,105,123,1.0,1
09X525,Bronx Leadership Academy High School,9,Manhattan,12,12.0,1027,107.0,105,123,1.0,1
09X525,Bronx Leadership Academy High School,9,Queens,1,1.0,1027,107.0,105,123,1.0,406
09X525,Bronx Leadership Academy High School,9,Unknown,1,1.0,1027,107.0,105,123,1.0,263
09X543,High School for Violin and Dance,9,Bronx,94,21.0,149,19.0,108,6,0.22340425531914893,265
09X543,High School for Violin and Dance,9,Brooklyn,12,12.0,149,19.0,108,6,1.0,1
09X543,High School for Violin and Dance,9,Manhattan,6,6.0,149,19.0,108,6,1.0,1
09X543,High School for Violin and Dance,9,Queens,6,6.0,149,19.0,108,6,1.0,1
09X543,High School for Violin and Dance,9,Unknown,1,1.0,149,19.0,108,6,1.0,263
09X564,Claremont International HS,9,Bronx,380,53.0,412,50.0,81,25,0.1394736842105263,349
09X564,Claremont International HS,9,Brooklyn,3,3.0,412,50.0,81,25,1.0,1
09X564,Claremont International HS,9,Manhattan,11,11.0,412,50.0,81,25,1.0,1
09X564,Claremont International HS,9,Queens,2,2.0,412,50.0,81,25,1.0,1
09X564,Claremont International HS,9,Unknown,1,1.0,412,50.0,81,25,1.0,263
09X568,Young Women's Leadership School of the Bronx,9,Bronx,417,95.0,449,109.0,90,127,0.2278177458033573,260
09X568,Young Women's Leadership School of the Bronx,9,Brooklyn,2,2.0,449,109.0,90,127,1.0,1
09X568,Young Women's Leadership School of the Bronx,9,Manhattan,8,8.0,449,109.0,90,127,1.0,1
09X568,Young Women's Leadership School of the Bronx,9,Queens,4,4.0,449,109.0,90,127,1.0,1
09X568,Young Women's Leadership School of the Bronx,9,Unknown,1,1.0,449,109.0,90,127,1.0,263
10X141,Riverdale / Kingsbridge Academy (Middle School / High School 141),10,Bronx,634,261.0,648,268.0,210,288,0.4116719242902208,213
10X141,Riverdale / Kingsbridge Academy (Middle School / High School 141),10,Brooklyn,2,2.0,648,268.0,210,288,1.0,1
10X141,Riverdale / Kingsbridge Academy (Middle School / High School 141),10,Manhattan,5,5.0,648,268.0,210,288,1.0,1
10X141,Riverdale / Kingsbridge Academy (Middle School / High School 141),10,Unknown,1,1.0,648,268.0,210,288,1.0,263
10X213,Bronx Engineering and Technology Academy,10,Bronx,672,93.0,754,115.0,142,6,0.13839285714285715,351
10X213,Bronx Engineering and Technology Academy,10,Brooklyn,8,8.0,754,115.0,142,6,1.0,1
10X213,Bronx Engineering and Technology Academy,10,Manhattan,27,11.0,754,115.0,142,6,0.4074074074074074,283
10X213,Bronx Engineering and Technology Academy,10,Queens,8,8.0,754,115.0,142,6,1.0,1
10X213,Bronx Engineering and Technology Academy,10,Staten Island,1,1.0,754,115.0,142,6,1.0,196
10X213,Bronx Engineering and Technology Academy,10,Unknown,10,1.0,754,115.0,142,6,0.1,219
10X225,Theatre Arts Production Company School,10,Bronx,568,57.0,633,88.0,170,6,0.10035211267605634,390
10X225,Theatre Arts Production Company School,10,Brooklyn,16,16.0,633,88.0,170,6,1.0,1
10X225,Theatre Arts Production Company School,10,Manhattan,12,12.0,633,88.0,170,6,1.0,1
10X225,Theatre Arts Production Company School,10,Queens,11,11.0,633,88.0,170,6,1.0,1
10X225,Theatre Arts Production Company School,10,Staten Island,1,1.0,633,88.0,170,6,1.0,196
10X225,Theatre Arts Production Company School,10,Unknown,1,1.0,633,88.0,170,6,1.0,263
10X228,Jonas Bronck Academy,10,Bronx,350,92.0,372,91.0,90,6,0.26285714285714284,248
10X228,Jonas Bronck Academy,10,Brooklyn,3,3.0,372,91.0,90,6,1.0,1
10X228,Jonas Bronck Academy,10,Manhattan,3,3.0,372,91.0,90,6,1.0,1
10X228,Jonas Bronck Academy,10,Queens,2,2.0,372,91.0,90,6,1.0,1
10X237,"The Marie Curie High School for Medicine, Nursing, and Health Professions",10,Bronx,231,30.0,334,46.0,135,6,0.12987012987012986,369
10X237,"The Marie Curie High School for Medicine, Nursing, and Health Professions",10,Brooklyn,20,20.0,334,46.0,135,6,1.0,1
10X237,"The Marie Curie High School for Medicine, Nursing, and Health Professions",10,Manhattan,10,10.0,334,46.0,135,6,1.0,1
10X237,"The Marie Curie High School for Medicine, Nursing, and Health Professions",10,Queens,13,13.0,334,46.0,135,6,1.0,1
10X237,"The Marie Curie High School for Medicine, Nursing, and Health Professions",10,Staten Island,3,3.0,334,46.0,135,6,1.0,1
10X237,"The Marie Curie High School for Medicine, Nursing, and Health Professions",10,Unknown,1,1.0,334,46.0,135,6,1.0,263
10X243,West Bronx Academy for the Future,10,Bronx,893,129.0,917,136.0,90,109,0.1444568868980963,343
10X243,West Bronx Academy for the Future,10,Brooklyn,3,3.0,917,136.0,90,109,1.0,1
10X243,West Bronx Academy for the Future,10,Manhattan,7,7.0,917,136.0,90,109,1.0,1
10X243,West Bronx Academy for the Future,10,Queens,3,3.0,917,136.0,90,109,1.0,1
10X243,West Bronx Academy for the Future,10,Unknown,1,1.0,917,136.0,90,109,1.0,263
10X264,Bronx Academy for Software Engineering (BASE),10,Bronx,1131,148.0,1199,175.0,120,165,0.13085764809902742,368
10X264,Bronx Academy for Software Engineering (BASE),10,Brooklyn,10,10.0,1199,175.0,120,165,1.0,1
10X264,Bronx Academy for Software Engineering (BASE),10,Manhattan,14,9.0,1199,175.0,120,165,0.6428571428571429,239
10X264,Bronx Academy for Software Engineering (BASE),10,Queens,12,12.0,1199,175.0,120,165,1.0,1
10X264,Bronx Academy for Software Engineering (BASE),10,Staten Island,1,1.0,1199,175.0,120,165,1.0,196
10X264,Bronx Academy for Software Engineering (BASE),10,Unknown,1,1.0,1199,175.0,120,165,1.0,263
10X268,Kingsbridge International High School,10,Bronx,166,19.0,206,15.0,108,6,0.1144578313253012,380
10X268,Kingsbridge International High School,10,Brooklyn,4,4.0,206,15.0,108,6,1.0,1
10X268,Kingsbridge International High School,10,Manhattan,3,3.0,206,15.0,108,6,1.0,1
10X268,Kingsbridge International High School,10,Queens,4,4.0,206,15.0,108,6,1.0,1
10X268,Kingsbridge International High School,10,Unknown,1,1.0,206,15.0,108,6,1.0,263
10X284,Bronx School of Law and Finance,10,Bronx,488,45.0,558,58.0,130,6,0.09221311475409837,395
10X284,Bronx School of Law and Finance,10,Brooklyn,7,7.0,558,58.0,130,6,1.0,1
10X284,Bronx School of Law and Finance,10,Manhattan,26,12.0,558,58.0,130,6,0.46153846153846156,274
10X284,Bronx School of Law and Finance,10,Queens,11,11.0,558,58.0,130,6,1.0,1
10X284,Bronx School of Law and Finance,10,Staten Island,1,1.0,558,58.0,130,6,1.0,196
10X284,Bronx School of Law and Finance,10,Unknown,7,1.0,558,58.0,130,6,0.14285714285714285,194
10X342,International School for Liberal Arts,10,Bronx,208,85.0,219,81.0,100,6,0.40865384615384615,214
10X342,International School for Liberal Arts,10,Manhattan,3,3.0,219,81.0,100,6,1.0,1
10X342,International School for Liberal Arts,10,Queens,1,1.0,219,81.0,100,6,1.0,406
10X342,International School for Liberal Arts,10,Unknown,1,1.0,219,81.0,100,6,1.0,263
10X351,Bronx Collaborative High School,10,Bronx,562,44.0,582,47.0,150,6,0.07829181494661921,402
10X351,Bronx Collaborative High School,10,Brooklyn,1,1.0,582,47.0,150,6,1.0,420
10X351,Bronx Collaborative High School,10,Manhattan,5,5.0,582,47.0,150,6,1.0,1
10X351,Bronx Collaborative High School,10,Queens,4,4.0,582,47.0,150,6,1.0,1
10X353,World View High School,10,Bronx,1310,245.0,1343,263.0,150,195,0.18702290076335878,297
10X353,World View High School,10,Brooklyn,2,2.0,1343,263.0,150,195,1.0,1
10X353,World View High School,10,Manhattan,13,13.0,1343,263.0,150,195,1.0,1
10X353,World View High School,10,Queens,4,4.0,1343,263.0,150,195,1.0,1
10X353,World View High School,10,Unknown,1,1.0,1343,263.0,150,195,1.0,263
10X368,In-Tech Academy (M.S. / High School 368),10,Bronx,655,223.0,707,244.0,160,205,0.34045801526717556,225
10X368,In-Tech Academy (M.S. / High School 368),10,Brooklyn,1,1.0,707,244.0,160,205,1.0,420
10X368,In-Tech Academy (M.S. / High School 368),10,Manhattan,32,11.0,707,244.0,160,205,0.34375,303
10X368,In-Tech Academy (M.S. / High School 368),10,Queens,3,3.0,707,244.0,160,205,1.0,1
10X368,In-Tech Academy (M.S. / High School 368),10,Unknown,9,1.0,707,244.0,160,205,0.1111111111111111,214
10X374,Knowledge and Power Preparatory Academy International High School (Kappa),10,Bronx,2204,408.0,2279,431.0,120,179,0.1851179673321234,299
10X374,Knowledge and Power Preparatory Academy International High School (Kappa),10,Brooklyn,7,7.0,2279,431.0,120,179,1.0,1
10X374,Knowledge and Power Preparatory Academy International High School (Kappa),10,Manhattan,42,15.0,2279,431.0,120,179,0.35714285714285715,296
10X374,Knowledge and Power Preparatory Academy International High School (Kappa),10,Queens,8,8.0,2279,431.0,120,179,1.0,1
10X374,Knowledge and Power Preparatory Academy International High School (Kappa),10,Unknown,6,1.0,2279,431.0,120,179,0.16666666666666666,182
10X433,High School for Teaching and the Professions,10,Bronx,300,57.0,344,61.0,102,6,0.19,291
10X433,High School for Teaching and the Professions,10,Brooklyn,2,2.0,344,61.0,102,6,1.0,1
10X433,High School for Teaching and the Professions,10,Manhattan,5,5.0,344,61.0,102,6,1.0,1
10X433,High School for Teaching and the Professions,10,Queens,2,2.0,344,61.0,102,6,1.0,1
10X433,High School for Teaching and the Professions,10,Unknown,1,1.0,344,61.0,102,6,1.0,263
10X434,Belmont Preparatory High School,10,Bronx,1406,187.0,1447,203.0,108,176,0.13300142247510668,364
10X434,Belmont Preparatory High School,10,Brooklyn,6,6.0,1447,203.0,108,176,1.0,1
10X434,Belmont Preparatory High School,10,Manhattan,11,11.0,1447,203.0,108,176,1.0,1
10X434,Belmont Preparatory High School,10,Queens,4,4.0,1447,203.0,108,176,1.0,1
10X434,Belmont Preparatory High School,10,Unknown,2,2.0,1447,203.0,108,176,1.0,1
10X437,Fordham High School for the Arts,10,Bronx,1680,358.0,1826,399.0,130,158,0.2130952380952381,270
10X437,Fordham High School for the Arts,10,Brooklyn,15,15.0,1826,399.0,130,158,1.0,1
10X437,Fordham High School for the Arts,10,Manhattan,59,19.0,1826,399.0,130,158,0.3220338983050847,310
10X437,Fordham High School for the Arts,10,Queens,20,20.0,1826,399.0,130,158,1.0,1
10X437,Fordham High School for the Arts,10,Staten Island,2,2.0,1826,399.0,130,158,1.0,1
10X437,Fordham High School for the Arts,10,Unknown,8,3.0,1826,399.0,130,158,0.375,95
10X438,Fordham Leadership Academy,10,Bronx,2357,401.0,2416,416.0,108,155,0.17013152312261348,318
10X438,Fordham Leadership Academy,10,Brooklyn,3,3.0,2416,416.0,108,155,1.0,1
10X438,Fordham Leadership Academy,10,Manhattan,23,13.0,2416,416.0,108,155,0.5652173913043478,254
10X438,Fordham Leadership Academy,10,Queens,9,9.0,2416,416.0,108,155,1.0,1
10X438,Fordham Leadership Academy,10,Staten Island,1,1.0,2416,416.0,108,155,1.0,196
10X438,Fordham Leadership Academy,10,Unknown,1,1.0,2416,416.0,108,155,1.0,263
10X439,Bronx High School for Law and Community Service,10,Bronx,1402,192.0,1467,220.0,108,163,0.1369472182596291,355
10X439,Bronx High School for Law and Community Service,10,Brooklyn,10,10.0,1467,220.0,108,163,1.0,1
10X439,Bronx High School for Law and Community Service,10,Manhattan,21,14.0,1467,220.0,108,163,0.6666666666666666,235
10X439,Bronx High School for Law and Community Service,10,Queens,10,10.0,1467,220.0,108,163,1.0,1
10X439,Bronx High School for Law and Community Service,10,Unknown,2,2.0,1467,220.0,108,163,1.0,1
10X440,DeWitt Clinton High School,10,Bronx,2742,547.0,2901,586.0,385,492,0.19948942377826404,279
10X440,DeWitt Clinton High School,10,Brooklyn,22,22.0,2901,586.0,385,492,1.0,1
10X440,DeWitt Clinton High School,10,Manhattan,77,27.0,2901,586.0,385,492,0.35064935064935066,300
10X440,DeWitt Clinton High School,10,Queens,11,11.0,2901,586.0,385,492,1.0,1
10X440,DeWitt Clinton High School,10,Unknown,7,2.0,2901,586.0,385,492,0.2857142857142857,121
10X442,"Celia Cruz Bronx High School of Music, The",10,Bronx,493,119.0,561,165.0,140,114,0.2413793103448276,255
10X442,"Celia Cruz Bronx High School of Music, The",10,Brooklyn,9,9.0,561,165.0,140,114,1.0,1
10X442,"Celia Cruz Bronx High School of Music, The",10,Manhattan,21,14.0,561,165.0,140,114,0.6666666666666666,235
10X442,"Celia Cruz Bronx High School of Music, The",10,Queens,10,10.0,561,165.0,140,114,1.0,1
10X442,"Celia Cruz Bronx High School of Music, The",10,Unknown,9,3.0,561,165.0,140,114,0.3333333333333333,101
10X445,The Bronx High School of Science,10,Bronx,4469,0.0,14091,,598,712,0.0,406
10X445,The Bronx High School of Science,10,Brooklyn,2138,0.0,14091,,598,712,0.0,411
10X445,The Bronx High School of Science,10,Manhattan,2500,0.0,14091,,598,712,0.0,386
10X445,The Bronx High School of Science,10,Queens,4634,0.0,14091,,598,712,0.0,397
10X445,The Bronx High School of Science,10,Staten Island,129,0.0,14091,,598,712,0.0,187
10X445,The Bronx High School of Science,10,Unknown,207,0.0,14091,,598,712,0.0,254
10X477,Marble Hill High School for International Studies,10,Bronx,730,132.0,810,158.0,108,139,0.18082191780821918,306
10X477,Marble Hill High School for International Studies,10,Brooklyn,2,2.0,810,158.0,108,139,1.0,1
10X477,Marble Hill High School for International Studies,10,Manhattan,43,17.0,810,158.0,108,139,0.3953488372093023,286
10X477,Marble Hill High School for International Studies,10,Queens,5,5.0,810,158.0,108,139,1.0,1
10X477,Marble Hill High School for International Studies,10,Unknown,15,6.0,810,158.0,108,139,0.4,89
10X524,Crotona International High School,10,Bronx,283,51.0,309,47.0,81,19,0.18021201413427562,308
10X524,Crotona International High School,10,Manhattan,5,5.0,309,47.0,81,19,1.0,1
10X524,Crotona International High School,10,Queens,2,2.0,309,47.0,81,19,1.0,1
10X524,Crotona International High School,10,Unknown,1,1.0,309,47.0,81,19,1.0,263
10X546,Bronx Theatre High School,10,Bronx,362,37.0,414,45.0,128,6,0.10220994475138122,388
10X546,Bronx Theatre High School,10,Brooklyn,3,3.0,414,45.0,128,6,1.0,1
10X546,Bronx Theatre High School,10,Manhattan,15,9.0,414,45.0,128,6,0.6,245
10X546,Bronx Theatre High School,10,Queens,4,4.0,414,45.0,128,6,1.0,1
10X546,Bronx Theatre High School,10,Unknown,1,1.0,414,45.0,128,6,1.0,263
10X549,Discovery High School,10,Bronx,671,92.0,716,95.0,108,135,0.13710879284649777,354
10X549,Discovery High School,10,Brooklyn,1,1.0,716,95.0,108,135,1.0,420
10X549,Discovery High School,10,Manhattan,14,7.0,716,95.0,108,135,0.5,265
10X549,Discovery High School,10,Queens,2,2.0,716,95.0,108,135,1.0,1
10X549,Discovery High School,10,Unknown,1,1.0,716,95.0,108,135,1.0,263
10X565,High School for Energy and Technology,10,Bronx,448,48.0,503,51.0,120,6,0.10714285714285714,384
10X565,High School for Energy and Technology,10,Brooklyn,5,5.0,503,51.0,120,6,1.0,1
10X565,High School for Energy and Technology,10,Manhattan,4,4.0,503,51.0,120,6,1.0,1
10X565,High School for Energy and Technology,10,Queens,13,13.0,503,51.0,120,6,1.0,1
10X565,High School for Energy and Technology,10,Unknown,1,1.0,503,51.0,120,6,1.0,263
10X696,High School of American Studies at Lehman College,10,Bronx,3942,0.0,11323,,77,111,0.0,406
10X696,High School of American Studies at Lehman College,10,Brooklyn,2017,0.0,11323,,77,111,0.0,411
10X696,High School of American Studies at Lehman College,10,Manhattan,2009,0.0,11323,,77,111,0.0,386
10X696,High School of American Studies at Lehman College,10,Queens,3052,0.0,11323,,77,111,0.0,397
10X696,High School of American Studies at Lehman College,10,Staten Island,127,0.0,11323,,77,111,0.0,187
10X696,High School of American Studies at Lehman College,10,Unknown,162,0.0,11323,,77,111,0.0,254
11X249,Bronx Health Sciences High School,11,Bronx,1189,189.0,1270,225.0,200,261,0.15895710681244743,326
11X249,Bronx Health Sciences High School,11,Brooklyn,10,10.0,1270,225.0,200,261,1.0,1
11X249,Bronx Health Sciences High School,11,Manhattan,21,16.0,1270,225.0,200,261,0.7619047619047619,228
11X249,Bronx Health Sciences High School,11,Queens,18,18.0,1270,225.0,200,261,1.0,1
11X249,Bronx Health Sciences High School,11,Staten Island,1,1.0,1270,225.0,200,261,1.0,196
11X249,Bronx Health Sciences High School,11,Unknown,1,1.0,1270,225.0,200,261,1.0,263
11X265,Bronx Lab School,11,Bronx,360,37.0,381,47.0,123,6,0.10277777777777777,387
11X265,Bronx Lab School,11,Brooklyn,2,2.0,381,47.0,123,6,1.0,1
11X265,Bronx Lab School,11,Manhattan,8,8.0,381,47.0,123,6,1.0,1
11X265,Bronx Lab School,11,Queens,1,1.0,381,47.0,123,6,1.0,406
11X270,Academy for Scholarship and Entrepreneurship: A College Board School,11,Bronx,672,131.0,775,148.0,120,6,0.1949404761904762,283
11X270,Academy for Scholarship and Entrepreneurship: A College Board School,11,Brooklyn,32,18.0,775,148.0,120,6,0.5625,194
11X270,Academy for Scholarship and Entrepreneurship: A College Board School,11,Manhattan,9,9.0,775,148.0,120,6,1.0,1
11X270,Academy for Scholarship and Entrepreneurship: A College Board School,11,Queens,19,19.0,775,148.0,120,6,1.0,1
11X270,Academy for Scholarship and Entrepreneurship: A College Board School,11,Staten Island,1,1.0,775,148.0,120,6,1.0,196
11X270,Academy for Scholarship and Entrepreneurship: A College Board School,11,Unknown,2,2.0,775,148.0,120,6,1.0,1
11X275,High School of Computers and Technology,11,Bronx,634,84.0,715,115.0,181,156,0.13249211356466878,365
11X275,High School of Computers and Technology,11,Brooklyn,18,18.0,715,115.0,181,156,1.0,1
11X275,High School of Computers and Technology,11,Manhattan,13,13.0,715,115.0,181,156,1.0,1
11X275,High School of Computers and Technology,11,Queens,19,19.0,715,115.0,181,156,1.0,1
11X275,High School of Computers and Technology,11,Staten Island,4,4.0,715,115.0,181,156,1.0,1
11X275,High School of Computers and Technology,11,Unknown,2,2.0,715,115.0,181,156,1.0,1
11X288,Collegiate Institute for Math and Science,11,Bronx,1704,297.0,1764,317.0,133,200,0.1742957746478873,313
11X288,Collegiate Institute for Math and Science,11,Brooklyn,12,12.0,1764,317.0,133,200,1.0,1
11X288,Collegiate Institute for Math and Science,11,Manhattan,12,12.0,1764,317.0,133,200,1.0,1
11X288,Collegiate Institute for Math and Science,11,Queens,16,16.0,1764,317.0,133,200,1.0,1
11X288,Collegiate Institute for Math and Science,11,Staten Island,2,2.0,1764,317.0,133,200,1.0,1
11X288,Collegiate Institute for Math and Science,11,Unknown,2,2.0,1764,317.0,133,200,1.0,1
11X290,Bronx Academy of Health Careers,11,Bronx,850,76.0,897,90.0,108,6,0.08941176470588236,396
11X290,Bronx Academy of Health Careers,11,Brooklyn,5,5.0,897,90.0,108,6,1.0,1
11X290,Bronx Academy of Health Careers,11,Manhattan,14,14.0,897,90.0,108,6,1.0,1
11X290,Bronx Academy of Health Careers,11,Queens,9,9.0,897,90.0,108,6,1.0,1
11X290,Bronx Academy of Health Careers,11,Unknown,2,2.0,897,90.0,108,6,1.0,1
11X299,Astor Collegiate Academy,11,Bronx,2143,316.0,2199,342.0,120,189,0.14745683621091926,339
11X299,Astor Collegiate Academy,11,Brooklyn,9,9.0,2199,342.0,120,189,1.0,1
11X299,Astor Collegiate Academy,11,Manhattan,14,14.0,2199,342.0,120,189,1.0,1
11X299,Astor Collegiate Academy,11,Queens,7,7.0,2199,342.0,120,189,1.0,1
11X299,Astor Collegiate Academy,11,Unknown,1,1.0,2199,342.0,120,189,1.0,263
11X418,Bronx High School for the Visual Arts,11,Bronx,901,146.0,951,168.0,102,136,0.16204217536071033,323
11X418,Bronx High School for the Visual Arts,11,Brooklyn,12,12.0,951,168.0,102,136,1.0,1
11X418,Bronx High School for the Visual Arts,11,Manhattan,12,12.0,951,168.0,102,136,1.0,1
11X418,Bronx High School for the Visual Arts,11,Queens,7,7.0,951,168.0,102,136,1.0,1
11X418,Bronx High School for the Visual Arts,11,Staten Island,1,1.0,951,168.0,102,136,1.0,196
11X418,Bronx High School for the Visual Arts,11,Unknown,1,1.0,951,168.0,102,136,1.0,263
11X455,Harry S Truman High School,11,Bronx,1796,374.0,1891,390.0,913,6,0.20824053452115812,272
11X455,Harry S Truman High School,11,Brooklyn,13,13.0,1891,390.0,913,6,1.0,1
11X455,Harry S Truman High School,11,Manhattan,17,17.0,1891,390.0,913,6,1.0,1
11X455,Harry S Truman High School,11,Queens,21,21.0,1891,390.0,913,6,1.0,1
11X455,Harry S Truman High School,11,Unknown,2,2.0,1891,390.0,913,6,1.0,1
11X508,Bronxdale High School,11,Bronx,1798,245.0,1828,267.0,129,190,0.13626251390433816,358
11X508,Bronxdale High School,11,Brooklyn,2,2.0,1828,267.0,129,190,1.0,1
11X508,Bronxdale High School,11,Manhattan,10,10.0,1828,267.0,129,190,1.0,1
11X508,Bronxdale High School,11,Queens,4,4.0,1828,267.0,129,190,1.0,1
11X509,High School of Language and Innovation,11,Bronx,275,50.0,299,56.0,108,36,0.18181818181818182,305
11X509,High School of Language and Innovation,11,Brooklyn,3,3.0,299,56.0,108,36,1.0,1
11X509,High School of Language and Innovation,11,Manhattan,4,4.0,299,56.0,108,36,1.0,1
11X513,New World High School,11,Bronx,609,118.0,625,129.0,108,69,0.19376026272577998,284
11X513,New World High School,11,Manhattan,5,5.0,625,129.0,108,69,1.0,1
11X513,New World High School,11,Queens,4,4.0,625,129.0,108,69,1.0,1
11X513,New World High School,11,Unknown,1,1.0,625,129.0,108,69,1.0,263
11X514,The Bronxwood Preparatory Academy,11,Bronx,644,97.0,668,93.0,120,150,0.15062111801242237,333
11X514,The Bronxwood Preparatory Academy,11,Brooklyn,2,2.0,668,93.0,120,150,1.0,1
11X514,The Bronxwood Preparatory Academy,11,Manhattan,6,6.0,668,93.0,120,150,1.0,1
11X514,The Bronxwood Preparatory Academy,11,Queens,4,4.0,668,93.0,120,150,1.0,1
11X542,Pelham Preparatory Academy,11,Bronx,2307,442.0,2331,448.0,130,211,0.1915908105765063,288
11X542,Pelham Preparatory Academy,11,Brooklyn,1,1.0,2331,448.0,130,211,1.0,420
11X542,Pelham Preparatory Academy,11,Manhattan,10,10.0,2331,448.0,130,211,1.0,1
11X542,Pelham Preparatory Academy,11,Queens,2,2.0,2331,448.0,130,211,1.0,1
11X544,High School for Contemporary Arts,11,Bronx,516,40.0,607,55.0,240,6,0.07751937984496124,403
11X544,High School for Contemporary Arts,11,Brooklyn,21,16.0,607,55.0,240,6,0.7619047619047619,166
11X544,High School for Contemporary Arts,11,Manhattan,14,14.0,607,55.0,240,6,1.0,1
11X544,High School for Contemporary Arts,11,Queens,12,12.0,607,55.0,240,6,1.0,1
11X544,High School for Contemporary Arts,11,Staten Island,3,3.0,607,55.0,240,6,1.0,1
11X544,High School for Contemporary Arts,11,Unknown,1,1.0,607,55.0,240,6,1.0,263
11X545,Bronx Aerospace High School,11,Bronx,713,75.0,751,109.0,189,6,0.10518934081346423,385
11X545,Bronx Aerospace High School,11,Brooklyn,7,7.0,751,109.0,189,6,1.0,1
11X545,Bronx Aerospace High School,11,Manhattan,9,9.0,751,109.0,189,6,1.0,1
11X545,Bronx Aerospace High School,11,Queens,10,10.0,751,109.0,189,6,1.0,1
12X242,Mott Hall V,12,Bronx,972,266.0,1001,282.0,81,91,0.2736625514403292,243
12X242,Mott Hall V,12,Brooklyn,6,6.0,1001,282.0,81,91,1.0,1
12X242,Mott Hall V,12,Manhattan,8,8.0,1001,282.0,81,91,1.0,1
12X242,Mott Hall V,12,Queens,2,2.0,1001,282.0,81,91,1.0,1
12X248,"Metropolitan High School, The",12,Bronx,184,36.0,228,33.0,151,6,0.1956521739130435,282
12X248,"Metropolitan High School, The",12,Brooklyn,4,4.0,228,33.0,151,6,1.0,1
12X248,"Metropolitan High School, The",12,Manhattan,4,4.0,228,33.0,151,6,1.0,1
12X248,"Metropolitan High School, The",12,Queens,13,13.0,228,33.0,151,6,1.0,1
12X248,"Metropolitan High School, The",12,Unknown,1,1.0,228,33.0,151,6,1.0,263
12X251,Explorations Academy H.S.,12,Bronx,443,32.0,476,39.0,117,6,0.07223476297968397,404
12X251,Explorations Academy H.S.,12,Brooklyn,3,3.0,476,39.0,117,6,1.0,1
12X251,Explorations Academy H.S.,12,Manhattan,6,6.0,476,39.0,117,6,1.0,1
12X251,Explorations Academy H.S.,12,Queens,6,6.0,476,39.0,117,6,1.0,1
12X251,Explorations Academy H.S.,12,Staten Island,1,1.0,476,39.0,117,6,1.0,196
12X267,Bronx Latin,12,Bronx,807,140.0,841,149.0,81,113,0.1734820322180917,314
12X267,Bronx Latin,12,Brooklyn,4,4.0,841,149.0,81,113,1.0,1
12X267,Bronx Latin,12,Manhattan,14,14.0,841,149.0,81,113,1.0,1
12X267,Bronx Latin,12,Queens,3,3.0,841,149.0,81,113,1.0,1
12X267,Bronx Latin,12,Unknown,1,1.0,841,149.0,81,113,1.0,263
12X271,East Bronx Academy for the Future,12,Bronx,450,86.0,464,97.0,90,79,0.19111111111111112,289
12X271,East Bronx Academy for the Future,12,Brooklyn,2,2.0,464,97.0,90,79,1.0,1
12X271,East Bronx Academy for the Future,12,Manhattan,3,3.0,464,97.0,90,79,1.0,1
12X271,East Bronx Academy for the Future,12,Staten Island,1,1.0,464,97.0,90,79,1.0,196
12X271,East Bronx Academy for the Future,12,Unknown,1,1.0,464,97.0,90,79,1.0,263
12X388,Pan American International High School at Monroe,12,Bronx,250,68.0,310,71.0,108,43,0.272,244
12X388,Pan American International High School at Monroe,12,Brooklyn,3,3.0,310,71.0,108,43,1.0,1
12X388,Pan American International High School at Monroe,12,Manhattan,4,4.0,310,71.0,108,43,1.0,1
12X388,Pan American International High School at Monroe,12,Queens,25,11.0,310,71.0,108,43,0.44,263
12X388,Pan American International High School at Monroe,12,Unknown,1,1.0,310,71.0,108,43,1.0,263
12X446,Arturo A. Schomburg Satellite Academy Bronx,12,Bronx,192,29.0,222,33.0,40,24,0.15104166666666666,332
12X446,Arturo A. Schomburg Satellite Academy Bronx,12,Brooklyn,3,3.0,222,33.0,40,24,1.0,1
12X446,Arturo A. Schomburg Satellite Academy Bronx,12,Manhattan,7,7.0,222,33.0,40,24,1.0,1
12X446,Arturo A. Schomburg Satellite Academy Bronx,12,Queens,2,2.0,222,33.0,40,24,1.0,1
12X478,The Cinema School,12,Bronx,579,131.0,618,139.0,81,117,0.22625215889464595,262
12X478,The Cinema School,12,Brooklyn,3,3.0,618,139.0,81,117,1.0,1
12X478,The Cinema School,12,Manhattan,11,11.0,618,139.0,81,117,1.0,1
12X478,The Cinema School,12,Queens,4,4.0,618,139.0,81,117,1.0,1
12X479,Bronx Career and College Preparatory High School,12,Bronx,301,39.0,321,28.0,81,6,0.12956810631229235,371
12X479,Bronx Career and College Preparatory High School,12,Brooklyn,4,4.0,321,28.0,81,6,1.0,1
12X479,Bronx Career and College Preparatory High School,12,Manhattan,9,9.0,321,28.0,81,6,1.0,1
12X511,Bronx Envision Academy,12,Bronx,430,40.0,459,44.0,108,6,0.09302325581395349,394
12X511,Bronx Envision Academy,12,Brooklyn,2,2.0,459,44.0,108,6,1.0,1
12X511,Bronx Envision Academy,12,Manhattan,6,6.0,459,44.0,108,6,1.0,1
12X511,Bronx Envision Academy,12,Queens,1,1.0,459,44.0,108,6,1.0,406
12X511,Bronx Envision Academy,12,Unknown,1,1.0,459,44.0,108,6,1.0,263
12X521,The Metropolitan Soundview High School,12,Bronx,421,66.0,453,67.0,120,74,0.15676959619952494,328
12X521,The Metropolitan Soundview High School,12,Brooklyn,4,4.0,453,67.0,120,74,1.0,1
12X521,The Metropolitan Soundview High School,12,Manhattan,4,4.0,453,67.0,120,74,1.0,1
12X521,The Metropolitan Soundview High School,12,Queens,7,7.0,453,67.0,120,74,1.0,1
12X521,The Metropolitan Soundview High School,12,Unknown,1,1.0,453,67.0,120,74,1.0,263
12X550,High School of World Cultures,12,Bronx,344,57.0,380,49.0,108,36,0.16569767441860464,321
12X550,High School of World Cultures,12,Brooklyn,2,2.0,380,49.0,108,36,1.0,1
12X550,High School of World Cultures,12,Manhattan,10,10.0,380,49.0,108,36,1.0,1
12X550,High School of World Cultures,12,Queens,2,2.0,380,49.0,108,36,1.0,1
12X550,High School of World Cultures,12,Unknown,1,1.0,380,49.0,108,36,1.0,263
12X641,Bard High School Early College Bronx,12,Bronx,1201,526.0,1391,613.0,100,106,0.4379683597002498,208
12X641,Bard High School Early College Bronx,12,Brooklyn,10,10.0,1391,613.0,100,106,1.0,1
12X641,Bard High School Early College Bronx,12,Manhattan,64,30.0,1391,613.0,100,106,0.46875,272
12X641,Bard High School Early College Bronx,12,Queens,28,28.0,1391,613.0,100,106,1.0,1
12X641,Bard High School Early College Bronx,12,Staten Island,1,1.0,1391,613.0,100,106,1.0,196
12X641,Bard High School Early College Bronx,12,Unknown,3,3.0,1391,613.0,100,106,1.0,1
12X682,Fannie Lou Hamer Freedom High School,12,Bronx,362,70.0,388,73.0,110,83,0.19337016574585636,285
12X682,Fannie Lou Hamer Freedom High School,12,Brooklyn,2,2.0,388,73.0,110,83,1.0,1
12X682,Fannie Lou Hamer Freedom High School,12,Manhattan,4,4.0,388,73.0,110,83,1.0,1
12X682,Fannie Lou Hamer Freedom High School,12,Queens,1,1.0,388,73.0,110,83,1.0,406
12X684,Wings Academy,12,Bronx,339,44.0,370,63.0,150,86,0.12979351032448377,370
12X684,Wings Academy,12,Brooklyn,5,5.0,370,63.0,150,86,1.0,1
12X684,Wings Academy,12,Manhattan,6,6.0,370,63.0,150,86,1.0,1
12X684,Wings Academy,12,Queens,7,7.0,370,63.0,150,86,1.0,1
12X684,Wings Academy,12,Unknown,1,1.0,370,63.0,150,86,1.0,263
13K265,Dr. Susan S. McKinney Secondary School of the Arts,13,Bronx,10,10.0,362,54.0,82,6,1.0,1
13K265,Dr. Susan S. McKinney Secondary School of the Arts,13,Brooklyn,262,43.0,362,54.0,82,6,0.16412213740458015,361
13K265,Dr. Susan S. McKinney Secondary School of the Arts,13,Manhattan,11,11.0,362,54.0,82,6,1.0,1
13K265,Dr. Susan S. McKinney Secondary School of the Arts,13,Queens,20,20.0,362,54.0,82,6,1.0,1
13K265,Dr. Susan S. McKinney Secondary School of the Arts,13,Staten Island,6,6.0,362,54.0,82,6,1.0,1
13K265,Dr. Susan S. McKinney Secondary School of the Arts,13,Unknown,2,2.0,362,54.0,82,6,1.0,1
13K350,Urban Assembly School of Music and Art,13,Bronx,24,19.0,494,52.0,108,6,0.7916666666666666,168
13K350,Urban Assembly School of Music and Art,13,Brooklyn,303,36.0,494,52.0,108,6,0.1188118811881188,399
13K350,Urban Assembly School of Music and Art,13,Manhattan,37,19.0,494,52.0,108,6,0.5135135135135135,263
13K350,Urban Assembly School of Music and Art,13,Queens,24,24.0,494,52.0,108,6,1.0,1
13K350,Urban Assembly School of Music and Art,13,Staten Island,3,3.0,494,52.0,108,6,1.0,1
13K350,Urban Assembly School of Music and Art,13,Unknown,10,3.0,494,52.0,108,6,0.3,117
13K412,Brooklyn Community Arts & Media High School (BCAM),13,Bronx,11,11.0,702,113.0,142,6,1.0,1
13K412,Brooklyn Community Arts & Media High School (BCAM),13,Brooklyn,600,76.0,702,113.0,142,6,0.12666666666666668,392
13K412,Brooklyn Community Arts & Media High School (BCAM),13,Manhattan,10,10.0,702,113.0,142,6,1.0,1
13K412,Brooklyn Community Arts & Media High School (BCAM),13,Queens,18,18.0,702,113.0,142,6,1.0,1
13K412,Brooklyn Community Arts & Media High School (BCAM),13,Staten Island,5,5.0,702,113.0,142,6,1.0,1
13K412,Brooklyn Community Arts & Media High School (BCAM),13,Unknown,12,1.0,702,113.0,142,6,0.08333333333333333,229
13K419,"Science Skills Center High School for Science, Technology and the Creative Arts",13,Bronx,14,14.0,909,111.0,258,143,1.0,1
13K419,"Science Skills Center High School for Science, Technology and the Creative Arts",13,Brooklyn,744,56.0,909,111.0,258,143,0.07526881720430108,410
13K419,"Science Skills Center High School for Science, Technology and the Creative Arts",13,Manhattan,30,17.0,909,111.0,258,143,0.5666666666666667,251
13K419,"Science Skills Center High School for Science, Technology and the Creative Arts",13,Queens,38,33.0,909,111.0,258,143,0.868421052631579,204
13K419,"Science Skills Center High School for Science, Technology and the Creative Arts",13,Staten Island,4,4.0,909,111.0,258,143,1.0,1
13K419,"Science Skills Center High School for Science, Technology and the Creative Arts",13,Unknown,2,2.0,909,111.0,258,143,1.0,1
13K430,Brooklyn Technical High School,13,Bronx,2104,0.0,19904,,1168,1422,0.0,406
13K430,Brooklyn Technical High School,13,Brooklyn,8382,0.0,19904,,1168,1422,0.0,411
13K430,Brooklyn Technical High School,13,Manhattan,2511,0.0,19904,,1168,1422,0.0,386
13K430,Brooklyn Technical High School,13,Queens,5749,0.0,19904,,1168,1422,0.0,397
13K430,Brooklyn Technical High School,13,Staten Island,836,0.0,19904,,1168,1422,0.0,187
13K430,Brooklyn Technical High School,13,Unknown,319,0.0,19904,,1168,1422,0.0,254
13K439,Brooklyn International High School,13,Bronx,6,6.0,409,71.0,81,53,1.0,1
13K439,Brooklyn International High School,13,Brooklyn,315,54.0,409,71.0,81,53,0.17142857142857143,351
13K439,Brooklyn International High School,13,Manhattan,14,9.0,409,71.0,81,53,0.6428571428571429,239
13K439,Brooklyn International High School,13,Queens,17,17.0,409,71.0,81,53,1.0,1
13K439,Brooklyn International High School,13,Staten Island,1,1.0,409,71.0,81,53,1.0,196
13K439,Brooklyn International High School,13,Unknown,13,1.0,409,71.0,81,53,0.07692307692307693,234
13K483,The Urban Assembly School for Law and Justice,13,Bronx,7,7.0,593,105.0,115,6,1.0,1
13K483,The Urban Assembly School for Law and Justice,13,Brooklyn,502,76.0,593,105.0,115,6,0.15139442231075698,376
13K483,The Urban Assembly School for Law and Justice,13,Manhattan,14,7.0,593,105.0,115,6,0.5,265
13K483,The Urban Assembly School for Law and Justice,13,Queens,25,25.0,593,105.0,115,6,1.0,1
13K483,The Urban Assembly School for Law and Justice,13,Staten Island,3,3.0,593,105.0,115,6,1.0,1
13K483,The Urban Assembly School for Law and Justice,13,Unknown,1,1.0,593,105.0,115,6,1.0,263
13K527,Urban Assembly Institute of Math and Science for Young Women,13,Bronx,3,3.0,237,54.0,81,60,1.0,1
13K527,Urban Assembly Institute of Math and Science for Young Women,13,Brooklyn,191,48.0,237,54.0,81,60,0.2513089005235602,294
13K527,Urban Assembly Institute of Math and Science for Young Women,13,Manhattan,6,6.0,237,54.0,81,60,1.0,1
13K527,Urban Assembly Institute of Math and Science for Young Women,13,Queens,11,11.0,237,54.0,81,60,1.0,1
13K527,Urban Assembly Institute of Math and Science for Young Women,13,Unknown,1,1.0,237,54.0,81,60,1.0,263
13K594,Gotham Professional Arts Academy,13,Bronx,9,9.0,364,61.0,81,6,1.0,1
13K594,Gotham Professional Arts Academy,13,Brooklyn,289,58.0,364,61.0,81,6,0.20069204152249134,331
13K594,Gotham Professional Arts Academy,13,Manhattan,8,8.0,364,61.0,81,6,1.0,1
13K594,Gotham Professional Arts Academy,13,Queens,15,15.0,364,61.0,81,6,1.0,1
13K594,Gotham Professional Arts Academy,13,Staten Island,3,3.0,364,61.0,81,6,1.0,1
13K594,Gotham Professional Arts Academy,13,Unknown,1,1.0,364,61.0,81,6,1.0,263
13K595,Bedford Academy High School,13,Bronx,17,17.0,2464,599.0,81,114,1.0,1
13K595,Bedford Academy High School,13,Brooklyn,2262,538.0,2464,599.0,81,114,0.23784261715296198,308
13K595,Bedford Academy High School,13,Manhattan,13,13.0,2464,599.0,81,114,1.0,1
13K595,Bedford Academy High School,13,Queens,70,36.0,2464,599.0,81,114,0.5142857142857142,253
13K595,Bedford Academy High School,13,Staten Island,6,6.0,2464,599.0,81,114,1.0,1
13K595,Bedford Academy High School,13,Unknown,27,3.0,2464,599.0,81,114,0.1111111111111111,214
13K605,George Westinghouse Career and Technical Education High School,13,Bronx,17,17.0,1254,203.0,254,194,1.0,1
13K605,George Westinghouse Career and Technical Education High School,13,Brooklyn,1058,150.0,1254,203.0,254,194,0.14177693761814744,382
13K605,George Westinghouse Career and Technical Education High School,13,Manhattan,30,16.0,1254,203.0,254,194,0.5333333333333333,258
13K605,George Westinghouse Career and Technical Education High School,13,Queens,59,34.0,1254,203.0,254,194,0.576271186440678,235
13K605,George Westinghouse Career and Technical Education High School,13,Staten Island,5,5.0,1254,203.0,254,194,1.0,1
13K605,George Westinghouse Career and Technical Education High School,13,Unknown,13,2.0,1254,203.0,254,194,0.15384615384615385,190
13K670,Benjamin Banneker Academy,13,Bronx,15,15.0,1912,451.0,225,318,1.0,1
13K670,Benjamin Banneker Academy,13,Brooklyn,1739,406.0,1912,451.0,225,318,0.23346751006325475,312
13K670,Benjamin Banneker Academy,13,Manhattan,12,12.0,1912,451.0,225,318,1.0,1
13K670,Benjamin Banneker Academy,13,Queens,63,33.0,1912,451.0,225,318,0.5238095238095238,248
13K670,Benjamin Banneker Academy,13,Staten Island,4,4.0,1912,451.0,225,318,1.0,1
13K670,Benjamin Banneker Academy,13,Unknown,11,3.0,1912,451.0,225,318,0.2727272727272727,128
13K674,"City Polytechnic High School of Engineering, Architecture, and Technology",13,Bronx,15,15.0,1239,274.0,108,160,1.0,1
13K674,"City Polytechnic High School of Engineering, Architecture, and Technology",13,Brooklyn,1028,213.0,1239,274.0,108,160,0.20719844357976655,327
13K674,"City Polytechnic High School of Engineering, Architecture, and Technology",13,Manhattan,30,22.0,1239,274.0,108,160,0.7333333333333333,233
13K674,"City Polytechnic High School of Engineering, Architecture, and Technology",13,Queens,64,40.0,1239,274.0,108,160,0.625,225
13K674,"City Polytechnic High School of Engineering, Architecture, and Technology",13,Staten Island,8,8.0,1239,274.0,108,160,1.0,1
13K674,"City Polytechnic High School of Engineering, Architecture, and Technology",13,Unknown,3,3.0,1239,274.0,108,160,1.0,1
13K963,Design Works High School,13,Bronx,7,7.0,607,86.0,81,6,1.0,1
13K963,Design Works High School,13,Brooklyn,533,53.0,607,86.0,81,6,0.09943714821763602,408
13K963,Design Works High School,13,Manhattan,20,20.0,607,86.0,81,6,1.0,1
13K963,Design Works High School,13,Queens,14,14.0,607,86.0,81,6,1.0,1
13K963,Design Works High School,13,Staten Island,1,1.0,607,86.0,81,6,1.0,196
13K963,Design Works High School,13,Unknown,2,2.0,607,86.0,81,6,1.0,1
14K071,Juan Morel Campos Secondary School,14,Bronx,8,8.0,341,78.0,101,69,1.0,1
14K071,Juan Morel Campos Secondary School,14,Brooklyn,265,76.0,341,78.0,101,69,0.28679245283018867,274
14K071,Juan Morel Campos Secondary School,14,Manhattan,11,11.0,341,78.0,101,69,1.0,1
14K071,Juan Morel Campos Secondary School,14,Queens,17,17.0,341,78.0,101,69,1.0,1
14K071,Juan Morel Campos Secondary School,14,Staten Island,1,1.0,341,78.0,101,69,1.0,196
14K071,Juan Morel Campos Secondary School,14,Unknown,8,2.0,341,78.0,101,69,0.25,135
14K449,"Brooklyn Latin School, The",14,Bronx,1687,0.0,12486,,170,508,0.0,406
14K449,"Brooklyn Latin School, The",14,Brooklyn,5044,0.0,12486,,170,508,0.0,411
14K449,"Brooklyn Latin School, The",14,Manhattan,1814,0.0,12486,,170,508,0.0,386
14K449,"Brooklyn Latin School, The",14,Queens,3443,0.0,12486,,170,508,0.0,397
14K449,"Brooklyn Latin School, The",14,Staten Island,270,0.0,12486,,170,508,0.0,187
14K449,"Brooklyn Latin School, The",14,Unknown,214,0.0,12486,,170,508,0.0,254
14K454,The Williamsburg High School of Art and Technology,14,Bronx,8,8.0,893,129.0,116,120,1.0,1
14K454,The Williamsburg High School of Art and Technology,14,Brooklyn,713,106.0,893,129.0,116,120,0.14866760168302945,379
14K454,The Williamsburg High School of Art and Technology,14,Manhattan,15,10.0,893,129.0,116,120,0.6666666666666666,235
14K454,The Williamsburg High School of Art and Technology,14,Queens,46,27.0,893,129.0,116,120,0.5869565217391305,232
14K454,The Williamsburg High School of Art and Technology,14,Staten Island,2,2.0,893,129.0,116,120,1.0,1
14K454,The Williamsburg High School of Art and Technology,14,Unknown,68,9.0,893,129.0,116,120,0.1323529411764706,204
14K474,PROGRESS High School for Professional Careers,14,Bronx,3,3.0,506,81.0,153,6,1.0,1
14K474,PROGRESS High School for Professional Careers,14,Brooklyn,378,69.0,506,81.0,153,6,0.18253968253968253,342
14K474,PROGRESS High School for Professional Careers,14,Manhattan,4,4.0,506,81.0,153,6,1.0,1
14K474,PROGRESS High School for Professional Careers,14,Queens,25,20.0,506,81.0,153,6,0.8,210
14K474,PROGRESS High School for Professional Careers,14,Unknown,43,7.0,506,81.0,153,6,0.16279069767441862,189
14K477,East Williamsburg Scholars Academy,14,Bronx,6,6.0,650,90.0,234,6,1.0,1
14K477,East Williamsburg Scholars Academy,14,Brooklyn,446,71.0,650,90.0,234,6,0.1591928251121076,367
14K477,East Williamsburg Scholars Academy,14,Manhattan,8,8.0,650,90.0,234,6,1.0,1
14K477,East Williamsburg Scholars Academy,14,Queens,63,30.0,650,90.0,234,6,0.47619047619047616,258
14K477,East Williamsburg Scholars Academy,14,Staten Island,1,1.0,650,90.0,234,6,1.0,196
14K477,East Williamsburg Scholars Academy,14,Unknown,63,9.0,650,90.0,234,6,0.14285714285714285,194
14K478,"The High School for Enterprise, Business and Technology",14,Bronx,26,20.0,1197,144.0,249,130,0.7692307692307693,175
14K478,"The High School for Enterprise, Business and Technology",14,Brooklyn,805,100.0,1197,144.0,249,130,0.12422360248447205,395
14K478,"The High School for Enterprise, Business and Technology",14,Manhattan,21,16.0,1197,144.0,249,130,0.7619047619047619,228
14K478,"The High School for Enterprise, Business and Technology",14,Queens,169,44.0,1197,144.0,249,130,0.2603550295857988,349
14K478,"The High School for Enterprise, Business and Technology",14,Staten Island,8,8.0,1197,144.0,249,130,1.0,1
14K478,"The High School for Enterprise, Business and Technology",14,Unknown,60,2.0,1197,144.0,249,130,0.03333333333333333,245
14K488,Brooklyn Preparatory High School,14,Bronx,7,7.0,1061,174.0,153,6,1.0,1
14K488,Brooklyn Preparatory High School,14,Brooklyn,911,137.0,1061,174.0,153,6,0.150384193194292,378
14K488,Brooklyn Preparatory High School,14,Manhattan,12,12.0,1061,174.0,153,6,1.0,1
14K488,Brooklyn Preparatory High School,14,Queens,36,25.0,1061,174.0,153,6,0.6944444444444444,223
14K488,Brooklyn Preparatory High School,14,Staten Island,4,4.0,1061,174.0,153,6,1.0,1
14K488,Brooklyn Preparatory High School,14,Unknown,39,1.0,1061,174.0,153,6,0.02564102564102564,250
14K558,Williamsburg High School for Architecture and Design,14,Bronx,16,16.0,1223,253.0,155,212,1.0,1
14K558,Williamsburg High School for Architecture and Design,14,Brooklyn,960,183.0,1223,253.0,155,212,0.190625,334
14K558,Williamsburg High School for Architecture and Design,14,Manhattan,26,16.0,1223,253.0,155,212,0.6153846153846154,241
14K558,Williamsburg High School for Architecture and Design,14,Queens,102,43.0,1223,253.0,155,212,0.4215686274509804,268
14K558,Williamsburg High School for Architecture and Design,14,Staten Island,5,5.0,1223,253.0,155,212,1.0,1
14K558,Williamsburg High School for Architecture and Design,14,Unknown,55,12.0,1223,253.0,155,212,0.21818181818181817,161
14K561,Williamsburg Preparatory School,14,Bronx,6,6.0,1131,226.0,180,236,1.0,1
14K561,Williamsburg Preparatory School,14,Brooklyn,967,181.0,1131,226.0,180,236,0.18717683557394002,338
14K561,Williamsburg Preparatory School,14,Manhattan,13,13.0,1131,226.0,180,236,1.0,1
14K561,Williamsburg Preparatory School,14,Queens,47,24.0,1131,226.0,180,236,0.5106382978723404,254
14K561,Williamsburg Preparatory School,14,Staten Island,3,3.0,1131,226.0,180,236,1.0,1
14K561,Williamsburg Preparatory School,14,Unknown,61,17.0,1131,226.0,180,236,0.2786885245901639,127
14K586,Lyons Community School,14,Bronx,2,2.0,174,32.0,81,6,1.0,1
14K586,Lyons Community School,14,Brooklyn,144,36.0,174,32.0,81,6,0.25,296
14K586,Lyons Community School,14,Manhattan,3,3.0,174,32.0,81,6,1.0,1
14K586,Lyons Community School,14,Queens,8,8.0,174,32.0,81,6,1.0,1
14K586,Lyons Community School,14,Unknown,1,1.0,174,32.0,81,6,1.0,263
14K610,A-Tech High School,14,Bronx,51,22.0,1273,264.0,224,243,0.43137254901960786,210
14K610,A-Tech High School,14,Brooklyn,862,167.0,1273,264.0,224,243,0.1937354988399072,333
14K610,A-Tech High School,14,Manhattan,29,24.0,1273,264.0,224,243,0.8275862068965517,226
14K610,A-Tech High School,14,Queens,167,42.0,1273,264.0,224,243,0.25149700598802394,354
14K610,A-Tech High School,14,Staten Island,15,9.0,1273,264.0,224,243,0.6,158
14K610,A-Tech High School,14,Unknown,36,14.0,1273,264.0,224,243,0.3888888888888889,92
14K614,Young Women's Leadership School of Brooklyn,14,Bronx,6,6.0,251,47.0,93,59,1.0,1
14K614,Young Women's Leadership School of Brooklyn,14,Brooklyn,203,41.0,251,47.0,93,59,0.2019704433497537,330
14K614,Young Women's Leadership School of Brooklyn,14,Manhattan,5,5.0,251,47.0,93,59,1.0,1
14K614,Young Women's Leadership School of Brooklyn,14,Queens,13,13.0,251,47.0,93,59,1.0,1
14K614,Young Women's Leadership School of Brooklyn,14,Unknown,6,1.0,251,47.0,93,59,0.16666666666666666,182
14K685,El Puente Academy for Peace and Justice,14,Bronx,3,3.0,134,25.0,70,6,1.0,1
14K685,El Puente Academy for Peace and Justice,14,Brooklyn,111,26.0,134,25.0,70,6,0.23423423423423423,309
14K685,El Puente Academy for Peace and Justice,14,Manhattan,1,1.0,134,25.0,70,6,1.0,395
14K685,El Puente Academy for Peace and Justice,14,Queens,5,5.0,134,25.0,70,6,1.0,1
14K685,El Puente Academy for Peace and Justice,14,Unknown,1,1.0,134,25.0,70,6,1.0,263
15K429,Digital Arts and Cinema Technology High School,15,Bronx,10,10.0,579,105.0,90,94,1.0,1
15K429,Digital Arts and Cinema Technology High School,15,Brooklyn,488,74.0,579,105.0,90,94,0.15163934426229508,375
15K429,Digital Arts and Cinema Technology High School,15,Manhattan,12,12.0,579,105.0,90,94,1.0,1
15K429,Digital Arts and Cinema Technology High School,15,Queens,15,15.0,579,105.0,90,94,1.0,1
15K429,Digital Arts and Cinema Technology High School,15,Staten Island,2,2.0,579,105.0,90,94,1.0,1
15K429,Digital Arts and Cinema Technology High School,15,Unknown,1,1.0,579,105.0,90,94,1.0,263
15K448,Brooklyn Collaborative Studies,15,Bronx,11,11.0,693,99.0,90,110,1.0,1
15K448,Brooklyn Collaborative Studies,15,Brooklyn,634,85.0,693,99.0,90,110,0.13406940063091483,386
15K448,Brooklyn Collaborative Studies,15,Manhattan,15,15.0,693,99.0,90,110,1.0,1
15K448,Brooklyn Collaborative Studies,15,Queens,21,21.0,693,99.0,90,110,1.0,1
15K448,Brooklyn Collaborative Studies,15,Staten Island,6,6.0,693,99.0,90,110,1.0,1
15K448,Brooklyn Collaborative Studies,15,Unknown,2,2.0,693,99.0,90,110,1.0,1
15K462,John Jay School for Law,15,Bronx,14,14.0,1012,184.0,125,6,1.0,1
15K462,John Jay School for Law,15,Brooklyn,867,114.0,1012,184.0,125,6,0.1314878892733564,387
15K462,John Jay School for Law,15,Manhattan,9,9.0,1012,184.0,125,6,1.0,1
15K462,John Jay School for Law,15,Queens,28,28.0,1012,184.0,125,6,1.0,1
15K462,John Jay School for Law,15,Staten Island,6,6.0,1012,184.0,125,6,1.0,1
15K462,John Jay School for Law,15,Unknown,12,3.0,1012,184.0,125,6,0.25,135
15K463,Cyberarts Studio Academy,15,Bronx,2,2.0,256,30.0,125,6,1.0,1
15K463,Cyberarts Studio Academy,15,Brooklyn,221,34.0,256,30.0,125,6,0.15384615384615385,372
15K463,Cyberarts Studio Academy,15,Manhattan,2,2.0,256,30.0,125,6,1.0,1
15K463,Cyberarts Studio Academy,15,Queens,5,5.0,256,30.0,125,6,1.0,1
15K463,Cyberarts Studio Academy,15,Unknown,1,1.0,256,30.0,125,6,1.0,263
15K464,Park Slope Collegiate,15,Bronx,3,3.0,613,115.0,102,130,1.0,1
15K464,Park Slope Collegiate,15,Brooklyn,586,86.0,613,115.0,102,130,0.14675767918088736,381
15K464,Park Slope Collegiate,15,Manhattan,8,8.0,613,115.0,102,130,1.0,1
15K464,Park Slope Collegiate,15,Queens,13,13.0,613,115.0,102,130,1.0,1
15K464,Park Slope Collegiate,15,Staten Island,5,5.0,613,115.0,102,130,1.0,1
15K464,Park Slope Collegiate,15,Unknown,1,1.0,613,115.0,102,130,1.0,263
15K497,The Boerum Hill School for International Studies,15,Bronx,8,8.0,801,155.0,125,6,1.0,1
15K497,The Boerum Hill School for International Studies,15,Brooklyn,734,124.0,801,155.0,125,6,0.16893732970027248,355
15K497,The Boerum Hill School for International Studies,15,Manhattan,16,16.0,801,155.0,125,6,1.0,1
15K497,The Boerum Hill School for International Studies,15,Queens,15,15.0,801,155.0,125,6,1.0,1
15K497,The Boerum Hill School for International Studies,15,Staten Island,3,3.0,801,155.0,125,6,1.0,1
15K497,The Boerum Hill School for International Studies,15,Unknown,2,2.0,801,155.0,125,6,1.0,1
15K519,Cobble Hill School of American Studies,15,Bronx,6,6.0,481,62.0,278,6,1.0,1
15K519,Cobble Hill School of American Studies,15,Brooklyn,408,43.0,481,62.0,278,6,0.1053921568627451,404
15K519,Cobble Hill School of American Studies,15,Manhattan,11,6.0,481,62.0,278,6,0.5454545454545454,256
15K519,Cobble Hill School of American Studies,15,Queens,21,21.0,481,62.0,278,6,1.0,1
15K519,Cobble Hill School of American Studies,15,Staten Island,3,3.0,481,62.0,278,6,1.0,1
15K519,Cobble Hill School of American Studies,15,Unknown,1,1.0,481,62.0,278,6,1.0,263
15K592,Khalil Gibran International Academy,15,Bronx,1,1.0,101,19.0,81,6,1.0,415
15K592,Khalil Gibran International Academy,15,Brooklyn,66,28.0,101,19.0,81,6,0.42424242424242425,220
15K592,Khalil Gibran International Academy,15,Manhattan,1,1.0,101,19.0,81,6,1.0,395
15K592,Khalil Gibran International Academy,15,Queens,1,1.0,101,19.0,81,6,1.0,406
15K656,Brooklyn High School of the Arts,15,Bronx,19,19.0,2104,574.0,254,272,1.0,1
15K656,Brooklyn High School of the Arts,15,Brooklyn,1750,493.0,2104,574.0,254,272,0.2817142857142857,277
15K656,Brooklyn High School of the Arts,15,Manhattan,52,34.0,2104,574.0,254,272,0.6538461538461539,238
15K656,Brooklyn High School of the Arts,15,Queens,127,47.0,2104,574.0,254,272,0.3700787401574803,294
15K656,Brooklyn High School of the Arts,15,Staten Island,15,9.0,2104,574.0,254,272,0.6,158
15K656,Brooklyn High School of the Arts,15,Unknown,27,7.0,2104,574.0,254,272,0.25925925925925924,134
15K667,Sunset Park High School,15,Bronx,5,5.0,989,260.0,354,6,1.0,1
15K667,Sunset Park High School,15,Brooklyn,936,244.0,989,260.0,354,6,0.2606837606837607,288
15K667,Sunset Park High School,15,Manhattan,2,2.0,989,260.0,354,6,1.0,1
15K667,Sunset Park High School,15,Queens,6,6.0,989,260.0,354,6,1.0,1
15K667,Sunset Park High School,15,Staten Island,7,7.0,989,260.0,354,6,1.0,1
15K684,Millennium Brooklyn HS,15,Bronx,23,17.0,5385,2365.0,178,252,0.7391304347826086,177
15K684,Millennium Brooklyn HS,15,Brooklyn,4832,2152.0,5385,2365.0,178,252,0.445364238410596,215
15K684,Millennium Brooklyn HS,15,Manhattan,147,57.0,5385,2365.0,178,252,0.3877551020408163,288
15K684,Millennium Brooklyn HS,15,Queens,168,58.0,5385,2365.0,178,252,0.34523809523809523,304
15K684,Millennium Brooklyn HS,15,Staten Island,50,10.0,5385,2365.0,178,252,0.2,183
15K684,Millennium Brooklyn HS,15,Unknown,38,18.0,5385,2365.0,178,252,0.47368421052631576,83
16K455,Boys and Girls High School,16,Bronx,5,5.0,712,68.0,369,96,1.0,1
16K455,Boys and Girls High School,16,Brooklyn,678,68.0,712,68.0,369,96,0.10029498525073746,407
16K455,Boys and Girls High School,16,Manhattan,1,1.0,712,68.0,369,96,1.0,395
16K455,Boys and Girls High School,16,Queens,8,8.0,712,68.0,369,96,1.0,1
16K455,Boys and Girls High School,16,Unknown,1,1.0,712,68.0,369,96,1.0,263
16K498,Brooklyn High School for Law and Technology,16,Bronx,25,20.0,1730,296.0,151,6,0.8,167
16K498,Brooklyn High School for Law and Technology,16,Brooklyn,1379,174.0,1730,296.0,151,6,0.126178390137781,393
16K498,Brooklyn High School for Law and Technology,16,Manhattan,12,12.0,1730,296.0,151,6,1.0,1
16K498,Brooklyn High School for Law and Technology,16,Queens,181,46.0,1730,296.0,151,6,0.2541436464088398,353
16K498,Brooklyn High School for Law and Technology,16,Staten Island,6,6.0,1730,296.0,151,6,1.0,1
16K498,Brooklyn High School for Law and Technology,16,Unknown,64,9.0,1730,296.0,151,6,0.140625,202
16K688,The Brooklyn Academy of Global Finance,16,Bronx,6,6.0,469,56.0,108,6,1.0,1
16K688,The Brooklyn Academy of Global Finance,16,Brooklyn,379,45.0,469,56.0,108,6,0.11873350923482849,400
16K688,The Brooklyn Academy of Global Finance,16,Manhattan,10,10.0,469,56.0,108,6,1.0,1
16K688,The Brooklyn Academy of Global Finance,16,Queens,19,19.0,469,56.0,108,6,1.0,1
16K688,The Brooklyn Academy of Global Finance,16,Staten Island,1,1.0,469,56.0,108,6,1.0,196
16K688,The Brooklyn Academy of Global Finance,16,Unknown,15,2.0,469,56.0,108,6,0.13333333333333333,203
16K765,Nelson Mandela High School,16,Bronx,4,4.0,250,25.0,114,6,1.0,1
16K765,Nelson Mandela High School,16,Brooklyn,217,28.0,250,25.0,114,6,0.12903225806451613,390
16K765,Nelson Mandela High School,16,Manhattan,1,1.0,250,25.0,114,6,1.0,395
16K765,Nelson Mandela High School,16,Queens,10,10.0,250,25.0,114,6,1.0,1
16K765,Nelson Mandela High School,16,Staten Island,1,1.0,250,25.0,114,6,1.0,196
16K765,Nelson Mandela High School,16,Unknown,7,1.0,250,25.0,114,6,0.14285714285714285,194
17K122,Pathways in Technology Early College High School (P-Tech),17,Bronx,7,7.0,712,114.0,150,6,1.0,1
17K122,Pathways in Technology Early College High School (P-Tech),17,Brooklyn,643,104.0,712,114.0,150,6,0.16174183514774496,364
17K122,Pathways in Technology Early College High School (P-Tech),17,Manhattan,5,5.0,712,114.0,150,6,1.0,1
17K122,Pathways in Technology Early College High School (P-Tech),17,Queens,19,14.0,712,114.0,150,6,0.7368421052631579,219
17K122,Pathways in Technology Early College High School (P-Tech),17,Staten Island,3,3.0,712,114.0,150,6,1.0,1
17K122,Pathways in Technology Early College High School (P-Tech),17,Unknown,1,1.0,712,114.0,150,6,1.0,263
17K382,Academy for College Preparation and Career Exploration: A College Board School,17,Bronx,19,19.0,837,124.0,108,6,1.0,1
17K382,Academy for College Preparation and Career Exploration: A College Board School,17,Brooklyn,699,87.0,837,124.0,108,6,0.12446351931330472,394
17K382,Academy for College Preparation and Career Exploration: A College Board School,17,Manhattan,14,14.0,837,124.0,108,6,1.0,1
17K382,Academy for College Preparation and Career Exploration: A College Board School,17,Queens,26,26.0,837,124.0,108,6,1.0,1
17K382,Academy for College Preparation and Career Exploration: A College Board School,17,Staten Island,3,3.0,837,124.0,108,6,1.0,1
17K382,Academy for College Preparation and Career Exploration: A College Board School,17,Unknown,2,2.0,837,124.0,108,6,1.0,1
17K408,Academy of Hospitality and Tourism,17,Bronx,15,15.0,571,89.0,118,6,1.0,1
17K408,Academy of Hospitality and Tourism,17,Brooklyn,452,70.0,571,89.0,118,6,0.15486725663716813,371
17K408,Academy of Hospitality and Tourism,17,Manhattan,10,10.0,571,89.0,118,6,1.0,1
17K408,Academy of Hospitality and Tourism,17,Queens,30,30.0,571,89.0,118,6,1.0,1
17K408,Academy of Hospitality and Tourism,17,Staten Island,3,3.0,571,89.0,118,6,1.0,1
17K408,Academy of Hospitality and Tourism,17,Unknown,1,1.0,571,89.0,118,6,1.0,263
17K524,International High School at Prospect Heights,17,Bronx,2,2.0,338,61.0,108,45,1.0,1
17K524,International High School at Prospect Heights,17,Brooklyn,290,53.0,338,61.0,108,45,0.18275862068965518,341
17K524,International High School at Prospect Heights,17,Manhattan,5,5.0,338,61.0,108,45,1.0,1
17K524,International High School at Prospect Heights,17,Queens,13,13.0,338,61.0,108,45,1.0,1
17K524,International High School at Prospect Heights,17,Unknown,13,1.0,338,61.0,108,45,0.07692307692307693,234
17K528,The High School for Global Citizenship,17,Bronx,7,7.0,524,55.0,100,63,1.0,1
17K528,The High School for Global Citizenship,17,Brooklyn,456,52.0,524,55.0,100,63,0.11403508771929824,402
17K528,The High School for Global Citizenship,17,Manhattan,5,5.0,524,55.0,100,63,1.0,1
17K528,The High School for Global Citizenship,17,Queens,17,17.0,524,55.0,100,63,1.0,1
17K528,The High School for Global Citizenship,17,Staten Island,3,3.0,524,55.0,100,63,1.0,1
17K528,The High School for Global Citizenship,17,Unknown,2,2.0,524,55.0,100,63,1.0,1
17K537,High School for Youth and Community Development at Erasmus,17,Bronx,16,16.0,488,82.0,140,6,1.0,1
17K537,High School for Youth and Community Development at Erasmus,17,Brooklyn,372,73.0,488,82.0,140,6,0.19623655913978494,332
17K537,High School for Youth and Community Development at Erasmus,17,Manhattan,10,10.0,488,82.0,140,6,1.0,1
17K537,High School for Youth and Community Development at Erasmus,17,Queens,24,18.0,488,82.0,140,6,0.75,217
17K537,High School for Youth and Community Development at Erasmus,17,Staten Island,5,5.0,488,82.0,140,6,1.0,1
17K537,High School for Youth and Community Development at Erasmus,17,Unknown,1,1.0,488,82.0,140,6,1.0,263
17K539,High School for Service & Learning at Erasmus,17,Bronx,5,5.0,296,35.0,108,98,1.0,1
17K539,High School for Service & Learning at Erasmus,17,Brooklyn,249,39.0,296,35.0,108,98,0.1566265060240964,368
17K539,High School for Service & Learning at Erasmus,17,Manhattan,2,2.0,296,35.0,108,98,1.0,1
17K539,High School for Service & Learning at Erasmus,17,Queens,9,9.0,296,35.0,108,98,1.0,1
17K539,High School for Service & Learning at Erasmus,17,Staten Island,2,2.0,296,35.0,108,98,1.0,1
17K543,"Science, Technology and Research Early College High School at Erasmus",17,Bronx,7,7.0,790,197.0,130,145,1.0,1
17K543,"Science, Technology and Research Early College High School at Erasmus",17,Brooklyn,718,172.0,790,197.0,130,145,0.2395543175487465,305
17K543,"Science, Technology and Research Early College High School at Erasmus",17,Manhattan,4,4.0,790,197.0,130,145,1.0,1
17K543,"Science, Technology and Research Early College High School at Erasmus",17,Queens,23,18.0,790,197.0,130,145,0.782608695652174,212
17K543,"Science, Technology and Research Early College High School at Erasmus",17,Staten Island,3,3.0,790,197.0,130,145,1.0,1
17K543,"Science, Technology and Research Early College High School at Erasmus",17,Unknown,2,2.0,790,197.0,130,145,1.0,1
17K546,High School for Public Service: Heroes of Tomorrow,17,Bronx,13,13.0,656,69.0,130,6,1.0,1
17K546,High School for Public Service: Heroes of Tomorrow,17,Brooklyn,574,68.0,656,69.0,130,6,0.11846689895470383,401
17K546,High School for Public Service: Heroes of Tomorrow,17,Manhattan,2,2.0,656,69.0,130,6,1.0,1
17K546,High School for Public Service: Heroes of Tomorrow,17,Queens,21,16.0,656,69.0,130,6,0.7619047619047619,214
17K546,High School for Public Service: Heroes of Tomorrow,17,Staten Island,2,2.0,656,69.0,130,6,1.0,1
17K546,High School for Public Service: Heroes of Tomorrow,17,Unknown,1,1.0,656,69.0,130,6,1.0,263
17K547,Brooklyn Academy of Science and the Environment,17,Bronx,6,6.0,373,53.0,108,6,1.0,1
17K547,Brooklyn Academy of Science and the Environment,17,Brooklyn,329,40.0,373,53.0,108,6,0.12158054711246201,397
17K547,Brooklyn Academy of Science and the Environment,17,Manhattan,3,3.0,373,53.0,108,6,1.0,1
17K547,Brooklyn Academy of Science and the Environment,17,Queens,9,9.0,373,53.0,108,6,1.0,1
17K547,Brooklyn Academy of Science and the Environment,17,Staten Island,1,1.0,373,53.0,108,6,1.0,196
17K547,Brooklyn Academy of Science and the Environment,17,Unknown,1,1.0,373,53.0,108,6,1.0,263
17K548,Brooklyn School for Music & Theatre,17,Bronx,9,9.0,522,74.0,108,6,1.0,1
17K548,Brooklyn School for Music & Theatre,17,Brooklyn,427,58.0,522,74.0,108,6,0.1358313817330211,384
17K548,Brooklyn School for Music & Theatre,17,Manhattan,6,6.0,522,74.0,108,6,1.0,1
17K548,Brooklyn School for Music & Theatre,17,Queens,17,17.0,522,74.0,108,6,1.0,1
17K548,Brooklyn School for Music & Theatre,17,Staten Island,4,4.0,522,74.0,108,6,1.0,1
17K548,Brooklyn School for Music & Theatre,17,Unknown,2,2.0,522,74.0,108,6,1.0,1
17K590,Medgar Evers College Preparatory School,17,Bronx,8,8.0,2078,676.0,220,237,1.0,1
17K590,Medgar Evers College Preparatory School,17,Brooklyn,1978,626.0,2078,676.0,220,237,0.31648129423660265,265
17K590,Medgar Evers College Preparatory School,17,Manhattan,9,9.0,2078,676.0,220,237,1.0,1
17K590,Medgar Evers College Preparatory School,17,Queens,37,27.0,2078,676.0,220,237,0.7297297297297297,220
17K590,Medgar Evers College Preparatory School,17,Staten Island,6,6.0,2078,676.0,220,237,1.0,1
17K590,Medgar Evers College Preparatory School,17,Unknown,1,1.0,2078,676.0,220,237,1.0,263
17K600,Clara Barton High School,17,Bronx,13,13.0,1276,355.0,434,6,1.0,1
17K600,Clara Barton High School,17,Brooklyn,1154,322.0,1276,355.0,434,6,0.27902946273830154,279
17K600,Clara Barton High School,17,Manhattan,9,9.0,1276,355.0,434,6,1.0,1
17K600,Clara Barton High School,17,Queens,49,26.0,1276,355.0,434,6,0.5306122448979592,244
17K600,Clara Barton High School,17,Staten Island,3,3.0,1276,355.0,434,6,1.0,1
17K600,Clara Barton High School,17,Unknown,1,1.0,1276,355.0,434,6,1.0,263
17K745,Brooklyn Institute for Liberal Arts,17,Bronx,7,7.0,761,109.0,175,158,1.0,1
17K745,Brooklyn Institute for Liberal Arts,17,Brooklyn,691,108.0,761,109.0,175,158,0.15629522431259044,369
17K745,Brooklyn Institute for Liberal Arts,17,Manhattan,5,5.0,761,109.0,175,158,1.0,1
17K745,Brooklyn Institute for Liberal Arts,17,Queens,13,13.0,761,109.0,175,158,1.0,1
17K745,Brooklyn Institute for Liberal Arts,17,Staten Island,1,1.0,761,109.0,175,158,1.0,196
17K751,Academy for Health Careers,17,Bronx,18,18.0,715,72.0,108,6,1.0,1
17K751,Academy for Health Careers,17,Brooklyn,521,53.0,715,72.0,108,6,0.1017274472168906,406
17K751,Academy for Health Careers,17,Manhattan,17,17.0,715,72.0,108,6,1.0,1
17K751,Academy for Health Careers,17,Queens,37,31.0,715,72.0,108,6,0.8378378378378378,207
17K751,Academy for Health Careers,17,Staten Island,3,3.0,715,72.0,108,6,1.0,1
17K751,Academy for Health Careers,17,Unknown,25,2.0,715,72.0,108,6,0.08,233
18K563,It Takes a Village Academy,18,Bronx,2,2.0,353,23.0,135,6,1.0,1
18K563,It Takes a Village Academy,18,Brooklyn,325,34.0,353,23.0,135,6,0.10461538461538461,405
18K563,It Takes a Village Academy,18,Manhattan,2,2.0,353,23.0,135,6,1.0,1
18K563,It Takes a Village Academy,18,Queens,5,5.0,353,23.0,135,6,1.0,1
18K563,It Takes a Village Academy,18,Staten Island,1,1.0,353,23.0,135,6,1.0,196
18K563,It Takes a Village Academy,18,Unknown,1,1.0,353,23.0,135,6,1.0,263
18K566,Brooklyn Community High School for Excellence and Equity,18,Bronx,3,3.0,448,61.0,75,6,1.0,1
18K566,Brooklyn Community High School for Excellence and Equity,18,Brooklyn,396,65.0,448,61.0,75,6,0.16414141414141414,360
18K566,Brooklyn Community High School for Excellence and Equity,18,Manhattan,1,1.0,448,61.0,75,6,1.0,395
18K566,Brooklyn Community High School for Excellence and Equity,18,Queens,14,14.0,448,61.0,75,6,1.0,1
18K566,Brooklyn Community High School for Excellence and Equity,18,Staten Island,1,1.0,448,61.0,75,6,1.0,196
18K567,Brooklyn Theatre Arts High School,18,Bronx,6,6.0,352,39.0,125,6,1.0,1
18K567,Brooklyn Theatre Arts High School,18,Brooklyn,297,33.0,352,39.0,125,6,0.1111111111111111,403
18K567,Brooklyn Theatre Arts High School,18,Manhattan,1,1.0,352,39.0,125,6,1.0,395
18K567,Brooklyn Theatre Arts High School,18,Queens,12,12.0,352,39.0,125,6,1.0,1
18K567,Brooklyn Theatre Arts High School,18,Unknown,1,1.0,352,39.0,125,6,1.0,263
18K569,Kurt Hahn Expeditionary Learning School,18,Brooklyn,127,21.0,141,21.0,81,6,0.16535433070866143,359
18K569,Kurt Hahn Expeditionary Learning School,18,Queens,4,4.0,141,21.0,81,6,1.0,1
18K576,Victory Collegiate High School,18,Bronx,4,4.0,305,61.0,140,6,1.0,1
18K576,Victory Collegiate High School,18,Brooklyn,273,57.0,305,61.0,140,6,0.2087912087912088,326
18K576,Victory Collegiate High School,18,Manhattan,2,2.0,305,61.0,140,6,1.0,1
18K576,Victory Collegiate High School,18,Queens,7,7.0,305,61.0,140,6,1.0,1
18K617,High School for Innovation in Advertising and Media,18,Bronx,10,10.0,522,101.0,81,91,1.0,1
18K617,High School for Innovation in Advertising and Media,18,Brooklyn,455,84.0,522,101.0,81,91,0.18461538461538463,339
18K617,High School for Innovation in Advertising and Media,18,Manhattan,3,3.0,522,101.0,81,91,1.0,1
18K617,High School for Innovation in Advertising and Media,18,Queens,17,17.0,522,101.0,81,91,1.0,1
18K617,High School for Innovation in Advertising and Media,18,Staten Island,1,1.0,522,101.0,81,91,1.0,196
18K617,High School for Innovation in Advertising and Media,18,Unknown,2,2.0,522,101.0,81,91,1.0,1
18K629,Cultural Academy for the Arts and Sciences,18,Bronx,9,9.0,567,70.0,116,80,1.0,1
18K629,Cultural Academy for the Arts and Sciences,18,Brooklyn,476,74.0,567,70.0,116,80,0.15546218487394958,370
18K629,Cultural Academy for the Arts and Sciences,18,Manhattan,7,7.0,567,70.0,116,80,1.0,1
18K629,Cultural Academy for the Arts and Sciences,18,Queens,21,21.0,567,70.0,116,80,1.0,1
18K629,Cultural Academy for the Arts and Sciences,18,Staten Island,1,1.0,567,70.0,116,80,1.0,196
18K629,Cultural Academy for the Arts and Sciences,18,Unknown,1,1.0,567,70.0,116,80,1.0,263
18K633,High School for Medical Professions,18,Bronx,8,8.0,666,99.0,108,116,1.0,1
18K633,High School for Medical Professions,18,Brooklyn,547,93.0,666,99.0,108,116,0.170018281535649,354
18K633,High School for Medical Professions,18,Manhattan,8,8.0,666,99.0,108,116,1.0,1
18K633,High School for Medical Professions,18,Queens,35,30.0,666,99.0,108,116,0.8571428571428571,205
18K633,High School for Medical Professions,18,Staten Island,3,3.0,666,99.0,108,116,1.0,1
18K633,High School for Medical Professions,18,Unknown,2,2.0,666,99.0,108,116,1.0,1
18K637,Academy for Conservation and the Environment,18,Bronx,14,14.0,727,92.0,170,217,1.0,1
18K637,Academy for Conservation and the Environment,18,Brooklyn,619,81.0,727,92.0,170,217,0.1308562197092084,389
18K637,Academy for Conservation and the Environment,18,Manhattan,5,5.0,727,92.0,170,217,1.0,1
18K637,Academy for Conservation and the Environment,18,Queens,30,23.0,727,92.0,170,217,0.7666666666666667,213
18K637,Academy for Conservation and the Environment,18,Staten Island,2,2.0,727,92.0,170,217,1.0,1
18K637,Academy for Conservation and the Environment,18,Unknown,7,1.0,727,92.0,170,217,0.14285714285714285,194
18K642,Urban Action Academy,18,Bronx,1,1.0,231,44.0,107,6,1.0,415
18K642,Urban Action Academy,18,Brooklyn,215,52.0,231,44.0,107,6,0.24186046511627907,304
18K642,Urban Action Academy,18,Manhattan,3,3.0,231,44.0,107,6,1.0,1
18K642,Urban Action Academy,18,Queens,4,4.0,231,44.0,107,6,1.0,1
19K404,Academy for Young Writers,19,Bronx,14,14.0,559,71.0,92,82,1.0,1
19K404,Academy for Young Writers,19,Brooklyn,431,75.0,559,71.0,92,82,0.1740139211136891,346
19K404,Academy for Young Writers,19,Manhattan,8,8.0,559,71.0,92,82,1.0,1
19K404,Academy for Young Writers,19,Queens,33,25.0,559,71.0,92,82,0.7575757575757576,216
19K404,Academy for Young Writers,19,Staten Island,2,2.0,559,71.0,92,82,1.0,1
19K404,Academy for Young Writers,19,Unknown,2,2.0,559,71.0,92,82,1.0,1
19K409,East New York Family Academy,19,Bronx,2,2.0,416,159.0,125,147,1.0,1
19K409,East New York Family Academy,19,Brooklyn,396,159.0,416,159.0,125,147,0.4015151515151515,228
19K409,East New York Family Academy,19,Manhattan,1,1.0,416,159.0,125,147,1.0,395
19K409,East New York Family Academy,19,Queens,11,11.0,416,159.0,125,147,1.0,1
19K409,East New York Family Academy,19,Staten Island,2,2.0,416,159.0,125,147,1.0,1
19K409,East New York Family Academy,19,Unknown,1,1.0,416,159.0,125,147,1.0,263
19K422,Spring Creek Community School,19,Bronx,2,2.0,341,50.0,73,6,1.0,1
19K422,Spring Creek Community School,19,Brooklyn,311,55.0,341,50.0,73,6,0.17684887459807075,344
19K422,Spring Creek Community School,19,Manhattan,1,1.0,341,50.0,73,6,1.0,395
19K422,Spring Creek Community School,19,Queens,14,14.0,341,50.0,73,6,1.0,1
19K422,Spring Creek Community School,19,Unknown,1,1.0,341,50.0,73,6,1.0,263
19K502,FDNY - Captain Vernon A. Richard High School for Fire and Life Safety,19,Bronx,12,12.0,745,141.0,108,125,1.0,1
19K502,FDNY - Captain Vernon A. Richard High School for Fire and Life Safety,19,Brooklyn,595,109.0,745,141.0,108,125,0.18319327731092436,340
19K502,FDNY - Captain Vernon A. Richard High School for Fire and Life Safety,19,Manhattan,8,8.0,745,141.0,108,125,1.0,1
19K502,FDNY - Captain Vernon A. Richard High School for Fire and Life Safety,19,Queens,70,29.0,745,141.0,108,125,0.4142857142857143,272
19K502,FDNY - Captain Vernon A. Richard High School for Fire and Life Safety,19,Staten Island,3,3.0,745,141.0,108,125,1.0,1
19K502,FDNY - Captain Vernon A. Richard High School for Fire and Life Safety,19,Unknown,6,1.0,745,141.0,108,125,0.16666666666666666,182
19K507,Performing Arts and Technology High School,19,Bronx,17,17.0,1103,157.0,125,163,1.0,1
19K507,Performing Arts and Technology High School,19,Brooklyn,881,130.0,1103,157.0,125,163,0.14755959137343927,380
19K507,Performing Arts and Technology High School,19,Manhattan,13,13.0,1103,157.0,125,163,1.0,1
19K507,Performing Arts and Technology High School,19,Queens,98,29.0,1103,157.0,125,163,0.29591836734693877,329
19K507,Performing Arts and Technology High School,19,Staten Island,4,4.0,1103,157.0,125,163,1.0,1
19K507,Performing Arts and Technology High School,19,Unknown,21,2.0,1103,157.0,125,163,0.09523809523809523,226
19K510,World Academy for Total Community Health High School,19,Bronx,5,5.0,417,29.0,98,6,1.0,1
19K510,World Academy for Total Community Health High School,19,Brooklyn,351,27.0,417,29.0,98,6,0.07692307692307693,409
19K510,World Academy for Total Community Health High School,19,Manhattan,2,2.0,417,29.0,98,6,1.0,1
19K510,World Academy for Total Community Health High School,19,Queens,20,20.0,417,29.0,98,6,1.0,1
19K510,World Academy for Total Community Health High School,19,Staten Island,6,6.0,417,29.0,98,6,1.0,1
19K510,World Academy for Total Community Health High School,19,Unknown,7,1.0,417,29.0,98,6,0.14285714285714285,194
19K583,Multicultural High School,19,Bronx,4,4.0,320,88.0,111,64,1.0,1
19K583,Multicultural High School,19,Brooklyn,211,63.0,320,88.0,111,64,0.2985781990521327,272
19K583,Multicultural High School,19,Manhattan,2,2.0,320,88.0,111,64,1.0,1
19K583,Multicultural High School,19,Queens,66,27.0,320,88.0,111,64,0.4090909090909091,276
19K583,Multicultural High School,19,Staten Island,1,1.0,320,88.0,111,64,1.0,196
19K583,Multicultural High School,19,Unknown,12,1.0,320,88.0,111,64,0.08333333333333333,229
19K615,Transit Tech Career and Technical Education High School,19,Bronx,15,15.0,1168,225.0,315,6,1.0,1
19K615,Transit Tech Career and Technical Education High School,19,Brooklyn,766,132.0,1168,225.0,315,6,0.17232375979112272,350
19K615,Transit Tech Career and Technical Education High School,19,Manhattan,5,5.0,1168,225.0,315,6,1.0,1
19K615,Transit Tech Career and Technical Education High School,19,Queens,277,65.0,1168,225.0,315,6,0.23465703971119134,362
19K615,Transit Tech Career and Technical Education High School,19,Staten Island,3,3.0,1168,225.0,315,6,1.0,1
19K615,Transit Tech Career and Technical Education High School,19,Unknown,46,12.0,1168,225.0,315,6,0.2608695652173913,133
19K618,Academy of Innovative Technology,19,Bronx,22,15.0,1048,183.0,115,169,0.6818181818181818,183
19K618,Academy of Innovative Technology,19,Brooklyn,575,94.0,1048,183.0,115,169,0.1634782608695652,363
19K618,Academy of Innovative Technology,19,Manhattan,7,7.0,1048,183.0,115,169,1.0,1
19K618,Academy of Innovative Technology,19,Queens,319,68.0,1048,183.0,115,169,0.21316614420062696,378
19K618,Academy of Innovative Technology,19,Staten Island,2,2.0,1048,183.0,115,169,1.0,1
19K618,Academy of Innovative Technology,19,Unknown,48,9.0,1048,183.0,115,169,0.1875,175
19K639,Brooklyn Lab School,19,Bronx,8,8.0,980,152.0,102,143,1.0,1
19K639,Brooklyn Lab School,19,Brooklyn,654,109.0,980,152.0,102,143,0.16666666666666666,356
19K639,Brooklyn Lab School,19,Queens,233,50.0,980,152.0,102,143,0.2145922746781116,377
19K639,Brooklyn Lab School,19,Staten Island,3,3.0,980,152.0,102,143,1.0,1
19K639,Brooklyn Lab School,19,Unknown,32,1.0,980,152.0,102,143,0.03125,246
19K659,Cypress Hills Collegiate Preparatory School,19,Bronx,1,1.0,581,86.0,99,6,1.0,415
19K659,Cypress Hills Collegiate Preparatory School,19,Brooklyn,382,66.0,581,86.0,99,6,0.17277486910994763,348
19K659,Cypress Hills Collegiate Preparatory School,19,Queens,140,34.0,581,86.0,99,6,0.24285714285714285,359
19K659,Cypress Hills Collegiate Preparatory School,19,Unknown,26,1.0,581,86.0,99,6,0.038461538461538464,244
19K660,W. H. Maxwell Career and Technical Education High School,19,Bronx,16,16.0,991,185.0,305,164,1.0,1
19K660,W. H. Maxwell Career and Technical Education High School,19,Brooklyn,777,147.0,991,185.0,305,164,0.1891891891891892,335
19K660,W. H. Maxwell Career and Technical Education High School,19,Manhattan,9,9.0,991,185.0,305,164,1.0,1
19K660,W. H. Maxwell Career and Technical Education High School,19,Queens,104,28.0,991,185.0,305,164,0.2692307692307692,341
19K660,W. H. Maxwell Career and Technical Education High School,19,Staten Island,3,3.0,991,185.0,305,164,1.0,1
19K660,W. H. Maxwell Career and Technical Education High School,19,Unknown,22,1.0,991,185.0,305,164,0.045454545454545456,241
19K683,School for Classics High School,19,Brooklyn,180,57.0,229,54.0,108,6,0.31666666666666665,264
19K683,School for Classics High School,19,Manhattan,1,1.0,229,54.0,108,6,1.0,395
19K683,School for Classics High School,19,Queens,25,14.0,229,54.0,108,6,0.56,240
19K683,School for Classics High School,19,Staten Island,1,1.0,229,54.0,108,6,1.0,196
19K683,School for Classics High School,19,Unknown,1,1.0,229,54.0,108,6,1.0,263
19K764,The Urban Assembly School for Collaborative Healthcare,19,Bronx,3,3.0,419,71.0,81,6,1.0,1
19K764,The Urban Assembly School for Collaborative Healthcare,19,Brooklyn,281,49.0,419,71.0,81,6,0.17437722419928825,345
19K764,The Urban Assembly School for Collaborative Healthcare,19,Manhattan,2,2.0,419,71.0,81,6,1.0,1
19K764,The Urban Assembly School for Collaborative Healthcare,19,Queens,77,30.0,419,71.0,81,6,0.38961038961038963,285
19K764,The Urban Assembly School for Collaborative Healthcare,19,Unknown,24,1.0,419,71.0,81,6,0.041666666666666664,243
19K953,The East New York Arts and Civics High School,19,Bronx,2,2.0,169,23.0,68,6,1.0,1
19K953,The East New York Arts and Civics High School,19,Brooklyn,144,25.0,169,23.0,68,6,0.1736111111111111,347
19K953,The East New York Arts and Civics High School,19,Queens,8,8.0,169,23.0,68,6,1.0,1
20K445,New Utrecht High School,20,Bronx,12,12.0,4568,1443.0,630,730,1.0,1
20K445,New Utrecht High School,20,Brooklyn,4402,1408.0,4568,1443.0,630,730,0.319854611540209,261
20K445,New Utrecht High School,20,Manhattan,13,13.0,4568,1443.0,630,730,1.0,1
20K445,New Utrecht High School,20,Queens,20,20.0,4568,1443.0,630,730,1.0,1
20K445,New Utrecht High School,20,Staten Island,58,11.0,4568,1443.0,630,730,0.1896551724137931,184
20K445,New Utrecht High School,20,Unknown,3,3.0,4568,1443.0,630,730,1.0,1
20K485,High School of Telecommunication Arts and Technology,20,Bronx,6,6.0,2973,1210.0,310,363,1.0,1
20K485,High School of Telecommunication Arts and Technology,20,Brooklyn,2869,1175.0,2973,1210.0,310,363,0.4095503659811781,225
20K485,High School of Telecommunication Arts and Technology,20,Manhattan,9,9.0,2973,1210.0,310,363,1.0,1
20K485,High School of Telecommunication Arts and Technology,20,Queens,12,12.0,2973,1210.0,310,363,1.0,1
20K485,High School of Telecommunication Arts and Technology,20,Staten Island,50,9.0,2973,1210.0,310,363,0.18,186
20K485,High School of Telecommunication Arts and Technology,20,Unknown,2,2.0,2973,1210.0,310,363,1.0,1
20K490,Fort Hamilton High School,20,Bronx,16,16.0,4983,1995.0,883,903,1.0,1
20K490,Fort Hamilton High School,20,Brooklyn,4688,1920.0,4983,1995.0,883,903,0.40955631399317405,224
20K490,Fort Hamilton High School,20,Manhattan,13,13.0,4983,1995.0,883,903,1.0,1
20K490,Fort Hamilton High School,20,Queens,21,21.0,4983,1995.0,883,903,1.0,1
20K490,Fort Hamilton High School,20,Staten Island,190,35.0,4983,1995.0,883,903,0.18421052631578946,185
20K490,Fort Hamilton High School,20,Unknown,2,2.0,4983,1995.0,883,903,1.0,1
20K505,Franklin Delano Roosevelt High School,20,Bronx,2,2.0,3723,924.0,710,852,1.0,1
20K505,Franklin Delano Roosevelt High School,20,Brooklyn,3674,910.0,3723,924.0,710,852,0.2476864452912357,298
20K505,Franklin Delano Roosevelt High School,20,Manhattan,6,6.0,3723,924.0,710,852,1.0,1
20K505,Franklin Delano Roosevelt High School,20,Queens,11,11.0,3723,924.0,710,852,1.0,1
20K505,Franklin Delano Roosevelt High School,20,Staten Island,5,5.0,3723,924.0,710,852,1.0,1
20K505,Franklin Delano Roosevelt High School,20,Unknown,2,2.0,3723,924.0,710,852,1.0,1
20K609,Urban Assembly School for Leadership and Empowerment,20,Bronx,1,1.0,278,74.0,100,132,1.0,415
20K609,Urban Assembly School for Leadership and Empowerment,20,Brooklyn,237,77.0,278,74.0,100,132,0.32489451476793246,259
20K609,Urban Assembly School for Leadership and Empowerment,20,Manhattan,2,2.0,278,74.0,100,132,1.0,1
20K609,Urban Assembly School for Leadership and Empowerment,20,Queens,5,5.0,278,74.0,100,132,1.0,1
20K609,Urban Assembly School for Leadership and Empowerment,20,Staten Island,4,4.0,278,74.0,100,132,1.0,1
20K609,Urban Assembly School for Leadership and Empowerment,20,Unknown,2,2.0,278,74.0,100,132,1.0,1
21K337,International High School at Lafayette,21,Brooklyn,294,77.0,327,76.0,90,35,0.2619047619047619,287
21K337,International High School at Lafayette,21,Manhattan,3,3.0,327,76.0,90,35,1.0,1
21K337,International High School at Lafayette,21,Queens,6,6.0,327,76.0,90,35,1.0,1
21K337,International High School at Lafayette,21,Staten Island,2,2.0,327,76.0,90,35,1.0,1
21K337,International High School at Lafayette,21,Unknown,1,1.0,327,76.0,90,35,1.0,263
21K344,Rachel Carson High School for Coastal Studies,21,Brooklyn,445,168.0,469,162.0,160,200,0.3775280898876405,233
21K344,Rachel Carson High School for Coastal Studies,21,Queens,6,6.0,469,162.0,160,200,1.0,1
21K344,Rachel Carson High School for Coastal Studies,21,Staten Island,2,2.0,469,162.0,160,200,1.0,1
21K348,High School of Sports Management,21,Bronx,14,14.0,386,75.0,176,6,1.0,1
21K348,High School of Sports Management,21,Brooklyn,293,66.0,386,75.0,176,6,0.22525597269624573,319
21K348,High School of Sports Management,21,Manhattan,9,9.0,386,75.0,176,6,1.0,1
21K348,High School of Sports Management,21,Queens,16,16.0,386,75.0,176,6,1.0,1
21K348,High School of Sports Management,21,Staten Island,9,9.0,386,75.0,176,6,1.0,1
21K348,High School of Sports Management,21,Unknown,2,2.0,386,75.0,176,6,1.0,1
21K410,Abraham Lincoln High School,21,Bronx,5,5.0,2225,539.0,741,604,1.0,1
21K410,Abraham Lincoln High School,21,Brooklyn,2184,507.0,2225,539.0,741,604,0.23214285714285715,314
21K410,Abraham Lincoln High School,21,Manhattan,3,3.0,2225,539.0,741,604,1.0,1
21K410,Abraham Lincoln High School,21,Queens,13,13.0,2225,539.0,741,604,1.0,1
21K410,Abraham Lincoln High School,21,Staten Island,5,5.0,2225,539.0,741,604,1.0,1
21K410,Abraham Lincoln High School,21,Unknown,2,2.0,2225,539.0,741,604,1.0,1
21K468,Kingsborough Early College School,21,Bronx,8,8.0,1229,429.0,110,122,1.0,1
21K468,Kingsborough Early College School,21,Brooklyn,1169,409.0,1229,429.0,110,122,0.3498716852010265,248
21K468,Kingsborough Early College School,21,Manhattan,2,2.0,1229,429.0,110,122,1.0,1
21K468,Kingsborough Early College School,21,Queens,16,16.0,1229,429.0,110,122,1.0,1
21K468,Kingsborough Early College School,21,Staten Island,11,11.0,1229,429.0,110,122,1.0,1
21K468,Kingsborough Early College School,21,Unknown,1,1.0,1229,429.0,110,122,1.0,263
21K525,Edward R. Murrow High School,21,Bronx,10,10.0,6293,2283.0,933,1196,1.0,1
21K525,Edward R. Murrow High School,21,Brooklyn,6218,2263.0,6293,2283.0,933,1196,0.36394339015760696,241
21K525,Edward R. Murrow High School,21,Manhattan,9,9.0,6293,2283.0,933,1196,1.0,1
21K525,Edward R. Murrow High School,21,Queens,21,21.0,6293,2283.0,933,1196,1.0,1
21K525,Edward R. Murrow High School,21,Staten Island,9,9.0,6293,2283.0,933,1196,1.0,1
21K525,Edward R. Murrow High School,21,Unknown,3,3.0,6293,2283.0,933,1196,1.0,1
21K540,John Dewey High School,21,Bronx,8,8.0,2573,622.0,553,577,1.0,1
21K540,John Dewey High School,21,Brooklyn,2472,621.0,2573,622.0,553,577,0.2512135922330097,295
21K540,John Dewey High School,21,Manhattan,10,10.0,2573,622.0,553,577,1.0,1
21K540,John Dewey High School,21,Queens,24,24.0,2573,622.0,553,577,1.0,1
21K540,John Dewey High School,21,Staten Island,9,9.0,2573,622.0,553,577,1.0,1
21K540,John Dewey High School,21,Unknown,1,1.0,2573,622.0,553,577,1.0,263
21K559,Life Academy High School for Film and Music,21,Bronx,7,7.0,145,21.0,81,49,1.0,1
21K559,Life Academy High School for Film and Music,21,Brooklyn,94,35.0,145,21.0,81,49,0.3723404255319149,235
21K559,Life Academy High School for Film and Music,21,Manhattan,1,1.0,145,21.0,81,49,1.0,395
21K559,Life Academy High School for Film and Music,21,Queens,9,9.0,145,21.0,81,49,1.0,1
21K559,Life Academy High School for Film and Music,21,Staten Island,2,2.0,145,21.0,81,49,1.0,1
21K559,Life Academy High School for Film and Music,21,Unknown,1,1.0,145,21.0,81,49,1.0,263
21K572,Leaders High School,21,Bronx,3,3.0,462,119.0,110,141,1.0,1
21K572,Leaders High School,21,Brooklyn,422,112.0,462,119.0,110,141,0.26540284360189575,284
21K572,Leaders High School,21,Manhattan,2,2.0,462,119.0,110,141,1.0,1
21K572,Leaders High School,21,Queens,2,2.0,462,119.0,110,141,1.0,1
21K572,Leaders High School,21,Staten Island,6,6.0,462,119.0,110,141,1.0,1
21K620,William E. Grady Career and Technical Education High School,21,Bronx,10,10.0,970,205.0,305,214,1.0,1
21K620,William E. Grady Career and Technical Education High School,21,Brooklyn,886,200.0,970,205.0,305,214,0.22573363431151242,318
21K620,William E. Grady Career and Technical Education High School,21,Manhattan,4,4.0,970,205.0,305,214,1.0,1
21K620,William E. Grady Career and Technical Education High School,21,Queens,21,21.0,970,205.0,305,214,1.0,1
21K620,William E. Grady Career and Technical Education High School,21,Staten Island,10,10.0,970,205.0,305,214,1.0,1
21K620,William E. Grady Career and Technical Education High School,21,Unknown,1,1.0,970,205.0,305,214,1.0,263
21K690,Brooklyn Studio Secondary School,21,Bronx,3,3.0,844,281.0,102,133,1.0,1
21K690,Brooklyn Studio Secondary School,21,Brooklyn,812,276.0,844,281.0,102,133,0.3399014778325123,252
21K690,Brooklyn Studio Secondary School,21,Queens,5,5.0,844,281.0,102,133,1.0,1
21K690,Brooklyn Studio Secondary School,21,Staten Island,8,8.0,844,281.0,102,133,1.0,1
22K405,Midwood High School,22,Bronx,50,19.0,11658,5495.0,910,1323,0.38,218
22K405,Midwood High School,22,Brooklyn,11066,5311.0,11658,5495.0,910,1323,0.47993855051509127,207
22K405,Midwood High School,22,Manhattan,78,38.0,11658,5495.0,910,1323,0.48717948717948717,268
22K405,Midwood High School,22,Queens,247,68.0,11658,5495.0,910,1323,0.27530364372469635,336
22K405,Midwood High School,22,Staten Island,95,24.0,11658,5495.0,910,1323,0.25263157894736843,182
22K405,Midwood High School,22,Unknown,18,8.0,11658,5495.0,910,1323,0.4444444444444444,85
22K425,James Madison High School,22,Bronx,6,6.0,6968,2801.0,837,940,1.0,1
22K425,James Madison High School,22,Brooklyn,6901,2778.0,6968,2801.0,837,940,0.40255035502101144,227
22K425,James Madison High School,22,Manhattan,6,6.0,6968,2801.0,837,940,1.0,1
22K425,James Madison High School,22,Queens,19,19.0,6968,2801.0,837,940,1.0,1
22K425,James Madison High School,22,Staten Island,8,8.0,6968,2801.0,837,940,1.0,1
22K425,James Madison High School,22,Unknown,1,1.0,6968,2801.0,837,940,1.0,263
22K535,Leon M. Goldstein High School for the Sciences,22,Bronx,10,10.0,3985,2007.0,258,429,1.0,1
22K535,Leon M. Goldstein High School for the Sciences,22,Brooklyn,3696,1872.0,3985,2007.0,258,429,0.5064935064935064,198
22K535,Leon M. Goldstein High School for the Sciences,22,Manhattan,29,24.0,3985,2007.0,258,429,0.8275862068965517,226
22K535,Leon M. Goldstein High School for the Sciences,22,Queens,127,72.0,3985,2007.0,258,429,0.5669291338582677,236
22K535,Leon M. Goldstein High School for the Sciences,22,Staten Island,45,19.0,3985,2007.0,258,429,0.4222222222222222,168
22K535,Leon M. Goldstein High School for the Sciences,22,Unknown,1,1.0,3985,2007.0,258,429,1.0,263
22K555,Brooklyn College Academy,22,Bronx,9,9.0,2698,911.0,170,228,1.0,1
22K555,Brooklyn College Academy,22,Brooklyn,2605,868.0,2698,911.0,170,228,0.33320537428023034,256
22K555,Brooklyn College Academy,22,Manhattan,5,5.0,2698,911.0,170,228,1.0,1
22K555,Brooklyn College Academy,22,Queens,32,20.0,2698,911.0,170,228,0.625,225
22K555,Brooklyn College Academy,22,Staten Island,9,9.0,2698,911.0,170,228,1.0,1
22K555,Brooklyn College Academy,22,Unknown,1,1.0,2698,911.0,170,228,1.0,263
22K611,Origins High School,22,Brooklyn,275,122.0,296,126.0,128,211,0.44363636363636366,217
22K611,Origins High School,22,Queens,2,2.0,296,126.0,128,211,1.0,1
22K611,Origins High School,22,Staten Island,1,1.0,296,126.0,128,211,1.0,196
23K493,Brooklyn Collegiate: A College Board School,23,Bronx,3,3.0,727,113.0,120,6,1.0,1
23K493,Brooklyn Collegiate: A College Board School,23,Brooklyn,668,108.0,727,113.0,120,6,0.16167664670658682,365
23K493,Brooklyn Collegiate: A College Board School,23,Manhattan,5,5.0,727,113.0,120,6,1.0,1
23K493,Brooklyn Collegiate: A College Board School,23,Queens,12,12.0,727,113.0,120,6,1.0,1
23K493,Brooklyn Collegiate: A College Board School,23,Staten Island,1,1.0,727,113.0,120,6,1.0,196
23K493,Brooklyn Collegiate: A College Board School,23,Unknown,1,1.0,727,113.0,120,6,1.0,263
23K514,Frederick Douglass Academy VII High School,23,Bronx,8,8.0,532,76.0,108,85,1.0,1
23K514,Frederick Douglass Academy VII High School,23,Brooklyn,475,79.0,532,76.0,108,85,0.16631578947368422,358
23K514,Frederick Douglass Academy VII High School,23,Manhattan,8,8.0,532,76.0,108,85,1.0,1
23K514,Frederick Douglass Academy VII High School,23,Queens,12,12.0,532,76.0,108,85,1.0,1
23K514,Frederick Douglass Academy VII High School,23,Staten Island,2,2.0,532,76.0,108,85,1.0,1
23K514,Frederick Douglass Academy VII High School,23,Unknown,2,2.0,532,76.0,108,85,1.0,1
23K644,Eagle Academy for Young Men II,23,Bronx,13,13.0,554,179.0,92,139,1.0,1
23K644,Eagle Academy for Young Men II,23,Brooklyn,459,155.0,554,179.0,92,139,0.33769063180827885,253
23K644,Eagle Academy for Young Men II,23,Manhattan,7,7.0,554,179.0,92,139,1.0,1
23K644,Eagle Academy for Young Men II,23,Queens,20,20.0,554,179.0,92,139,1.0,1
23K644,Eagle Academy for Young Men II,23,Staten Island,4,4.0,554,179.0,92,139,1.0,1
23K644,Eagle Academy for Young Men II,23,Unknown,1,1.0,554,179.0,92,139,1.0,263
23K697,Teachers Preparatory High School,23,Bronx,2,2.0,187,35.0,90,6,1.0,1
23K697,Teachers Preparatory High School,23,Brooklyn,166,37.0,187,35.0,90,6,0.22289156626506024,321
23K697,Teachers Preparatory High School,23,Manhattan,1,1.0,187,35.0,90,6,1.0,395
23K697,Teachers Preparatory High School,23,Queens,3,3.0,187,35.0,90,6,1.0,1
23K697,Teachers Preparatory High School,23,Unknown,1,1.0,187,35.0,90,6,1.0,263
24Q236,International High School for Health Sciences,24,Bronx,4,4.0,485,112.0,81,68,1.0,1
24Q236,International High School for Health Sciences,24,Brooklyn,10,10.0,485,112.0,81,68,1.0,1
24Q236,International High School for Health Sciences,24,Manhattan,3,3.0,485,112.0,81,68,1.0,1
24Q236,International High School for Health Sciences,24,Queens,397,107.0,485,112.0,81,68,0.2695214105793451,340
24Q236,International High School for Health Sciences,24,Staten Island,1,1.0,485,112.0,81,68,1.0,196
24Q236,International High School for Health Sciences,24,Unknown,21,1.0,485,112.0,81,68,0.047619047619047616,240
24Q264,Academy of Finance and Enterprise,24,Bronx,38,19.0,2163,546.0,124,151,0.5,202
24Q264,Academy of Finance and Enterprise,24,Brooklyn,123,30.0,2163,546.0,124,151,0.24390243902439024,301
24Q264,Academy of Finance and Enterprise,24,Manhattan,30,25.0,2163,546.0,124,151,0.8333333333333334,225
24Q264,Academy of Finance and Enterprise,24,Queens,1777,472.0,2163,546.0,124,151,0.26561620709060213,342
24Q264,Academy of Finance and Enterprise,24,Staten Island,3,3.0,2163,546.0,124,151,1.0,1
24Q264,Academy of Finance and Enterprise,24,Unknown,81,24.0,2163,546.0,124,151,0.2962962962962963,119
24Q267,High School of Applied Communication,24,Bronx,3,3.0,557,75.0,145,6,1.0,1
24Q267,High School of Applied Communication,24,Brooklyn,14,14.0,557,75.0,145,6,1.0,1
24Q267,High School of Applied Communication,24,Manhattan,5,5.0,557,75.0,145,6,1.0,1
24Q267,High School of Applied Communication,24,Queens,503,71.0,557,75.0,145,6,0.1411530815109344,396
24Q267,High School of Applied Communication,24,Unknown,12,2.0,557,75.0,145,6,0.16666666666666666,182
24Q293,Civic Leadership Academy,24,Bronx,5,5.0,1157,291.0,142,191,1.0,1
24Q293,Civic Leadership Academy,24,Brooklyn,6,6.0,1157,291.0,142,191,1.0,1
24Q293,Civic Leadership Academy,24,Manhattan,2,2.0,1157,291.0,142,191,1.0,1
24Q293,Civic Leadership Academy,24,Queens,1096,290.0,1157,291.0,142,191,0.2645985401459854,343
24Q293,Civic Leadership Academy,24,Unknown,17,2.0,1157,291.0,142,191,0.11764705882352941,211
24Q296,Pan American International High School,24,Bronx,5,5.0,508,166.0,108,28,1.0,1
24Q296,Pan American International High School,24,Brooklyn,12,7.0,508,166.0,108,28,0.5833333333333334,188
24Q296,Pan American International High School,24,Manhattan,4,4.0,508,166.0,108,28,1.0,1
24Q296,Pan American International High School,24,Queens,436,160.0,508,166.0,108,28,0.3669724770642202,296
24Q296,Pan American International High School,24,Unknown,23,1.0,508,166.0,108,28,0.043478260869565216,242
24Q299,Bard High School Early College Queens,24,Bronx,155,71.0,3866,2227.0,125,166,0.45806451612903226,206
24Q299,Bard High School Early College Queens,24,Brooklyn,530,258.0,3866,2227.0,125,166,0.4867924528301887,204
24Q299,Bard High School Early College Queens,24,Manhattan,330,158.0,3866,2227.0,125,166,0.47878787878787876,269
24Q299,Bard High School Early College Queens,24,Queens,2588,1532.0,3866,2227.0,125,166,0.5919629057187017,228
24Q299,Bard High School Early College Queens,24,Staten Island,3,3.0,3866,2227.0,125,166,1.0,1
24Q299,Bard High School Early College Queens,24,Unknown,156,86.0,3866,2227.0,125,166,0.5512820512820513,75
24Q455,Newtown High School,24,Bronx,2,2.0,1328,243.0,419,346,1.0,1
24Q455,Newtown High School,24,Brooklyn,5,5.0,1328,243.0,419,346,1.0,1
24Q455,Newtown High School,24,Queens,1232,203.0,1328,243.0,419,346,0.16477272727272727,395
24Q455,Newtown High School,24,Unknown,70,12.0,1328,243.0,419,346,0.17142857142857143,181
24Q485,Grover Cleveland High School,24,Bronx,8,8.0,1552,359.0,420,437,1.0,1
24Q485,Grover Cleveland High School,24,Brooklyn,369,92.0,1552,359.0,420,437,0.24932249322493225,297
24Q485,Grover Cleveland High School,24,Manhattan,6,6.0,1552,359.0,420,437,1.0,1
24Q485,Grover Cleveland High School,24,Queens,736,179.0,1552,359.0,420,437,0.24320652173913043,358
24Q485,Grover Cleveland High School,24,Unknown,361,119.0,1552,359.0,420,437,0.3296398891966759,106
24Q520,Middle College High School at LaGuardia Community College,24,Bronx,13,13.0,1826,552.0,97,118,1.0,1
24Q520,Middle College High School at LaGuardia Community College,24,Brooklyn,71,28.0,1826,552.0,97,118,0.39436619718309857,230
24Q520,Middle College High School at LaGuardia Community College,24,Manhattan,17,17.0,1826,552.0,97,118,1.0,1
24Q520,Middle College High School at LaGuardia Community College,24,Queens,1569,491.0,1826,552.0,97,118,0.31293817718291905,317
24Q520,Middle College High School at LaGuardia Community College,24,Staten Island,1,1.0,1826,552.0,97,118,1.0,196
24Q520,Middle College High School at LaGuardia Community College,24,Unknown,61,16.0,1826,552.0,97,118,0.26229508196721313,131
24Q530,International High School at LaGuardia Community College,24,Bronx,21,21.0,1236,505.0,119,114,1.0,1
24Q530,International High School at LaGuardia Community College,24,Brooklyn,85,33.0,1236,505.0,119,114,0.38823529411764707,231
24Q530,International High School at LaGuardia Community College,24,Manhattan,21,21.0,1236,505.0,119,114,1.0,1
24Q530,International High School at LaGuardia Community College,24,Queens,928,427.0,1236,505.0,119,114,0.46012931034482757,260
24Q530,International High School at LaGuardia Community College,24,Staten Island,4,4.0,1236,505.0,119,114,1.0,1
24Q530,International High School at LaGuardia Community College,24,Unknown,58,7.0,1236,505.0,119,114,0.1206896551724138,210
24Q550,High School for Arts and Business,24,Bronx,18,18.0,2257,552.0,191,255,1.0,1
24Q550,High School for Arts and Business,24,Brooklyn,78,28.0,2257,552.0,191,255,0.358974358974359,244
24Q550,High School for Arts and Business,24,Manhattan,8,8.0,2257,552.0,191,255,1.0,1
24Q550,High School for Arts and Business,24,Queens,2000,524.0,2257,552.0,191,255,0.262,347
24Q550,High School for Arts and Business,24,Staten Island,1,1.0,2257,552.0,191,255,1.0,196
24Q550,High School for Arts and Business,24,Unknown,50,14.0,2257,552.0,191,255,0.28,126
24Q560,"Robert F. Wagner, Jr. Secondary School for Arts and Technology",24,Bronx,13,13.0,1368,247.0,120,161,1.0,1
24Q560,"Robert F. Wagner, Jr. Secondary School for Arts and Technology",24,Brooklyn,42,24.0,1368,247.0,120,161,0.5714285714285714,190
24Q560,"Robert F. Wagner, Jr. Secondary School for Arts and Technology",24,Manhattan,25,19.0,1368,247.0,120,161,0.76,232
24Q560,"Robert F. Wagner, Jr. Secondary School for Arts and Technology",24,Queens,1136,238.0,1368,247.0,120,161,0.20950704225352113,381
24Q560,"Robert F. Wagner, Jr. Secondary School for Arts and Technology",24,Staten Island,38,11.0,1368,247.0,120,161,0.2894736842105263,180
24Q560,"Robert F. Wagner, Jr. Secondary School for Arts and Technology",24,Unknown,34,4.0,1368,247.0,120,161,0.11764705882352941,211
24Q585,Maspeth High School,24,Bronx,26,15.0,5045,1953.0,270,348,0.5769230769230769,194
24Q585,Maspeth High School,24,Brooklyn,280,92.0,5045,1953.0,270,348,0.32857142857142857,257
24Q585,Maspeth High School,24,Manhattan,11,11.0,5045,1953.0,270,348,1.0,1
24Q585,Maspeth High School,24,Queens,4137,1578.0,5045,1953.0,270,348,0.38143582306018853,290
24Q585,Maspeth High School,24,Staten Island,2,2.0,5045,1953.0,270,348,1.0,1
24Q585,Maspeth High School,24,Unknown,532,243.0,5045,1953.0,270,348,0.4567669172932331,84
24Q600,Queens Technical High School,24,Bronx,31,20.0,3942,1196.0,350,423,0.6451612903225806,186
24Q600,Queens Technical High School,24,Brooklyn,170,36.0,3942,1196.0,350,423,0.21176470588235294,325
24Q600,Queens Technical High School,24,Manhattan,15,15.0,3942,1196.0,350,423,1.0,1
24Q600,Queens Technical High School,24,Queens,3494,1052.0,3942,1196.0,350,423,0.3010875787063538,326
24Q600,Queens Technical High School,24,Staten Island,3,3.0,3942,1196.0,350,423,1.0,1
24Q600,Queens Technical High School,24,Unknown,131,40.0,3942,1196.0,350,423,0.3053435114503817,114
24Q610,Aviation Career & Technical Education High School,24,Bronx,68,23.0,4123,1548.0,530,723,0.3382352941176471,227
24Q610,Aviation Career & Technical Education High School,24,Brooklyn,274,69.0,4123,1548.0,530,723,0.2518248175182482,293
24Q610,Aviation Career & Technical Education High School,24,Manhattan,63,35.0,4123,1548.0,530,723,0.5555555555555556,255
24Q610,Aviation Career & Technical Education High School,24,Queens,3413,1313.0,4123,1548.0,530,723,0.38470553765016113,288
24Q610,Aviation Career & Technical Education High School,24,Staten Island,5,5.0,4123,1548.0,530,723,1.0,1
24Q610,Aviation Career & Technical Education High School,24,Unknown,135,47.0,4123,1548.0,530,723,0.34814814814814815,99
25Q240,Veritas Academy,25,Bronx,10,10.0,526,96.0,130,6,1.0,1
25Q240,Veritas Academy,25,Brooklyn,4,4.0,526,96.0,130,6,1.0,1
25Q240,Veritas Academy,25,Manhattan,1,1.0,526,96.0,130,6,1.0,395
25Q240,Veritas Academy,25,Queens,459,104.0,526,96.0,130,6,0.22657952069716775,371
25Q240,Veritas Academy,25,Unknown,3,3.0,526,96.0,130,6,1.0,1
25Q241,Queens High School for Language Studies,25,Bronx,8,8.0,371,90.0,125,76,1.0,1
25Q241,Queens High School for Language Studies,25,Brooklyn,7,7.0,371,90.0,125,76,1.0,1
25Q241,Queens High School for Language Studies,25,Manhattan,5,5.0,371,90.0,125,76,1.0,1
25Q241,Queens High School for Language Studies,25,Queens,297,88.0,371,90.0,125,76,0.2962962962962963,328
25Q241,Queens High School for Language Studies,25,Staten Island,1,1.0,371,90.0,125,76,1.0,196
25Q241,Queens High School for Language Studies,25,Unknown,2,2.0,371,90.0,125,76,1.0,1
25Q252,"Queens School of Inquiry, The",25,Bronx,2,2.0,508,161.0,89,107,1.0,1
25Q252,"Queens School of Inquiry, The",25,Brooklyn,7,7.0,508,161.0,89,107,1.0,1
25Q252,"Queens School of Inquiry, The",25,Manhattan,2,2.0,508,161.0,89,107,1.0,1
25Q252,"Queens School of Inquiry, The",25,Queens,441,159.0,508,161.0,89,107,0.36054421768707484,299
25Q252,"Queens School of Inquiry, The",25,Unknown,4,4.0,508,161.0,89,107,1.0,1
25Q263,Flushing International High School,25,Bronx,3,3.0,576,182.0,90,90,1.0,1
25Q263,Flushing International High School,25,Brooklyn,7,7.0,576,182.0,90,90,1.0,1
25Q263,Flushing International High School,25,Manhattan,4,4.0,576,182.0,90,90,1.0,1
25Q263,Flushing International High School,25,Queens,519,177.0,576,182.0,90,90,0.34104046242774566,305
25Q263,Flushing International High School,25,Unknown,12,1.0,576,182.0,90,90,0.08333333333333333,229
25Q281,East-West School of International Studies,25,Bronx,8,8.0,766,290.0,89,113,1.0,1
25Q281,East-West School of International Studies,25,Brooklyn,7,7.0,766,290.0,89,113,1.0,1
25Q281,East-West School of International Studies,25,Manhattan,3,3.0,766,290.0,89,113,1.0,1
25Q281,East-West School of International Studies,25,Queens,692,285.0,766,290.0,89,113,0.41184971098265893,275
25Q281,East-West School of International Studies,25,Unknown,2,2.0,766,290.0,89,113,1.0,1
25Q285,World Journalism Preparatory: A College Board School,25,Bronx,5,5.0,448,162.0,90,139,1.0,1
25Q285,World Journalism Preparatory: A College Board School,25,Brooklyn,7,7.0,448,162.0,90,139,1.0,1
25Q285,World Journalism Preparatory: A College Board School,25,Manhattan,5,5.0,448,162.0,90,139,1.0,1
25Q285,World Journalism Preparatory: A College Board School,25,Queens,402,160.0,448,162.0,90,139,0.39800995024875624,280
25Q285,World Journalism Preparatory: A College Board School,25,Staten Island,2,2.0,448,162.0,90,139,1.0,1
25Q425,John Bowne High School,25,Bronx,38,20.0,3116,720.0,783,809,0.5263157894736842,200
25Q425,John Bowne High School,25,Brooklyn,86,29.0,3116,720.0,783,809,0.3372093023255814,254
25Q425,John Bowne High School,25,Manhattan,13,13.0,3116,720.0,783,809,1.0,1
25Q425,John Bowne High School,25,Queens,2844,657.0,3116,720.0,783,809,0.2310126582278481,366
25Q425,John Bowne High School,25,Staten Island,3,3.0,3116,720.0,783,809,1.0,1
25Q425,John Bowne High School,25,Unknown,44,10.0,3116,720.0,783,809,0.22727272727272727,152
25Q460,Flushing High School,25,Bronx,40,16.0,1592,289.0,419,419,0.4,216
25Q460,Flushing High School,25,Brooklyn,21,14.0,1592,289.0,419,419,0.6666666666666666,174
25Q460,Flushing High School,25,Manhattan,6,6.0,1592,289.0,419,419,1.0,1
25Q460,Flushing High School,25,Queens,1457,264.0,1592,289.0,419,419,0.18119423472889498,392
25Q460,Flushing High School,25,Staten Island,1,1.0,1592,289.0,419,419,1.0,196
25Q460,Flushing High School,25,Unknown,13,2.0,1592,289.0,419,419,0.15384615384615385,190
25Q525,Townsend Harris High School,25,Bronx,365,229.0,6780,4957.0,290,374,0.6273972602739726,192
25Q525,Townsend Harris High School,25,Brooklyn,471,214.0,6780,4957.0,290,374,0.4543524416135881,213
25Q525,Townsend Harris High School,25,Manhattan,174,88.0,6780,4957.0,290,374,0.5057471264367817,264
25Q525,Townsend Harris High School,25,Queens,5488,4168.0,6780,4957.0,290,374,0.7594752186588921,215
25Q525,Townsend Harris High School,25,Staten Island,4,4.0,6780,4957.0,290,374,1.0,1
25Q525,Townsend Harris High School,25,Unknown,180,126.0,6780,4957.0,290,374,0.7,69
25Q670,Robert F. Kennedy Community High School,25,Bronx,13,13.0,1012,254.0,150,223,1.0,1
25Q670,Robert F. Kennedy Community High School,25,Brooklyn,25,9.0,1012,254.0,150,223,0.36,243
25Q670,Robert F. Kennedy Community High School,25,Manhattan,7,7.0,1012,254.0,150,223,1.0,1
25Q670,Robert F. Kennedy Community High School,25,Queens,922,215.0,1012,254.0,150,223,0.23318872017353579,364
25Q670,Robert F. Kennedy Community High School,25,Unknown,8,2.0,1012,254.0,150,223,0.25,135
26Q315,Business Technology Early College High School,26,Bronx,13,13.0,1032,289.0,180,272,1.0,1
26Q315,Business Technology Early College High School,26,Brooklyn,46,17.0,1032,289.0,180,272,0.3695652173913043,239
26Q315,Business Technology Early College High School,26,Manhattan,9,9.0,1032,289.0,180,272,1.0,1
26Q315,Business Technology Early College High School,26,Queens,881,266.0,1032,289.0,180,272,0.30192962542565266,325
26Q315,Business Technology Early College High School,26,Unknown,9,3.0,1032,289.0,180,272,0.3333333333333333,101
26Q415,Benjamin N. Cardozo High School,26,Bronx,3,3.0,4527,1666.0,684,926,1.0,1
26Q415,Benjamin N. Cardozo High School,26,Brooklyn,5,5.0,4527,1666.0,684,926,1.0,1
26Q415,Benjamin N. Cardozo High School,26,Manhattan,3,3.0,4527,1666.0,684,926,1.0,1
26Q415,Benjamin N. Cardozo High School,26,Queens,4421,1627.0,4527,1666.0,684,926,0.3680162859081656,295
26Q415,Benjamin N. Cardozo High School,26,Unknown,79,24.0,4527,1666.0,684,926,0.3037974683544304,115
26Q430,Francis Lewis High School,26,Bronx,52,16.0,8708,3905.0,913,1030,0.3076923076923077,234
26Q430,Francis Lewis High School,26,Brooklyn,80,33.0,8708,3905.0,913,1030,0.4125,223
26Q430,Francis Lewis High School,26,Manhattan,11,11.0,8708,3905.0,913,1030,1.0,1
26Q430,Francis Lewis High School,26,Queens,8367,3784.0,8708,3905.0,913,1030,0.45225289829090476,261
26Q430,Francis Lewis High School,26,Staten Island,2,2.0,8708,3905.0,913,1030,1.0,1
26Q430,Francis Lewis High School,26,Unknown,145,59.0,8708,3905.0,913,1030,0.4068965517241379,88
26Q435,Martin Van Buren High School,26,Bronx,11,11.0,1084,217.0,352,273,1.0,1
26Q435,Martin Van Buren High School,26,Brooklyn,22,14.0,1084,217.0,352,273,0.6363636363636364,183
26Q435,Martin Van Buren High School,26,Manhattan,7,7.0,1084,217.0,352,273,1.0,1
26Q435,Martin Van Buren High School,26,Queens,971,204.0,1084,217.0,352,273,0.21009268795056643,379
26Q435,Martin Van Buren High School,26,Unknown,12,3.0,1084,217.0,352,273,0.25,135
26Q495,Bayside High School,26,Bronx,4,4.0,6914,2765.0,851,1041,1.0,1
26Q495,Bayside High School,26,Brooklyn,11,11.0,6914,2765.0,851,1041,1.0,1
26Q495,Bayside High School,26,Manhattan,5,5.0,6914,2765.0,851,1041,1.0,1
26Q495,Bayside High School,26,Queens,6786,2696.0,6914,2765.0,851,1041,0.3972885352195697,281
26Q495,Bayside High School,26,Staten Island,1,1.0,6914,2765.0,851,1041,1.0,196
26Q495,Bayside High School,26,Unknown,100,40.0,6914,2765.0,851,1041,0.4,89
26Q566,"Queens High School of Teaching, Liberal Arts and the Sciences",26,Bronx,6,6.0,671,231.0,258,222,1.0,1
26Q566,"Queens High School of Teaching, Liberal Arts and the Sciences",26,Brooklyn,11,11.0,671,231.0,258,222,1.0,1
26Q566,"Queens High School of Teaching, Liberal Arts and the Sciences",26,Manhattan,2,2.0,671,231.0,258,222,1.0,1
26Q566,"Queens High School of Teaching, Liberal Arts and the Sciences",26,Queens,588,195.0,671,231.0,258,222,0.33163265306122447,309
26Q566,"Queens High School of Teaching, Liberal Arts and the Sciences",26,Unknown,22,4.0,671,231.0,258,222,0.18181818181818182,178
27Q260,Frederick Douglass Academy VI High School,27,Bronx,24,19.0,482,71.0,121,6,0.7916666666666666,168
27Q260,Frederick Douglass Academy VI High School,27,Brooklyn,64,17.0,482,71.0,121,6,0.265625,283
27Q260,Frederick Douglass Academy VI High School,27,Manhattan,14,8.0,482,71.0,121,6,0.5714285714285714,250
27Q260,Frederick Douglass Academy VI High School,27,Queens,316,74.0,482,71.0,121,6,0.23417721518987342,363
27Q260,Frederick Douglass Academy VI High School,27,Unknown,1,1.0,482,71.0,121,6,1.0,263
27Q262,Channel View School for Research,27,Bronx,5,5.0,755,267.0,194,212,1.0,1
27Q262,Channel View School for Research,27,Brooklyn,17,12.0,755,267.0,194,212,0.7058823529411765,172
27Q262,Channel View School for Research,27,Queens,699,268.0,755,267.0,194,212,0.3834048640915594,289
27Q262,Channel View School for Research,27,Unknown,1,1.0,755,267.0,194,212,1.0,263
27Q302,"Queens High School for Information, Research, and Technology",27,Bronx,5,5.0,671,160.0,130,177,1.0,1
27Q302,"Queens High School for Information, Research, and Technology",27,Brooklyn,20,13.0,671,160.0,130,177,0.65,181
27Q302,"Queens High School for Information, Research, and Technology",27,Manhattan,1,1.0,671,160.0,130,177,1.0,395
27Q302,"Queens High School for Information, Research, and Technology",27,Queens,578,168.0,671,160.0,130,177,0.2906574394463668,331
27Q302,"Queens High School for Information, Research, and Technology",27,Staten Island,1,1.0,671,160.0,130,177,1.0,196
27Q302,"Queens High School for Information, Research, and Technology",27,Unknown,7,2.0,671,160.0,130,177,0.2857142857142857,121
27Q308,Robert H. Goddard High School of Communication Arts and Technology,27,Bronx,2,2.0,1222,468.0,140,181,1.0,1
27Q308,Robert H. Goddard High School of Communication Arts and Technology,27,Brooklyn,144,47.0,1222,468.0,140,181,0.3263888888888889,258
27Q308,Robert H. Goddard High School of Communication Arts and Technology,27,Manhattan,2,2.0,1222,468.0,140,181,1.0,1
27Q308,Robert H. Goddard High School of Communication Arts and Technology,27,Queens,1037,422.0,1222,468.0,140,181,0.4069431051108968,278
27Q308,Robert H. Goddard High School of Communication Arts and Technology,27,Staten Island,1,1.0,1222,468.0,140,181,1.0,196
27Q308,Robert H. Goddard High School of Communication Arts and Technology,27,Unknown,10,1.0,1222,468.0,140,181,0.1,219
27Q309,Academy of Medical Technology: A College Board School,27,Bronx,19,14.0,626,120.0,105,109,0.7368421052631579,178
27Q309,Academy of Medical Technology: A College Board School,27,Brooklyn,78,24.0,626,120.0,105,109,0.3076923076923077,267
27Q309,Academy of Medical Technology: A College Board School,27,Manhattan,4,4.0,626,120.0,105,109,1.0,1
27Q309,Academy of Medical Technology: A College Board School,27,Queens,455,129.0,626,120.0,105,109,0.2835164835164835,334
27Q309,Academy of Medical Technology: A College Board School,27,Staten Island,3,3.0,626,120.0,105,109,1.0,1
27Q309,Academy of Medical Technology: A College Board School,27,Unknown,8,2.0,626,120.0,105,109,0.25,135
27Q314,Epic High School - South,27,Bronx,4,4.0,618,154.0,95,138,1.0,1
27Q314,Epic High School - South,27,Brooklyn,36,16.0,618,154.0,95,138,0.4444444444444444,216
27Q314,Epic High School - South,27,Queens,559,145.0,618,154.0,95,138,0.259391771019678,351
27Q323,Scholars' Academy,27,Bronx,5,5.0,1065,580.0,154,186,1.0,1
27Q323,Scholars' Academy,27,Brooklyn,109,72.0,1065,580.0,154,186,0.6605504587155964,179
27Q323,Scholars' Academy,27,Manhattan,9,9.0,1065,580.0,154,186,1.0,1
27Q323,Scholars' Academy,27,Queens,898,507.0,1065,580.0,154,186,0.5645879732739421,238
27Q323,Scholars' Academy,27,Staten Island,4,4.0,1065,580.0,154,186,1.0,1
27Q323,Scholars' Academy,27,Unknown,9,2.0,1065,580.0,154,186,0.2222222222222222,154
27Q324,Rockaway Park High School for Environmental Sustainability,27,Bronx,1,1.0,164,25.0,108,51,1.0,415
27Q324,Rockaway Park High School for Environmental Sustainability,27,Brooklyn,7,7.0,164,25.0,108,51,1.0,1
27Q324,Rockaway Park High School for Environmental Sustainability,27,Manhattan,2,2.0,164,25.0,108,51,1.0,1
27Q324,Rockaway Park High School for Environmental Sustainability,27,Queens,144,28.0,164,25.0,108,51,0.19444444444444445,387
27Q334,Epic High School - North,27,Bronx,3,3.0,735,169.0,70,91,1.0,1
27Q334,Epic High School - North,27,Brooklyn,53,15.0,735,169.0,70,91,0.2830188679245283,276
27Q334,Epic High School - North,27,Manhattan,1,1.0,735,169.0,70,91,1.0,395
27Q334,Epic High School - North,27,Queens,654,173.0,735,169.0,70,91,0.26452599388379205,344
27Q334,Epic High School - North,27,Unknown,8,2.0,735,169.0,70,91,0.25,135
27Q351,Rockaway Collegiate High School,27,Brooklyn,7,7.0,258,71.0,135,6,1.0,1
27Q351,Rockaway Collegiate High School,27,Queens,241,73.0,258,71.0,135,6,0.3029045643153527,322
27Q400,August Martin High School,27,Bronx,16,16.0,960,177.0,250,218,1.0,1
27Q400,August Martin High School,27,Brooklyn,80,21.0,960,177.0,250,218,0.2625,286
27Q400,August Martin High School,27,Manhattan,8,8.0,960,177.0,250,218,1.0,1
27Q400,August Martin High School,27,Queens,793,179.0,960,177.0,250,218,0.2257250945775536,374
27Q400,August Martin High School,27,Staten Island,1,1.0,960,177.0,250,218,1.0,196
27Q400,August Martin High School,27,Unknown,2,2.0,960,177.0,250,218,1.0,1
27Q475,Richmond Hill High School,27,Brooklyn,120,28.0,1397,386.0,371,423,0.23333333333333334,313
27Q475,Richmond Hill High School,27,Manhattan,2,2.0,1397,386.0,371,423,1.0,1
27Q475,Richmond Hill High School,27,Queens,1185,345.0,1397,386.0,371,423,0.2911392405063291,330
27Q475,Richmond Hill High School,27,Staten Island,2,2.0,1397,386.0,371,423,1.0,1
27Q475,Richmond Hill High School,27,Unknown,33,10.0,1397,386.0,371,423,0.30303030303030304,116
27Q480,John Adams High School,27,Bronx,21,15.0,2490,480.0,636,644,0.7142857142857143,180
27Q480,John Adams High School,27,Brooklyn,528,90.0,2490,480.0,636,644,0.17045454545454544,353
27Q480,John Adams High School,27,Manhattan,10,10.0,2490,480.0,636,644,1.0,1
27Q480,John Adams High School,27,Queens,1816,372.0,2490,480.0,636,644,0.20484581497797358,383
27Q480,John Adams High School,27,Staten Island,2,2.0,2490,480.0,636,644,1.0,1
27Q480,John Adams High School,27,Unknown,58,12.0,2490,480.0,636,644,0.20689655172413793,167
27Q650,"High School for Construction Trades, Engineering and Architecture",27,Bronx,24,19.0,3028,1209.0,247,311,0.7916666666666666,168
27Q650,"High School for Construction Trades, Engineering and Architecture",27,Brooklyn,377,120.0,3028,1209.0,247,311,0.3183023872679045,263
27Q650,"High School for Construction Trades, Engineering and Architecture",27,Manhattan,12,12.0,3028,1209.0,247,311,1.0,1
27Q650,"High School for Construction Trades, Engineering and Architecture",27,Queens,2453,1016.0,3028,1209.0,247,311,0.4141867101508357,273
27Q650,"High School for Construction Trades, Engineering and Architecture",27,Staten Island,5,5.0,3028,1209.0,247,311,1.0,1
27Q650,"High School for Construction Trades, Engineering and Architecture",27,Unknown,71,19.0,3028,1209.0,247,311,0.2676056338028169,129
28Q167,Metropolitan Expeditionary Learning School,28,Bronx,2,2.0,1254,467.0,125,141,1.0,1
28Q167,Metropolitan Expeditionary Learning School,28,Brooklyn,33,11.0,1254,467.0,125,141,0.3333333333333333,255
28Q167,Metropolitan Expeditionary Learning School,28,Manhattan,3,3.0,1254,467.0,125,141,1.0,1
28Q167,Metropolitan Expeditionary Learning School,28,Queens,1059,419.0,1254,467.0,125,141,0.39565627950897075,282
28Q167,Metropolitan Expeditionary Learning School,28,Unknown,120,39.0,1254,467.0,125,141,0.325,107
28Q284,York Early College Academy,28,Bronx,8,8.0,1602,580.0,81,91,1.0,1
28Q284,York Early College Academy,28,Brooklyn,54,20.0,1602,580.0,81,91,0.37037037037037035,237
28Q284,York Early College Academy,28,Manhattan,8,8.0,1602,580.0,81,91,1.0,1
28Q284,York Early College Academy,28,Queens,1468,527.0,1602,580.0,81,91,0.358991825613079,300
28Q284,York Early College Academy,28,Unknown,10,3.0,1602,580.0,81,91,0.3,117
28Q310,Queens Collegiate: A College Board School,28,Bronx,4,4.0,453,67.0,115,77,1.0,1
28Q310,Queens Collegiate: A College Board School,28,Brooklyn,8,8.0,453,67.0,115,77,1.0,1
28Q310,Queens Collegiate: A College Board School,28,Manhattan,1,1.0,453,67.0,115,77,1.0,395
28Q310,Queens Collegiate: A College Board School,28,Queens,397,75.0,453,67.0,115,77,0.1889168765743073,390
28Q310,Queens Collegiate: A College Board School,28,Unknown,1,1.0,453,67.0,115,77,1.0,263
28Q325,Hillside Arts & Letters Academy,28,Bronx,2,2.0,520,82.0,108,133,1.0,1
28Q325,Hillside Arts & Letters Academy,28,Brooklyn,8,8.0,520,82.0,108,133,1.0,1
28Q325,Hillside Arts & Letters Academy,28,Manhattan,1,1.0,520,82.0,108,133,1.0,395
28Q325,Hillside Arts & Letters Academy,28,Queens,483,84.0,520,82.0,108,133,0.17391304347826086,393
28Q328,High School for Community Leadership,28,Bronx,4,4.0,671,160.0,150,231,1.0,1
28Q328,High School for Community Leadership,28,Brooklyn,27,10.0,671,160.0,150,231,0.37037037037037035,237
28Q328,High School for Community Leadership,28,Manhattan,2,2.0,671,160.0,150,231,1.0,1
28Q328,High School for Community Leadership,28,Queens,598,135.0,671,160.0,150,231,0.225752508361204,373
28Q328,High School for Community Leadership,28,Staten Island,1,1.0,671,160.0,150,231,1.0,196
28Q328,High School for Community Leadership,28,Unknown,2,2.0,671,160.0,150,231,1.0,1
28Q350,Jamaica Gateway to the Sciences,28,Bronx,3,3.0,1005,210.0,150,184,1.0,1
28Q350,Jamaica Gateway to the Sciences,28,Brooklyn,15,10.0,1005,210.0,150,184,0.6666666666666666,174
28Q350,Jamaica Gateway to the Sciences,28,Manhattan,3,3.0,1005,210.0,150,184,1.0,1
28Q350,Jamaica Gateway to the Sciences,28,Queens,940,197.0,1005,210.0,150,184,0.20957446808510638,380
28Q350,Jamaica Gateway to the Sciences,28,Unknown,2,2.0,1005,210.0,150,184,1.0,1
28Q440,Forest Hills High School,28,Bronx,32,17.0,7184,2477.0,702,851,0.53125,197
28Q440,Forest Hills High School,28,Brooklyn,186,43.0,7184,2477.0,702,851,0.23118279569892472,315
28Q440,Forest Hills High School,28,Manhattan,20,20.0,7184,2477.0,702,851,1.0,1
28Q440,Forest Hills High School,28,Queens,6608,2300.0,7184,2477.0,702,851,0.3480629539951574,302
28Q440,Forest Hills High School,28,Staten Island,1,1.0,7184,2477.0,702,851,1.0,196
28Q440,Forest Hills High School,28,Unknown,270,94.0,7184,2477.0,702,851,0.34814814814814815,99
28Q505,Hillcrest High School,28,Bronx,14,14.0,2316,496.0,730,517,1.0,1
28Q505,Hillcrest High School,28,Brooklyn,124,33.0,2316,496.0,730,517,0.2661290322580645,282
28Q505,Hillcrest High School,28,Manhattan,7,7.0,2316,496.0,730,517,1.0,1
28Q505,Hillcrest High School,28,Queens,2103,459.0,2316,496.0,730,517,0.21825962910128388,376
28Q505,Hillcrest High School,28,Unknown,22,4.0,2316,496.0,730,517,0.18181818181818182,178
28Q620,Thomas A. Edison Career and Technical Education High School,28,Bronx,21,16.0,6131,2355.0,473,583,0.7619047619047619,176
28Q620,Thomas A. Edison Career and Technical Education High School,28,Brooklyn,227,56.0,6131,2355.0,473,583,0.24669603524229075,299
28Q620,Thomas A. Edison Career and Technical Education High School,28,Manhattan,10,10.0,6131,2355.0,473,583,1.0,1
28Q620,Thomas A. Edison Career and Technical Education High School,28,Queens,5779,2256.0,6131,2355.0,473,583,0.39037895829728325,283
28Q620,Thomas A. Edison Career and Technical Education High School,28,Staten Island,1,1.0,6131,2355.0,473,583,1.0,196
28Q620,Thomas A. Edison Career and Technical Education High School,28,Unknown,48,16.0,6131,2355.0,473,583,0.3333333333333333,101
28Q680,Queens Gateway to Health Sciences Secondary School,28,Bronx,3,3.0,1238,384.0,108,147,1.0,1
28Q680,Queens Gateway to Health Sciences Secondary School,28,Brooklyn,25,12.0,1238,384.0,108,147,0.48,206
28Q680,Queens Gateway to Health Sciences Secondary School,28,Manhattan,1,1.0,1238,384.0,108,147,1.0,395
28Q680,Queens Gateway to Health Sciences Secondary School,28,Queens,1162,355.0,1238,384.0,108,147,0.3055077452667814,321
28Q680,Queens Gateway to Health Sciences Secondary School,28,Unknown,9,2.0,1238,384.0,108,147,0.2222222222222222,154
28Q686,Queens Metropolitan High School,28,Bronx,5,5.0,2321,931.0,279,279,1.0,1
28Q686,Queens Metropolitan High School,28,Brooklyn,91,29.0,2321,931.0,279,279,0.31868131868131866,262
28Q686,Queens Metropolitan High School,28,Manhattan,2,2.0,2321,931.0,279,279,1.0,1
28Q686,Queens Metropolitan High School,28,Queens,1818,706.0,2321,931.0,279,279,0.38833883388338836,286
28Q686,Queens Metropolitan High School,28,Staten Island,1,1.0,2321,931.0,279,279,1.0,196
28Q686,Queens Metropolitan High School,28,Unknown,344,174.0,2321,931.0,279,279,0.5058139534883721,78
28Q687,Queens High School for the Sciences at York College,28,Bronx,1558,0.0,11824,,104,139,0.0,406
28Q687,Queens High School for the Sciences at York College,28,Brooklyn,2500,0.0,11824,,104,139,0.0,411
28Q687,Queens High School for the Sciences at York College,28,Manhattan,1289,0.0,11824,,104,139,0.0,386
28Q687,Queens High School for the Sciences at York College,28,Queens,6104,0.0,11824,,104,139,0.0,397
28Q687,Queens High School for the Sciences at York College,28,Staten Island,122,0.0,11824,,104,139,0.0,187
28Q687,Queens High School for the Sciences at York College,28,Unknown,235,0.0,11824,,104,139,0.0,254
28Q690,High School for Law Enforcement and Public Safety,28,Bronx,9,9.0,396,91.0,165,109,1.0,1
28Q690,High School for Law Enforcement and Public Safety,28,Brooklyn,19,11.0,396,91.0,165,109,0.5789473684210527,189
28Q690,High School for Law Enforcement and Public Safety,28,Manhattan,1,1.0,396,91.0,165,109,1.0,395
28Q690,High School for Law Enforcement and Public Safety,28,Queens,320,84.0,396,91.0,165,109,0.2625,345
28Q690,High School for Law Enforcement and Public Safety,28,Unknown,1,1.0,396,91.0,165,109,1.0,263
28Q896,"Young Women's Leadership School, Queens",28,Bronx,2,2.0,350,99.0,81,119,1.0,1
28Q896,"Young Women's Leadership School, Queens",28,Brooklyn,7,7.0,350,99.0,81,119,1.0,1
28Q896,"Young Women's Leadership School, Queens",28,Manhattan,2,2.0,350,99.0,81,119,1.0,1
28Q896,"Young Women's Leadership School, Queens",28,Queens,301,79.0,350,99.0,81,119,0.26245847176079734,346
28Q896,"Young Women's Leadership School, Queens",28,Unknown,1,1.0,350,99.0,81,119,1.0,263
29Q243,Institute for Health Professions at Cambria Heights,29,Bronx,3,3.0,416,79.0,108,132,1.0,1
29Q243,Institute for Health Professions at Cambria Heights,29,Brooklyn,18,12.0,416,79.0,108,132,0.6666666666666666,174
29Q243,Institute for Health Professions at Cambria Heights,29,Manhattan,2,2.0,416,79.0,108,132,1.0,1
29Q243,Institute for Health Professions at Cambria Heights,29,Queens,362,82.0,416,79.0,108,132,0.2265193370165746,372
29Q243,Institute for Health Professions at Cambria Heights,29,Staten Island,1,1.0,416,79.0,108,132,1.0,196
29Q243,Institute for Health Professions at Cambria Heights,29,Unknown,2,2.0,416,79.0,108,132,1.0,1
29Q248,Queens Preparatory Academy,29,Bronx,3,3.0,383,62.0,100,6,1.0,1
29Q248,Queens Preparatory Academy,29,Brooklyn,16,16.0,383,62.0,100,6,1.0,1
29Q248,Queens Preparatory Academy,29,Manhattan,4,4.0,383,62.0,100,6,1.0,1
29Q248,Queens Preparatory Academy,29,Queens,318,66.0,383,62.0,100,6,0.20754716981132076,382
29Q248,Queens Preparatory Academy,29,Staten Island,1,1.0,383,62.0,100,6,1.0,196
29Q248,Queens Preparatory Academy,29,Unknown,10,1.0,383,62.0,100,6,0.1,219
29Q259,Pathways College Preparatory School: A College Board School,29,Bronx,3,3.0,440,145.0,186,167,1.0,1
29Q259,Pathways College Preparatory School: A College Board School,29,Brooklyn,12,12.0,440,145.0,186,167,1.0,1
29Q259,Pathways College Preparatory School: A College Board School,29,Queens,396,143.0,440,145.0,186,167,0.3611111111111111,298
29Q265,Excelsior Preparatory High School,29,Bronx,2,2.0,353,58.0,108,95,1.0,1
29Q265,Excelsior Preparatory High School,29,Brooklyn,9,9.0,353,58.0,108,95,1.0,1
29Q265,Excelsior Preparatory High School,29,Manhattan,1,1.0,353,58.0,108,95,1.0,395
29Q265,Excelsior Preparatory High School,29,Queens,318,64.0,353,58.0,108,95,0.20125786163522014,385
29Q265,Excelsior Preparatory High School,29,Unknown,1,1.0,353,58.0,108,95,1.0,263
29Q272,George Washington Carver High School for the Sciences,29,Bronx,14,14.0,590,92.0,93,6,1.0,1
29Q272,George Washington Carver High School for the Sciences,29,Brooklyn,44,22.0,590,92.0,93,6,0.5,199
29Q272,George Washington Carver High School for the Sciences,29,Manhattan,7,7.0,590,92.0,93,6,1.0,1
29Q272,George Washington Carver High School for the Sciences,29,Queens,454,88.0,590,92.0,93,6,0.19383259911894274,388
29Q272,George Washington Carver High School for the Sciences,29,Staten Island,2,2.0,590,92.0,93,6,1.0,1
29Q272,George Washington Carver High School for the Sciences,29,Unknown,13,3.0,590,92.0,93,6,0.23076923076923078,151
29Q283,Preparatory Academy for Writers: A College Board School,29,Bronx,3,3.0,177,47.0,90,69,1.0,1
29Q283,Preparatory Academy for Writers: A College Board School,29,Brooklyn,8,8.0,177,47.0,90,69,1.0,1
29Q283,Preparatory Academy for Writers: A College Board School,29,Manhattan,5,5.0,177,47.0,90,69,1.0,1
29Q283,Preparatory Academy for Writers: A College Board School,29,Queens,147,57.0,177,47.0,90,69,0.3877551020408163,287
29Q283,Preparatory Academy for Writers: A College Board School,29,Staten Island,1,1.0,177,47.0,90,69,1.0,196
29Q283,Preparatory Academy for Writers: A College Board School,29,Unknown,1,1.0,177,47.0,90,69,1.0,263
29Q313,Benjamin Franklin High School for Finance & Information Technology,29,Bronx,6,6.0,735,122.0,108,6,1.0,1
29Q313,Benjamin Franklin High School for Finance & Information Technology,29,Brooklyn,66,25.0,735,122.0,108,6,0.3787878787878788,232
29Q313,Benjamin Franklin High School for Finance & Information Technology,29,Manhattan,2,2.0,735,122.0,108,6,1.0,1
29Q313,Benjamin Franklin High School for Finance & Information Technology,29,Queens,578,113.0,735,122.0,108,6,0.19550173010380623,386
29Q313,Benjamin Franklin High School for Finance & Information Technology,29,Staten Island,2,2.0,735,122.0,108,6,1.0,1
29Q313,Benjamin Franklin High School for Finance & Information Technology,29,Unknown,3,3.0,735,122.0,108,6,1.0,1
29Q326,Cambria Heights Academy,29,Bronx,4,4.0,581,113.0,81,103,1.0,1
29Q326,Cambria Heights Academy,29,Brooklyn,6,6.0,581,113.0,81,103,1.0,1
29Q326,Cambria Heights Academy,29,Manhattan,2,2.0,581,113.0,81,103,1.0,1
29Q326,Cambria Heights Academy,29,Queens,545,130.0,581,113.0,81,103,0.23853211009174313,360
29Q326,Cambria Heights Academy,29,Unknown,3,3.0,581,113.0,81,103,1.0,1
29Q327,Eagle Academy for Young Men III,29,Bronx,16,11.0,324,112.0,120,6,0.6875,182
29Q327,Eagle Academy for Young Men III,29,Brooklyn,24,15.0,324,112.0,120,6,0.625,185
29Q327,Eagle Academy for Young Men III,29,Manhattan,3,3.0,324,112.0,120,6,1.0,1
29Q327,Eagle Academy for Young Men III,29,Queens,247,104.0,324,112.0,120,6,0.42105263157894735,269
29Q327,Eagle Academy for Young Men III,29,Staten Island,2,2.0,324,112.0,120,6,1.0,1
29Q492,"Mathematics, Science Research and Technology Magnet High School",29,Bronx,30,19.0,782,146.0,150,6,0.6333333333333333,189
29Q492,"Mathematics, Science Research and Technology Magnet High School",29,Brooklyn,72,27.0,782,146.0,150,6,0.375,234
29Q492,"Mathematics, Science Research and Technology Magnet High School",29,Manhattan,14,14.0,782,146.0,150,6,1.0,1
29Q492,"Mathematics, Science Research and Technology Magnet High School",29,Queens,553,126.0,782,146.0,150,6,0.22784810126582278,370
29Q492,"Mathematics, Science Research and Technology Magnet High School",29,Staten Island,1,1.0,782,146.0,150,6,1.0,196
29Q492,"Mathematics, Science Research and Technology Magnet High School",29,Unknown,9,2.0,782,146.0,150,6,0.2222222222222222,154
29Q498,"Health, Arts, Robotics, and Technology High School",29,Bronx,22,17.0,1435,293.0,196,264,0.7727272727272727,173
29Q498,"Health, Arts, Robotics, and Technology High School",29,Brooklyn,123,30.0,1435,293.0,196,264,0.24390243902439024,301
29Q498,"Health, Arts, Robotics, and Technology High School",29,Manhattan,14,14.0,1435,293.0,196,264,1.0,1
29Q498,"Health, Arts, Robotics, and Technology High School",29,Queens,1175,237.0,1435,293.0,196,264,0.20170212765957446,384
29Q498,"Health, Arts, Robotics, and Technology High School",29,Staten Island,1,1.0,1435,293.0,196,264,1.0,196
29Q498,"Health, Arts, Robotics, and Technology High School",29,Unknown,14,3.0,1435,293.0,196,264,0.21428571428571427,162
30Q258,Energy Tech High School,30,Bronx,19,14.0,1535,348.0,108,145,0.7368421052631579,178
30Q258,Energy Tech High School,30,Brooklyn,24,19.0,1535,348.0,108,145,0.7916666666666666,162
30Q258,Energy Tech High School,30,Manhattan,21,16.0,1535,348.0,108,145,0.7619047619047619,228
30Q258,Energy Tech High School,30,Queens,1380,316.0,1535,348.0,108,145,0.2289855072463768,369
30Q258,Energy Tech High School,30,Unknown,20,2.0,1535,348.0,108,145,0.1,219
30Q286,"Young Women's Leadership School, Astoria",30,Bronx,7,7.0,453,156.0,81,103,1.0,1
30Q286,"Young Women's Leadership School, Astoria",30,Brooklyn,8,8.0,453,156.0,81,103,1.0,1
30Q286,"Young Women's Leadership School, Astoria",30,Manhattan,9,9.0,453,156.0,81,103,1.0,1
30Q286,"Young Women's Leadership School, Astoria",30,Queens,400,163.0,453,156.0,81,103,0.4075,277
30Q286,"Young Women's Leadership School, Astoria",30,Unknown,3,3.0,453,156.0,81,103,1.0,1
30Q301,Academy for Careers in Television and Film,30,Bronx,34,22.0,1410,330.0,151,200,0.6470588235294118,184
30Q301,Academy for Careers in Television and Film,30,Brooklyn,199,46.0,1410,330.0,151,200,0.23115577889447236,316
30Q301,Academy for Careers in Television and Film,30,Manhattan,89,32.0,1410,330.0,151,200,0.3595505617977528,295
30Q301,Academy for Careers in Television and Film,30,Queens,895,219.0,1410,330.0,151,200,0.2446927374301676,356
30Q301,Academy for Careers in Television and Film,30,Staten Island,4,4.0,1410,330.0,151,200,1.0,1
30Q301,Academy for Careers in Television and Film,30,Unknown,35,4.0,1410,330.0,151,200,0.11428571428571428,213
30Q367,Motion Picture Tech High School,30,Bronx,7,7.0,538,133.0,200,6,1.0,1
30Q367,Motion Picture Tech High School,30,Brooklyn,11,11.0,538,133.0,200,6,1.0,1
30Q367,Motion Picture Tech High School,30,Manhattan,10,10.0,538,133.0,200,6,1.0,1
30Q367,Motion Picture Tech High School,30,Queens,452,110.0,538,133.0,200,6,0.24336283185840707,357
30Q367,Motion Picture Tech High School,30,Staten Island,1,1.0,538,133.0,200,6,1.0,196
30Q367,Motion Picture Tech High School,30,Unknown,12,2.0,538,133.0,200,6,0.16666666666666666,182
30Q417,Gotham Tech High School,30,Bronx,6,6.0,631,96.0,90,6,1.0,1
30Q417,Gotham Tech High School,30,Brooklyn,18,18.0,631,96.0,90,6,1.0,1
30Q417,Gotham Tech High School,30,Manhattan,10,10.0,631,96.0,90,6,1.0,1
30Q417,Gotham Tech High School,30,Queens,544,90.0,631,96.0,90,6,0.16544117647058823,394
30Q417,Gotham Tech High School,30,Staten Island,2,2.0,631,96.0,90,6,1.0,1
30Q417,Gotham Tech High School,30,Unknown,9,2.0,631,96.0,90,6,0.2222222222222222,154
30Q445,William Cullen Bryant High School,30,Bronx,18,18.0,1681,297.0,435,349,1.0,1
30Q445,William Cullen Bryant High School,30,Brooklyn,66,28.0,1681,297.0,435,349,0.42424242424242425,220
30Q445,William Cullen Bryant High School,30,Manhattan,12,12.0,1681,297.0,435,349,1.0,1
30Q445,William Cullen Bryant High School,30,Queens,1504,282.0,1681,297.0,435,349,0.1875,391
30Q445,William Cullen Bryant High School,30,Staten Island,1,1.0,1681,297.0,435,349,1.0,196
30Q445,William Cullen Bryant High School,30,Unknown,15,3.0,1681,297.0,435,349,0.2,169
30Q450,Long Island City High School,30,Bronx,20,14.0,1827,403.0,790,432,0.7,181
30Q450,Long Island City High School,30,Brooklyn,49,24.0,1827,403.0,790,432,0.4897959183673469,203
30Q450,Long Island City High School,30,Manhattan,33,19.0,1827,403.0,790,432,0.5757575757575758,249
30Q450,Long Island City High School,30,Queens,1596,372.0,1827,403.0,790,432,0.23308270676691728,365
30Q450,Long Island City High School,30,Staten Island,2,2.0,1827,403.0,790,432,1.0,1
30Q450,Long Island City High School,30,Unknown,41,4.0,1827,403.0,790,432,0.0975609756097561,225
30Q501,Frank Sinatra School of the Arts High School,30,Bronx,212,39.0,3557,1643.0,236,416,0.18396226415094338,300
30Q501,Frank Sinatra School of the Arts High School,30,Brooklyn,917,336.0,3557,1643.0,236,416,0.366412213740458,240
30Q501,Frank Sinatra School of the Arts High School,30,Manhattan,511,190.0,3557,1643.0,236,416,0.37181996086105673,291
30Q501,Frank Sinatra School of the Arts High School,30,Queens,1773,915.0,3557,1643.0,236,416,0.5160744500846024,251
30Q501,Frank Sinatra School of the Arts High School,30,Staten Island,8,8.0,3557,1643.0,236,416,1.0,1
30Q501,Frank Sinatra School of the Arts High School,30,Unknown,88,44.0,3557,1643.0,236,416,0.5,79
30Q502,Information Technology High School,30,Bronx,2,2.0,944,190.0,227,6,1.0,1
30Q502,Information Technology High School,30,Brooklyn,5,5.0,944,190.0,227,6,1.0,1
30Q502,Information Technology High School,30,Manhattan,3,3.0,944,190.0,227,6,1.0,1
30Q502,Information Technology High School,30,Queens,884,193.0,944,190.0,227,6,0.21832579185520362,375
30Q502,Information Technology High School,30,Unknown,14,2.0,944,190.0,227,6,0.14285714285714285,194
30Q555,Newcomers High School,30,Brooklyn,12,6.0,559,166.0,81,107,0.5,199
30Q555,Newcomers High School,30,Manhattan,2,2.0,559,166.0,81,107,1.0,1
30Q555,Newcomers High School,30,Queens,493,149.0,559,166.0,81,107,0.3022312373225152,323
30Q555,Newcomers High School,30,Unknown,32,1.0,559,166.0,81,107,0.03125,246
30Q575,Academy of American Studies,30,Bronx,32,17.0,2727,819.0,170,224,0.53125,197
30Q575,Academy of American Studies,30,Brooklyn,66,30.0,2727,819.0,170,224,0.45454545454545453,212
30Q575,Academy of American Studies,30,Manhattan,28,28.0,2727,819.0,170,224,1.0,1
30Q575,Academy of American Studies,30,Queens,2414,741.0,2727,819.0,170,224,0.30695940347970174,320
30Q575,Academy of American Studies,30,Staten Island,2,2.0,2727,819.0,170,224,1.0,1
30Q575,Academy of American Studies,30,Unknown,76,19.0,2727,819.0,170,224,0.25,135
30Q580,Baccalaureate School for Global Education,30,Bronx,30,19.0,1732,937.0,97,94,0.6333333333333333,189
30Q580,Baccalaureate School for Global Education,30,Brooklyn,66,40.0,1732,937.0,97,94,0.6060606060606061,186
30Q580,Baccalaureate School for Global Education,30,Manhattan,69,40.0,1732,937.0,97,94,0.5797101449275363,246
30Q580,Baccalaureate School for Global Education,30,Queens,1385,749.0,1732,937.0,97,94,0.5407942238267148,242
30Q580,Baccalaureate School for Global Education,30,Unknown,38,21.0,1732,937.0,97,94,0.5526315789473685,74
31R028,The Eagle Academy for Young Men of Staten Island,31,Bronx,3,3.0,94,26.0,81,6,1.0,1
31R028,The Eagle Academy for Young Men of Staten Island,31,Brooklyn,5,5.0,94,26.0,81,6,1.0,1
31R028,The Eagle Academy for Young Men of Staten Island,31,Manhattan,1,1.0,94,26.0,81,6,1.0,395
31R028,The Eagle Academy for Young Men of Staten Island,31,Queens,2,2.0,94,26.0,81,6,1.0,1
31R028,The Eagle Academy for Young Men of Staten Island,31,Staten Island,71,22.0,94,26.0,81,6,0.30985915492957744,178
31R047,CSI High School for International Studies,31,Brooklyn,64,29.0,1755,879.0,127,182,0.453125,214
31R047,CSI High School for International Studies,31,Manhattan,1,1.0,1755,879.0,127,182,1.0,395
31R047,CSI High School for International Studies,31,Queens,3,3.0,1755,879.0,127,182,1.0,1
31R047,CSI High School for International Studies,31,Staten Island,1677,835.0,1755,879.0,127,182,0.4979129397734049,164
31R047,CSI High School for International Studies,31,Unknown,1,1.0,1755,879.0,127,182,1.0,263
31R064,Gaynor McCown Expeditionary Learning School,31,Bronx,1,1.0,777,364.0,146,171,1.0,415
31R064,Gaynor McCown Expeditionary Learning School,31,Brooklyn,8,8.0,777,364.0,146,171,1.0,1
31R064,Gaynor McCown Expeditionary Learning School,31,Manhattan,2,2.0,777,364.0,146,171,1.0,1
31R064,Gaynor McCown Expeditionary Learning School,31,Queens,3,3.0,777,364.0,146,171,1.0,1
31R064,Gaynor McCown Expeditionary Learning School,31,Staten Island,759,353.0,777,364.0,146,171,0.4650856389986825,167
31R064,Gaynor McCown Expeditionary Learning School,31,Unknown,1,1.0,777,364.0,146,171,1.0,263
31R080,The Michael J. Petrides School,31,Bronx,1,1.0,724,274.0,128,188,1.0,415
31R080,The Michael J. Petrides School,31,Brooklyn,6,6.0,724,274.0,128,188,1.0,1
31R080,The Michael J. Petrides School,31,Manhattan,1,1.0,724,274.0,128,188,1.0,395
31R080,The Michael J. Petrides School,31,Queens,3,3.0,724,274.0,128,188,1.0,1
31R080,The Michael J. Petrides School,31,Staten Island,721,268.0,724,274.0,128,188,0.37170596393897365,172
31R080,The Michael J. Petrides School,31,Unknown,1,1.0,724,274.0,128,188,1.0,263
31R440,New Dorp High School,31,Bronx,14,14.0,2806,1011.0,668,887,1.0,1
31R440,New Dorp High School,31,Brooklyn,68,33.0,2806,1011.0,668,887,0.4852941176470588,205
31R440,New Dorp High School,31,Manhattan,7,7.0,2806,1011.0,668,887,1.0,1
31R440,New Dorp High School,31,Queens,11,11.0,2806,1011.0,668,887,1.0,1
31R440,New Dorp High School,31,Staten Island,2679,975.0,2806,1011.0,668,887,0.3639417693169093,174
31R445,Port Richmond High School,31,Bronx,11,11.0,1267,334.0,564,435,1.0,1
31R445,Port Richmond High School,31,Brooklyn,12,12.0,1267,334.0,564,435,1.0,1
31R445,Port Richmond High School,31,Manhattan,4,4.0,1267,334.0,564,435,1.0,1
31R445,Port Richmond High School,31,Queens,14,14.0,1267,334.0,564,435,1.0,1
31R445,Port Richmond High School,31,Staten Island,1206,326.0,1267,334.0,564,435,0.2703150912106136,181
31R450,Curtis High School,31,Bronx,9,9.0,1967,690.0,804,754,1.0,1
31R450,Curtis High School,31,Brooklyn,54,27.0,1967,690.0,804,754,0.5,199
31R450,Curtis High School,31,Manhattan,6,6.0,1967,690.0,804,754,1.0,1
31R450,Curtis High School,31,Queens,11,11.0,1967,690.0,804,754,1.0,1
31R450,Curtis High School,31,Staten Island,1844,661.0,1967,690.0,804,754,0.3584598698481562,175
31R455,Tottenville High School,31,Bronx,11,11.0,3274,1627.0,1158,1357,1.0,1
31R455,Tottenville High School,31,Brooklyn,52,21.0,3274,1627.0,1158,1357,0.40384615384615385,226
31R455,Tottenville High School,31,Manhattan,5,5.0,3274,1627.0,1158,1357,1.0,1
31R455,Tottenville High School,31,Queens,10,10.0,3274,1627.0,1158,1357,1.0,1
31R455,Tottenville High School,31,Staten Island,3177,1596.0,3274,1627.0,1158,1357,0.502360717658168,163
31R455,Tottenville High School,31,Unknown,1,1.0,3274,1627.0,1158,1357,1.0,263
31R460,Susan E. Wagner High School,31,Bronx,6,6.0,2611,968.0,660,631,1.0,1
31R460,Susan E. Wagner High School,31,Brooklyn,57,27.0,2611,968.0,660,631,0.47368421052631576,209
31R460,Susan E. Wagner High School,31,Manhattan,7,7.0,2611,968.0,660,631,1.0,1
31R460,Susan E. Wagner High School,31,Queens,14,14.0,2611,968.0,660,631,1.0,1
31R460,Susan E. Wagner High School,31,Staten Island,2496,945.0,2611,968.0,660,631,0.3786057692307692,171
31R460,Susan E. Wagner High School,31,Unknown,3,3.0,2611,968.0,660,631,1.0,1
31R600,Ralph R. McKee Career and Technical Education High School,31,Bronx,4,4.0,620,198.0,316,180,1.0,1
31R600,Ralph R. McKee Career and Technical Education High School,31,Brooklyn,7,7.0,620,198.0,316,180,1.0,1
31R600,Ralph R. McKee Career and Technical Education High School,31,Manhattan,1,1.0,620,198.0,316,180,1.0,395
31R600,Ralph R. McKee Career and Technical Education High School,31,Queens,4,4.0,620,198.0,316,180,1.0,1
31R600,Ralph R. McKee Career and Technical Education High School,31,Staten Island,601,190.0,620,198.0,316,180,0.3161397670549085,177
31R605,Staten Island Technical High School,31,Bronx,1135,0.0,8941,,266,294,0.0,406
31R605,Staten Island Technical High School,31,Brooklyn,3377,0.0,8941,,266,294,0.0,411
31R605,Staten Island Technical High School,31,Manhattan,971,0.0,8941,,266,294,0.0,386
31R605,Staten Island Technical High School,31,Queens,1737,0.0,8941,,266,294,0.0,397
31R605,Staten Island Technical High School,31,Staten Island,1601,0.0,8941,,266,294,0.0,187
31R605,Staten Island Technical High School,31,Unknown,101,0.0,8941,,266,294,0.0,254
32K168,The Brooklyn School for Math and Research,32,Bronx,7,7.0,710,99.0,108,148,1.0,1
32K168,The Brooklyn School for Math and Research,32,Brooklyn,553,84.0,710,99.0,108,148,0.1518987341772152,373
32K168,The Brooklyn School for Math and Research,32,Manhattan,6,6.0,710,99.0,108,148,1.0,1
32K168,The Brooklyn School for Math and Research,32,Queens,48,27.0,710,99.0,108,148,0.5625,239
32K168,The Brooklyn School for Math and Research,32,Staten Island,4,4.0,710,99.0,108,148,1.0,1
32K168,The Brooklyn School for Math and Research,32,Unknown,47,9.0,710,99.0,108,148,0.19148936170212766,174
32K403,Academy for Excellence in Leadership,32,Bronx,23,18.0,653,76.0,108,6,0.782608695652174,171
32K403,Academy for Excellence in Leadership,32,Brooklyn,440,72.0,653,76.0,108,6,0.16363636363636364,362
32K403,Academy for Excellence in Leadership,32,Manhattan,7,7.0,653,76.0,108,6,1.0,1
32K403,Academy for Excellence in Leadership,32,Queens,30,17.0,653,76.0,108,6,0.5666666666666667,237
32K403,Academy for Excellence in Leadership,32,Staten Island,1,1.0,653,76.0,108,6,1.0,196
32K403,Academy for Excellence in Leadership,32,Unknown,94,12.0,653,76.0,108,6,0.1276595744680851,207
32K545,EBC High School for Public Service - Bushwick,32,Bronx,1,1.0,467,75.0,126,6,1.0,415
32K545,EBC High School for Public Service - Bushwick,32,Brooklyn,390,73.0,467,75.0,126,6,0.18717948717948718,337
32K545,EBC High School for Public Service - Bushwick,32,Manhattan,5,5.0,467,75.0,126,6,1.0,1
32K545,EBC High School for Public Service - Bushwick,32,Queens,13,13.0,467,75.0,126,6,1.0,1
32K545,EBC High School for Public Service - Bushwick,32,Unknown,38,1.0,467,75.0,126,6,0.02631578947368421,249
32K549,The Brooklyn School for Social Justice,32,Bronx,3,3.0,425,47.0,120,6,1.0,1
32K549,The Brooklyn School for Social Justice,32,Brooklyn,336,51.0,425,47.0,120,6,0.15178571428571427,374
32K549,The Brooklyn School for Social Justice,32,Manhattan,2,2.0,425,47.0,120,6,1.0,1
32K549,The Brooklyn School for Social Justice,32,Queens,20,14.0,425,47.0,120,6,0.7,222
32K549,The Brooklyn School for Social Justice,32,Staten Island,1,1.0,425,47.0,120,6,1.0,196
32K549,The Brooklyn School for Social Justice,32,Unknown,36,6.0,425,47.0,120,6,0.16666666666666666,182
32K552,The Academy of Urban Planning and Engineering,32,Bronx,12,12.0,737,128.0,113,6,1.0,1
32K552,The Academy of Urban Planning and Engineering,32,Brooklyn,516,86.0,737,128.0,113,6,0.16666666666666666,356
32K552,The Academy of Urban Planning and Engineering,32,Manhattan,7,7.0,737,128.0,113,6,1.0,1
32K552,The Academy of Urban Planning and Engineering,32,Queens,69,29.0,737,128.0,113,6,0.42028985507246375,270
32K552,The Academy of Urban Planning and Engineering,32,Staten Island,2,2.0,737,128.0,113,6,1.0,1
32K552,The Academy of Urban Planning and Engineering,32,Unknown,74,18.0,737,128.0,113,6,0.24324324324324326,149
32K554,All City Leadership Secondary School,32,Bronx,11,11.0,911,247.0,62,62,1.0,1
32K554,All City Leadership Secondary School,32,Brooklyn,607,182.0,911,247.0,62,62,0.29983525535420097,271
32K554,All City Leadership Secondary School,32,Manhattan,12,12.0,911,247.0,62,62,1.0,1
32K554,All City Leadership Secondary School,32,Queens,97,42.0,911,247.0,62,62,0.4329896907216495,265
32K554,All City Leadership Secondary School,32,Staten Island,4,4.0,911,247.0,62,62,1.0,1
32K554,All City Leadership Secondary School,32,Unknown,162,43.0,911,247.0,62,62,0.2654320987654321,130
32K556,Bushwick Leaders High School for Academic Excellence,32,Bronx,7,7.0,768,125.0,120,6,1.0,1
32K556,Bushwick Leaders High School for Academic Excellence,32,Brooklyn,544,99.0,768,125.0,120,6,0.18198529411764705,343
32K556,Bushwick Leaders High School for Academic Excellence,32,Manhattan,6,6.0,768,125.0,120,6,1.0,1
32K556,Bushwick Leaders High School for Academic Excellence,32,Queens,58,26.0,768,125.0,120,6,0.4482758620689655,262
32K556,Bushwick Leaders High School for Academic Excellence,32,Staten Island,1,1.0,768,125.0,120,6,1.0,196
32K556,Bushwick Leaders High School for Academic Excellence,32,Unknown,106,24.0,768,125.0,120,6,0.22641509433962265,153
