School DBN,School Name,School District,Residential District,Total Applicants Residential District,True Applicants Residential District,Total Applicants School,Total True Applicants School,Seats Available School,Offers School,Ratio,Rank
02M296,High School of Hospitality Management,2,1,1,1,269,35,135,-2,1.0,189
02M586,Harvey Milk High School,2,1,1,1,40,3,45,-1,1.0,189
02M655,The High School for Climate Justice,2,1,1,1,298,60,152,105,1.0,189
03M402,The Urban Assembly School for Green Careers,3,1,1,1,494,39,120,45,1.0,189
04M372,Esperanza Preparatory Academy,4,1,1,1,322,114,106,120,1.0,189
04M680,"Heritage School, The",4,1,1,1,482,60,80,-2,1.0,189
05M670,Thurgood Marshall Academy for Learning and Social Change,5,1,1,1,340,71,108,-2,1.0,189
06M348,Washington Heights Expeditionary Learning School,6,1,1,1,689,175,100,115,1.0,189
06M462,The College Academy,6,1,1,1,814,121,121,129,1.0,189
07X221,South Bronx Preparatory: A College Board School,7,1,1,1,782,161,123,148,1.0,189
07X495,University Heights Secondary School,7,1,2,2,2181,787,140,203,1.0,1
08X561,Bronx Compass High School,8,1,1,1,520,70,130,-2,1.0,189
09X250,Eximius College Preparatory Academy: A College Board School,9,1,1,1,761,90,108,-2,1.0,189
09X403,Bronx International High School,9,1,1,1,537,54,135,12,1.0,189
09X525,Bronx Leadership Academy High School,9,1,1,1,1027,107,105,123,1.0,189
10X141,Riverdale / Kingsbridge Academy (Middle School / High School 141),10,1,1,1,648,268,210,288,1.0,189
10X228,Jonas Bronck Academy,10,1,1,1,372,91,90,-2,1.0,189
10X351,Bronx Collaborative High School,10,1,1,1,582,47,150,-2,1.0,189
12X242,Mott Hall V,12,1,1,1,1001,282,81,91,1.0,189
12X267,Bronx Latin,12,1,1,1,841,149,81,113,1.0,189
12X271,East Bronx Academy for the Future,12,1,1,1,464,97,90,79,1.0,189
13K594,Gotham Professional Arts Academy,13,1,1,1,364,61,81,-2,1.0,189
13K670,Benjamin Banneker Academy,13,1,2,2,1912,451,225,318,1.0,1
14K071,Juan Morel Campos Secondary School,14,1,1,1,341,78,101,69,1.0,189
14K561,Williamsburg Preparatory School,14,1,1,1,1131,226,180,236,1.0,189
14K586,Lyons Community School,14,1,1,1,174,32,81,-2,1.0,189
14K614,Young Women's Leadership School of Brooklyn,14,1,1,1,251,47,93,59,1.0,189
15K448,Brooklyn Collaborative Studies,15,1,1,1,693,99,90,110,1.0,189
15K463,Cyberarts Studio Academy,15,1,1,1,256,30,125,-2,1.0,189
15K464,Park Slope Collegiate,15,1,1,1,613,115,102,130,1.0,189
15K519,Cobble Hill School of American Studies,15,1,1,1,481,62,278,-2,1.0,189
16K688,The Brooklyn Academy of Global Finance,16,1,1,1,469,56,108,-2,1.0,189
17K382,Academy for College Preparation and Career Exploration: A College Board School,17,1,1,1,837,124,108,-2,1.0,189
17K751,Academy for Health Careers,17,1,1,1,715,72,108,-2,1.0,189
18K576,Victory Collegiate High School,18,1,1,1,305,61,140,-2,1.0,189
19K507,Performing Arts and Technology High School,19,1,1,1,1103,157,125,163,1.0,189
20K490,Fort Hamilton High School,20,1,1,1,4983,1995,883,903,1.0,189
22K535,Leon M. Goldstein High School for the Sciences,22,1,1,1,3985,2007,258,429,1.0,189
22K555,Brooklyn College Academy,22,1,1,1,2698,911,170,228,1.0,189
24Q264,Academy of Finance and Enterprise,24,1,2,2,2163,546,124,151,1.0,1
24Q530,International High School at LaGuardia Community College,24,1,3,3,1236,505,119,114,1.0,1
24Q610,Aviation Career & Technical Education High School,24,1,1,1,4123,1548,530,723,1.0,189
26Q315,Business Technology Early College High School,26,1,1,1,1032,289,180,272,1.0,189
27Q324,Rockaway Park High School for Environmental Sustainability,27,1,1,1,164,25,108,51,1.0,189
27Q400,August Martin High School,27,1,1,1,960,177,250,218,1.0,189
27Q480,John Adams High School,27,1,1,1,2490,480,636,644,1.0,189
28Q440,Forest Hills High School,28,1,2,2,7184,2477,702,851,1.0,1
28Q686,Queens Metropolitan High School,28,1,1,1,2321,931,279,279,1.0,189
29Q498,"Health, Arts, Robotics, and Technology High School",29,1,1,1,1435,293,196,264,1.0,189
30Q367,Motion Picture Tech High School,30,1,1,1,538,133,200,-2,1.0,189
30Q450,Long Island City High School,30,1,1,1,1827,403,790,432,1.0,189
31R028,The Eagle Academy for Young Men of Staten Island,31,1,1,1,94,26,81,-2,1.0,189
31R440,New Dorp High School,31,1,1,1,2806,1011,668,887,1.0,189
32K545,EBC High School for Public Service - Bushwick,32,1,1,1,467,75,126,-2,1.0,189
25Q525,Townsend Harris High School,25,1,14,10,6780,4957,290,374,0.7142857142857143,6
02M531,Repertory Company High School for Theatre Arts,2,1,3,2,365,100,60,68,0.6666666666666666,7
03M610,Young Women's Leadership School,3,1,3,2,370,113,81,-2,0.6666666666666666,7
03M859,Special Music School,3,1,3,2,482,165,50,64,0.6666666666666666,7
01M696,Bard High School Early College,1,1,151,95,3946,2196,125,198,0.6291390728476821,10
24Q299,Bard High School Early College Queens,24,1,14,8,3866,2227,125,166,0.5714285714285714,11
30Q301,Academy for Careers in Television and Film,30,1,7,4,1410,330,151,200,0.5714285714285714,11
01M539,"New Explorations into Science, Technology and Math High School",1,1,186,101,3743,2047,150,289,0.543010752688172,13
02M416,Eleanor Roosevelt High School,2,1,113,57,7699,3749,136,224,0.504424778761062,14
02M300,"Urban Assembly School of Design and Construction, The",2,1,2,1,346,43,108,-2,0.5,15
02M313,"James Baldwin School, The: A School for Expeditionary Learning",2,1,2,1,71,14,25,-2,0.5,15
02M316,"Urban Assembly School of Business for Young Women, the",2,1,2,1,165,17,120,-2,0.5,15
02M427,Manhattan Academy For Arts & Language,2,1,2,1,389,72,108,49,0.5,15
02M550,Liberty High School Academy for Newcomers,2,1,2,1,99,16,50,6,0.5,15
03M403,The Global Learning Collaborative,3,1,2,1,754,90,108,-2,0.5,15
03M860,Frederick Douglass Academy II Secondary School,3,1,2,1,309,55,95,105,0.5,15
05M304,Mott Hall High School,5,1,2,1,455,53,108,-2,0.5,15
05M499,Frederick Douglass Academy,5,1,2,1,903,195,325,214,0.5,15
06M468,High School for Health Careers and Sciences,6,1,2,1,822,121,268,-2,0.5,15
06M552,Gregorio Luperon High School for Science and Mathematics,6,1,2,1,573,165,150,45,0.5,15
07X223,The Laboratory School of Finance and Technology: X223,7,1,2,1,980,230,89,93,0.5,15
07X473,Mott Haven Village Preparatory High School,7,1,2,1,460,62,81,-2,0.5,15
07X522,Bronx Design and Construction Academy,7,1,2,1,677,112,140,91,0.5,15
07X548,Careers in Sports High School,7,1,2,1,1056,226,125,202,0.5,15
09X260,Bronx Center for Science and Mathematics,9,1,2,1,2530,621,108,201,0.5,15
10X284,Bronx School of Law and Finance,10,1,2,1,558,58,130,-2,0.5,15
10X353,World View High School,10,1,2,1,1343,263,150,195,0.5,15
10X374,Knowledge and Power Preparatory Academy International High School (Kappa),10,1,2,1,2279,431,120,179,0.5,15
10X437,Fordham High School for the Arts,10,1,2,1,1826,399,130,158,0.5,15
11X290,Bronx Academy of Health Careers,11,1,2,1,897,90,108,-2,0.5,15
13K527,Urban Assembly Institute of Math and Science for Young Women,13,1,2,1,237,54,81,60,0.5,15
13K595,Bedford Academy High School,13,1,2,1,2464,599,81,114,0.5,15
13K963,Design Works High School,13,1,2,1,607,86,81,-2,0.5,15
14K474,PROGRESS High School for Professional Careers,14,1,2,1,506,81,153,-2,0.5,15
14K477,East Williamsburg Scholars Academy,14,1,2,1,650,90,234,-2,0.5,15
14K478,"The High School for Enterprise, Business and Technology",14,1,6,3,1197,144,249,130,0.5,15
14K488,Brooklyn Preparatory High School,14,1,2,1,1061,174,153,-2,0.5,15
16K498,Brooklyn High School for Law and Technology,16,1,2,1,1730,296,151,-2,0.5,15
17K122,Pathways in Technology Early College High School (P-Tech),17,1,2,1,712,114,150,-2,0.5,15
17K408,Academy of Hospitality and Tourism,17,1,2,1,571,89,118,-2,0.5,15
17K537,High School for Youth and Community Development at Erasmus,17,1,2,1,488,82,140,-2,0.5,15
17K543,"Science, Technology and Research Early College High School at Erasmus",17,1,2,1,790,197,130,145,0.5,15
17K590,Medgar Evers College Preparatory School,17,1,2,1,2078,676,220,237,0.5,15
19K404,Academy for Young Writers,19,1,2,1,559,71,92,82,0.5,15
19K583,Multicultural High School,19,1,2,1,320,88,111,64,0.5,15
19K618,Academy of Innovative Technology,19,1,2,1,1048,183,115,169,0.5,15
20K445,New Utrecht High School,20,1,2,1,4568,1443,630,730,0.5,15
20K485,High School of Telecommunication Arts and Technology,20,1,2,1,2973,1210,310,363,0.5,15
21K559,Life Academy High School for Film and Music,21,1,2,1,145,21,81,49,0.5,15
21K572,Leaders High School,21,1,2,1,462,119,110,141,0.5,15
23K644,Eagle Academy for Young Men II,23,1,2,1,554,179,92,139,0.5,15
24Q267,High School of Applied Communication,24,1,2,1,557,75,145,-2,0.5,15
24Q293,Civic Leadership Academy,24,1,2,1,1157,291,142,191,0.5,15
24Q520,Middle College High School at LaGuardia Community College,24,1,2,1,1826,552,97,118,0.5,15
24Q550,High School for Arts and Business,24,1,2,1,2257,552,191,255,0.5,15
27Q323,Scholars' Academy,27,1,2,1,1065,580,154,186,0.5,15
27Q650,"High School for Construction Trades, Engineering and Architecture",27,1,2,1,3028,1209,247,311,0.5,15
29Q492,"Mathematics, Science Research and Technology Magnet High School",29,1,2,1,782,146,150,-2,0.5,15
30Q286,"Young Women's Leadership School, Astoria",30,1,2,1,453,156,81,103,0.5,15
30Q445,William Cullen Bryant High School,30,1,2,1,1681,297,435,349,0.5,15
31R450,Curtis High School,31,1,2,1,1967,690,804,754,0.5,15
32K168,The Brooklyn School for Math and Research,32,1,2,1,710,99,108,148,0.5,15
01M450,East Side Community School,1,1,171,81,1142,328,95,117,0.47368421052631576,68
03M479,Beacon High School,3,1,115,54,7891,4442,360,493,0.46956521739130436,69
02M545,High School for Dual Language and Asian Studies,2,1,54,24,769,299,108,150,0.4444444444444444,70
04M555,Central Park East High School,4,1,36,16,4762,1538,125,215,0.4444444444444444,70
14K610,A-Tech High School,14,1,9,4,1273,264,224,243,0.4444444444444444,70
02M551,Urban Assembly New York Harbor School,2,1,16,7,724,221,200,-2,0.4375,73
02M519,Talent Unlimited High School,2,1,23,10,1599,468,152,213,0.43478260869565216,74
03M541,Manhattan / Hunter Science High School,3,1,81,35,5406,2689,108,176,0.43209876543209874,75
30Q580,Baccalaureate School for Global Education,30,1,7,3,1732,937,97,94,0.42857142857142855,76
02M418,Millennium High School,2,1,155,66,5541,2290,176,286,0.4258064516129032,77
02M600,The High School of Fashion Industries,2,1,38,16,2046,720,475,395,0.42105263157894735,78
02M413,School of the Future High School,2,1,57,21,1741,485,108,152,0.3684210526315789,79
02M408,Professional Performing Arts High School,2,1,12,4,1255,378,128,180,0.3333333333333333,80
02M630,Art and Design High School,2,1,54,18,3594,1359,385,523,0.3333333333333333,80
03M415,Wadleigh Secondary School for the Performing & Visual Arts,3,1,3,1,826,130,128,-2,0.3333333333333333,80
05M148,Eagle Academy for Young Men of Harlem,5,1,3,1,257,46,120,88,0.3333333333333333,80
05M157,The Urban Assembly School for Global Commerce,5,1,3,1,207,26,81,-2,0.3333333333333333,80
05M362,Columbia Secondary School,5,1,36,12,4258,1769,112,175,0.3333333333333333,80
05M369,Urban Assembly School for the Performing Arts,5,1,3,1,372,52,108,-2,0.3333333333333333,80
06M293,City College Academy of the Arts,6,1,3,1,1028,337,81,95,0.3333333333333333,80
06M463,High School for Media and Communications,6,1,3,1,505,61,150,-2,0.3333333333333333,80
06M467,High School for Law and Public Service,6,1,3,1,643,95,167,84,0.3333333333333333,80
07X527,Bronx Leadership Academy II High School,7,1,3,1,911,103,131,-2,0.3333333333333333,80
13K265,Dr. Susan S. McKinney Secondary School of the Arts,13,1,3,1,362,54,82,-2,0.3333333333333333,80
13K412,Brooklyn Community Arts & Media High School (BCAM),13,1,3,1,702,113,142,-2,0.3333333333333333,80
13K439,Brooklyn International High School,13,1,3,1,409,71,81,53,0.3333333333333333,80
15K462,John Jay School for Law,15,1,3,1,1012,184,125,-2,0.3333333333333333,80
15K684,Millennium Brooklyn HS,15,1,18,6,5385,2365,178,252,0.3333333333333333,80
17K528,The High School for Global Citizenship,17,1,3,1,524,55,100,63,0.3333333333333333,80
17K548,Brooklyn School for Music & Theatre,17,1,3,1,522,74,108,-2,0.3333333333333333,80
17K600,Clara Barton High School,17,1,3,1,1276,355,434,-2,0.3333333333333333,80
21K337,International High School at Lafayette,21,1,3,1,327,76,90,35,0.3333333333333333,80
21K540,John Dewey High School,21,1,3,1,2573,622,553,577,0.3333333333333333,80
24Q485,Grover Cleveland High School,24,1,3,1,1552,359,420,437,0.3333333333333333,80
24Q585,Maspeth High School,24,1,3,1,5045,1953,270,348,0.3333333333333333,80
24Q600,Queens Technical High School,24,1,3,1,3942,1196,350,423,0.3333333333333333,80
30Q501,Frank Sinatra School of the Arts High School,30,1,24,8,3557,1643,236,416,0.3333333333333333,80
30Q575,Academy of American Studies,30,1,3,1,2727,819,170,224,0.3333333333333333,80
31R445,Port Richmond High School,31,1,3,1,1267,334,564,435,0.3333333333333333,80
32K403,Academy for Excellence in Leadership,32,1,3,1,653,76,108,-2,0.3333333333333333,80
32K554,All City Leadership Secondary School,32,1,3,1,911,247,62,62,0.3333333333333333,80
02M260,The Clinton School,2,1,107,35,2837,1151,134,221,0.32710280373831774,109
02M411,Baruch College Campus High School,2,1,183,59,6773,2753,118,188,0.3224043715846995,110
02M376,NYC iSchool,2,1,87,28,2459,931,118,158,0.3218390804597701,111
01M292,Orchard Collegiate Academy,1,1,132,42,280,71,90,-2,0.3181818181818182,112
02M407,Institute for Collaborative Education,2,1,51,16,836,263,61,73,0.3137254901960784,113
02M414,N.Y.C. Museum School,2,1,66,19,3022,865,150,254,0.2878787878787879,114
02M412,N.Y.C. Lab School for Collaborative Studies,2,1,98,28,3134,1067,109,161,0.2857142857142857,115
04M435,Manhattan Center for Science and Mathematics,4,1,28,8,5010,1993,440,709,0.2857142857142857,115
15K656,Brooklyn High School of the Arts,15,1,7,2,2104,574,254,272,0.2857142857142857,115
02M393,Business Of Sports School,2,1,23,6,1151,248,129,210,0.2608695652173913,118
02M438,International High School at Union Square,2,1,12,3,501,103,68,75,0.25,119
07X600,Alfred E. Smith Career and Technical Education High School,7,1,4,1,1126,227,189,193,0.25,119
12X684,Wings Academy,12,1,4,1,370,63,150,86,0.25,119
13K350,Urban Assembly School of Music and Art,13,1,8,2,494,52,108,-2,0.25,119
14K685,El Puente Academy for Peace and Justice,14,1,4,1,134,25,70,-2,0.25,119
15K497,The Boerum Hill School for International Studies,15,1,4,1,801,155,125,-2,0.25,119
19K502,FDNY - Captain Vernon A. Richard High School for Fire and Life Safety,19,1,4,1,745,141,108,125,0.25,119
21K348,High School of Sports Management,21,1,4,1,386,75,176,-2,0.25,119
30Q258,Energy Tech High School,30,1,4,1,1535,348,108,145,0.25,119
32K552,The Academy of Urban Planning and Engineering,32,1,4,1,737,128,113,-2,0.25,119
01M515,Lower East Side Preparatory High School,1,1,49,11,317,89,75,-2,0.22448979591836735,129
02M507,Urban Assembly Gateway School for Technology,2,1,28,6,1299,278,108,146,0.21428571428571427,130
04M495,Park East High School,4,1,14,3,2653,739,100,166,0.21428571428571427,130
18K637,Academy for Conservation and the Environment,18,1,5,1,727,92,170,217,0.2,132
01M448,University Neighborhood High School,1,1,182,36,2248,447,125,185,0.1978021978021978,133
02M294,Essex Street Academy,2,1,177,35,2478,562,90,125,0.1977401129943503,134
02M308,Lower Manhattan Arts Academy,2,1,72,14,524,69,95,-2,0.19444444444444445,135
02M280,Manhattan Early College School for Advertising,2,1,62,12,572,88,112,-2,0.1935483870967742,136
02M420,High School for Health Professions and Human Services,2,1,74,14,2991,776,477,590,0.1891891891891892,137
02M282,Urban Assembly Maker Academy,2,1,70,13,1074,175,150,216,0.18571428571428572,138
02M439,Manhattan Village Academy,2,1,97,18,3002,860,100,201,0.18556701030927836,139
02M543,New Design High School,2,1,112,20,852,157,125,145,0.17857142857142858,140
02M489,High School of Economics and Finance,2,1,47,8,1374,223,230,-2,0.1702127659574468,141
02M288,Food and Finance High School,2,1,24,4,1225,264,150,211,0.16666666666666666,142
11X455,Harry S Truman High School,11,1,6,1,1891,390,913,-2,0.16666666666666666,142
12X641,Bard High School Early College Bronx,12,1,6,1,1391,613,100,106,0.16666666666666666,142
15K429,Digital Arts and Cinema Technology High School,15,1,6,1,579,105,90,94,0.16666666666666666,142
18K629,Cultural Academy for the Arts and Sciences,18,1,6,1,567,70,116,80,0.16666666666666666,142
22K405,Midwood High School,22,1,13,2,11658,5495,910,1323,0.15384615384615385,147
02M395,A School Without Walls,2,1,7,1,178,36,100,-2,0.14285714285714285,148
02M529,Jacqueline Kennedy Onassis High School,2,1,7,1,534,81,204,-2,0.14285714285714285,148
02M605,Humanities Preparatory Academy,2,1,42,6,861,101,75,-2,0.14285714285714285,148
03M291,West End Secondary School,3,1,7,1,1209,392,105,146,0.14285714285714285,148
03M307,"Urban Assembly School for Media Studies, The",3,1,7,1,328,71,126,109,0.14285714285714285,148
14K454,The Williamsburg High School of Art and Technology,14,1,7,1,893,129,116,120,0.14285714285714285,148
02M305,"Urban Assembly Academy of Government and Law, The",2,1,67,9,573,75,100,-2,0.13432835820895522,154
01M458,Forsyth Satellite Academy,1,1,8,1,60,12,28,-2,0.125,155
02M392,Manhattan Business Academy,2,1,64,8,1321,191,161,-2,0.125,155
02M449,Vanguard High School,2,1,8,1,701,134,110,158,0.125,155
13K483,The Urban Assembly School for Law and Justice,13,1,8,1,593,105,115,-2,0.125,155
02M394,Emma Lazarus High School,2,1,9,1,134,19,60,-1,0.1111111111111111,159
02M459,Manhattan International High School,2,1,9,1,738,151,85,73,0.1111111111111111,159
06M540,A. Philip Randolph Campus High School,6,1,9,1,2050,408,471,379,0.1111111111111111,159
14K558,Williamsburg High School for Architecture and Design,14,1,9,1,1223,253,155,212,0.1111111111111111,159
02M298,Pace High School,2,1,102,11,1172,169,190,177,0.10784313725490197,163
02M533,Union Square Academy for Health Sciences,2,1,20,2,834,154,163,143,0.1,164
03M492,"High School for Law, Advocacy and Community Justice",3,1,10,1,920,170,220,-2,0.1,164
02M374,Gramercy Arts High School,2,1,31,3,1038,129,204,78,0.0967741935483871,166
02M399,The High School For Language And Diplomacy,2,1,11,1,385,36,134,-2,0.09090909090909091,167
03M417,Frank McCourt High School,3,1,11,1,1253,345,120,170,0.09090909090909091,167
13K419,"Science Skills Center High School for Science, Technology and the Creative Arts",13,1,11,1,909,111,258,143,0.09090909090909091,167
13K674,"City Polytechnic High School of Engineering, Architecture, and Technology",13,1,11,1,1239,274,108,160,0.09090909090909091,167
02M422,Quest to Learn,2,1,13,1,177,27,108,41,0.07692307692307693,171
13K605,George Westinghouse Career and Technical Education High School,13,1,13,1,1254,203,254,194,0.07692307692307693,171
02M520,Murry Bergtraum High School for Business Careers,2,1,14,1,222,38,240,-2,0.07142857142857142,173
02M432,Murray Hill Academy,2,1,15,1,558,76,90,-2,0.06666666666666667,174
02M546,Academy for Software Engineering,2,1,61,4,1992,388,125,201,0.06557377049180328,175
02M047,47 The American Sign Language and English Secondary School,2,1,16,1,318,55,69,-2,0.0625,176
02M303,"Facing History School, The",2,1,16,1,421,87,107,-2,0.0625,176
02M425,Leadership and Public Service High School,2,1,16,1,387,36,145,52,0.0625,176
02M500,Unity Center for Urban Technologies,2,1,16,1,274,48,95,136,0.0625,176
02M615,Chelsea Career and Technical Education High School,2,1,51,3,821,118,152,-2,0.058823529411764705,180
03M494,High School of Arts and Technology,3,1,17,1,1037,132,140,-2,0.058823529411764705,180
02M139,Stephen T. Mather Building Arts & Craftsmanship High School,2,1,19,1,432,88,108,-2,0.05263157894736842,182
02M419,Landmark High School,2,1,28,1,457,37,100,-2,0.03571428571428571,183
02M400,High School for Environmental Studies,2,1,29,1,2558,395,344,385,0.034482758620689655,184
02M580,Richard R. Green High School of Teaching,2,1,29,1,1291,154,160,-2,0.034482758620689655,184
02M135,The Urban Assembly Early College High School for Emergency Medicine,2,1,31,1,510,116,122,-2,0.03225806451612903,186
02M437,Hudson High School of Learning Technologies,2,1,37,1,353,48,119,-2,0.02702702702702703,187
02M534,Harvest Collegiate High School,2,1,68,1,1116,115,116,-2,0.014705882352941176,188
05M148,Eagle Academy for Young Men of Harlem,5,2,4,4,257,46,120,88,1.0,1
05M369,Urban Assembly School for the Performing Arts,5,2,1,1,372,52,108,-2,1.0,279
06M346,Community Health Academy of the Heights,6,2,1,1,586,143,75,93,1.0,279
07X223,The Laboratory School of Finance and Technology: X223,7,2,1,1,980,230,89,93,1.0,279
08X269,Bronx Studio School for Writers and Artists,8,2,1,1,481,130,90,113,1.0,279
08X376,Antonia Pantoja Preparatory Academy: A College Board School,8,2,1,1,308,82,84,104,1.0,279
08X432,Bronx Bridges High School,8,2,1,1,454,83,81,70,1.0,279
08X452,Gotham Collaborative High School,8,2,1,1,343,51,120,-2,1.0,279
08X561,Bronx Compass High School,8,2,1,1,520,70,130,-2,1.0,279
08X636,Virtual Innovators Academy,8,2,2,2,113,31,80,-2,1.0,1
09X227,Bronx Collegiate Academy,9,2,1,1,1201,163,120,173,1.0,279
09X252,Mott Hall Bronx High School,9,2,1,1,1138,141,90,130,1.0,279
09X327,Comprehensive Model School Project M.S. 327,9,2,1,1,706,224,90,103,1.0,279
09X564,Claremont International HS,9,2,1,1,412,50,81,25,1.0,279
10X225,Theatre Arts Production Company School,10,2,1,1,633,88,170,-2,1.0,279
10X243,West Bronx Academy for the Future,10,2,1,1,917,136,90,109,1.0,279
10X264,Bronx Academy for Software Engineering (BASE),10,2,1,1,1199,175,120,165,1.0,279
10X437,Fordham High School for the Arts,10,2,1,1,1826,399,130,158,1.0,279
10X439,Bronx High School for Law and Community Service,10,2,1,1,1467,220,108,163,1.0,279
10X549,Discovery High School,10,2,1,1,716,95,108,135,1.0,279
11X265,Bronx Lab School,11,2,2,2,381,47,123,-2,1.0,1
11X290,Bronx Academy of Health Careers,11,2,1,1,897,90,108,-2,1.0,279
11X418,Bronx High School for the Visual Arts,11,2,1,1,951,168,102,136,1.0,279
11X513,New World High School,11,2,1,1,625,129,108,69,1.0,279
11X514,The Bronxwood Preparatory Academy,11,2,1,1,668,93,120,150,1.0,279
12X242,Mott Hall V,12,2,1,1,1001,282,81,91,1.0,279
12X251,Explorations Academy H.S.,12,2,1,1,476,39,117,-2,1.0,279
12X446,Arturo A. Schomburg Satellite Academy Bronx,12,2,1,1,222,33,40,24,1.0,279
12X479,Bronx Career and College Preparatory High School,12,2,1,1,321,28,81,-2,1.0,279
12X511,Bronx Envision Academy,12,2,1,1,459,44,108,-2,1.0,279
12X521,The Metropolitan Soundview High School,12,2,1,1,453,67,120,74,1.0,279
12X682,Fannie Lou Hamer Freedom High School,12,2,1,1,388,73,110,83,1.0,279
14K614,Young Women's Leadership School of Brooklyn,14,2,1,1,251,47,93,59,1.0,279
15K464,Park Slope Collegiate,15,2,1,1,613,115,102,130,1.0,279
16K688,The Brooklyn Academy of Global Finance,16,2,2,2,469,56,108,-2,1.0,1
17K524,International High School at Prospect Heights,17,2,2,2,338,61,108,45,1.0,1
17K537,High School for Youth and Community Development at Erasmus,17,2,1,1,488,82,140,-2,1.0,279
17K548,Brooklyn School for Music & Theatre,17,2,1,1,522,74,108,-2,1.0,279
17K745,Brooklyn Institute for Liberal Arts,17,2,1,1,761,109,175,158,1.0,279
18K576,Victory Collegiate High School,18,2,1,1,305,61,140,-2,1.0,279
18K617,High School for Innovation in Advertising and Media,18,2,1,1,522,101,81,91,1.0,279
18K633,High School for Medical Professions,18,2,1,1,666,99,108,116,1.0,279
19K764,The Urban Assembly School for Collaborative Healthcare,19,2,1,1,419,71,81,-2,1.0,279
22K425,James Madison High School,22,2,1,1,6968,2801,837,940,1.0,279
24Q236,International High School for Health Sciences,24,2,1,1,485,112,81,68,1.0,279
24Q267,High School of Applied Communication,24,2,1,1,557,75,145,-2,1.0,279
24Q293,Civic Leadership Academy,24,2,1,1,1157,291,142,191,1.0,279
25Q241,Queens High School for Language Studies,25,2,3,3,371,90,125,76,1.0,1
25Q252,"Queens School of Inquiry, The",25,2,1,1,508,161,89,107,1.0,279
25Q263,Flushing International High School,25,2,1,1,576,182,90,90,1.0,279
25Q281,East-West School of International Studies,25,2,1,1,766,290,89,113,1.0,279
25Q670,Robert F. Kennedy Community High School,25,2,1,1,1012,254,150,223,1.0,279
26Q415,Benjamin N. Cardozo High School,26,2,1,1,4527,1666,684,926,1.0,279
26Q435,Martin Van Buren High School,26,2,1,1,1084,217,352,273,1.0,279
26Q495,Bayside High School,26,2,1,1,6914,2765,851,1041,1.0,279
27Q302,"Queens High School for Information, Research, and Technology",27,2,1,1,671,160,130,177,1.0,279
27Q308,Robert H. Goddard High School of Communication Arts and Technology,27,2,1,1,1222,468,140,181,1.0,279
27Q323,Scholars' Academy,27,2,1,1,1065,580,154,186,1.0,279
28Q167,Metropolitan Expeditionary Learning School,28,2,1,1,1254,467,125,141,1.0,279
28Q350,Jamaica Gateway to the Sciences,28,2,2,2,1005,210,150,184,1.0,1
28Q896,"Young Women's Leadership School, Queens",28,2,1,1,350,99,81,119,1.0,279
29Q243,Institute for Health Professions at Cambria Heights,29,2,1,1,416,79,108,132,1.0,279
29Q498,"Health, Arts, Robotics, and Technology High School",29,2,1,1,1435,293,196,264,1.0,279
30Q502,Information Technology High School,30,2,1,1,944,190,227,-2,1.0,279
30Q555,Newcomers High School,30,2,1,1,559,166,81,107,1.0,279
31R064,Gaynor McCown Expeditionary Learning School,31,2,1,1,777,364,146,171,1.0,279
31R600,Ralph R. McKee Career and Technical Education High School,31,2,1,1,620,198,316,180,1.0,279
32K168,The Brooklyn School for Math and Research,32,2,1,1,710,99,108,148,1.0,279
32K403,Academy for Excellence in Leadership,32,2,1,1,653,76,108,-2,1.0,279
32K545,EBC High School for Public Service - Bushwick,32,2,1,1,467,75,126,-2,1.0,279
32K554,All City Leadership Secondary School,32,2,2,2,911,247,62,62,1.0,1
02M416,Eleanor Roosevelt High School,2,2,1292,878,7699,3749,136,224,0.6795665634674922,9
13K265,Dr. Susan S. McKinney Secondary School of the Arts,13,2,3,2,362,54,82,-2,0.6666666666666666,10
21K410,Abraham Lincoln High School,21,2,3,2,2225,539,741,604,0.6666666666666666,10
24Q520,Middle College High School at LaGuardia Community College,24,2,6,4,1826,552,97,118,0.6666666666666666,10
25Q525,Townsend Harris High School,25,2,143,94,6780,4957,290,374,0.6573426573426573,13
03M479,Beacon High School,3,2,1232,789,7891,4442,360,493,0.640422077922078,14
01M539,"New Explorations into Science, Technology and Math High School",1,2,821,519,3743,2047,150,289,0.6321559074299634,15
01M696,Bard High School Early College,1,2,549,347,3946,2196,125,198,0.6320582877959927,16
12X641,Bard High School Early College Bronx,12,2,15,9,1391,613,100,106,0.6,17
30Q580,Baccalaureate School for Global Education,30,2,63,37,1732,937,97,94,0.5873015873015873,18
24Q299,Bard High School Early College Queens,24,2,170,98,3866,2227,125,166,0.5764705882352941,19
03M541,Manhattan / Hunter Science High School,3,2,665,359,5406,2689,108,176,0.5398496240601504,20
06M348,Washington Heights Expeditionary Learning School,6,2,2,1,689,175,100,115,0.5,21
07X221,South Bronx Preparatory: A College Board School,7,2,2,1,782,161,123,148,0.5,21
07X259,"H.E.R.O. High (Health, Education, and Research Occupations High School)",7,2,2,1,862,174,250,182,0.5,21
07X427,Community School for Social Justice,7,2,2,1,229,33,81,-2,0.5,21
07X500,Hostos-Lincoln Academy of Science,7,2,2,1,751,158,81,121,0.5,21
07X522,Bronx Design and Construction Academy,7,2,2,1,677,112,140,91,0.5,21
07X625,Bronx Legacy High School,7,2,2,1,690,97,90,-2,0.5,21
07X670,Health Opportunities High School,7,2,2,1,477,47,75,-2,0.5,21
08X293,Renaissance High School for Musical Theater and the Arts,8,2,2,1,660,115,110,-2,0.5,21
08X349,Bronx River High School,8,2,2,1,1172,196,108,168,0.5,21
09X231,Eagle Academy for Young Men,9,2,2,1,455,163,80,130,0.5,21
09X241,"Urban Assembly School for Applied Math and Science, The",9,2,2,1,561,117,90,99,0.5,21
09X412,Bronx High School of Business,9,2,2,1,765,66,120,-2,0.5,21
09X505,"Bronx School for Law, Government and Justice",9,2,2,1,1132,259,120,154,0.5,21
09X525,Bronx Leadership Academy High School,9,2,2,1,1027,107,105,123,0.5,21
10X268,Kingsbridge International High School,10,2,2,1,206,15,108,6,0.5,21
10X284,Bronx School of Law and Finance,10,2,2,1,558,58,130,-2,0.5,21
10X434,Belmont Preparatory High School,10,2,2,1,1447,203,108,176,0.5,21
10X477,Marble Hill High School for International Studies,10,2,2,1,810,158,108,139,0.5,21
10X546,Bronx Theatre High School,10,2,2,1,414,45,128,-2,0.5,21
11X288,Collegiate Institute for Math and Science,11,2,2,1,1764,317,133,200,0.5,21
11X455,Harry S Truman High School,11,2,2,1,1891,390,913,-2,0.5,21
11X508,Bronxdale High School,11,2,2,1,1828,267,129,190,0.5,21
11X542,Pelham Preparatory Academy,11,2,2,1,2331,448,130,211,0.5,21
11X544,High School for Contemporary Arts,11,2,2,1,607,55,240,-2,0.5,21
11X545,Bronx Aerospace High School,11,2,2,1,751,109,189,-2,0.5,21
12X248,"Metropolitan High School, The",12,2,2,1,228,33,151,-2,0.5,21
12X388,Pan American International High School at Monroe,12,2,2,1,310,71,108,43,0.5,21
13K483,The Urban Assembly School for Law and Justice,13,2,2,1,593,105,115,-2,0.5,21
15K462,John Jay School for Law,15,2,2,1,1012,184,125,-2,0.5,21
15K519,Cobble Hill School of American Studies,15,2,2,1,481,62,278,-2,0.5,21
15K667,Sunset Park High School,15,2,2,1,989,260,354,-2,0.5,21
16K455,Boys and Girls High School,16,2,2,1,712,68,369,96,0.5,21
16K498,Brooklyn High School for Law and Technology,16,2,4,2,1730,296,151,-2,0.5,21
17K528,The High School for Global Citizenship,17,2,2,1,524,55,100,63,0.5,21
17K547,Brooklyn Academy of Science and the Environment,17,2,2,1,373,53,108,-2,0.5,21
17K590,Medgar Evers College Preparatory School,17,2,2,1,2078,676,220,237,0.5,21
18K566,Brooklyn Community High School for Excellence and Equity,18,2,2,1,448,61,75,-2,0.5,21
18K642,Urban Action Academy,18,2,2,1,231,44,107,-2,0.5,21
19K618,Academy of Innovative Technology,19,2,2,1,1048,183,115,169,0.5,21
21K468,Kingsborough Early College School,21,2,2,1,1229,429,110,122,0.5,21
21K540,John Dewey High School,21,2,2,1,2573,622,553,577,0.5,21
24Q296,Pan American International High School,24,2,2,1,508,166,108,28,0.5,21
24Q585,Maspeth High School,24,2,4,2,5045,1953,270,348,0.5,21
25Q285,World Journalism Preparatory: A College Board School,25,2,2,1,448,162,90,139,0.5,21
26Q315,Business Technology Early College High School,26,2,2,1,1032,289,180,272,0.5,21
27Q309,Academy of Medical Technology: A College Board School,27,2,2,1,626,120,105,109,0.5,21
28Q284,York Early College Academy,28,2,2,1,1602,580,81,91,0.5,21
29Q248,Queens Preparatory Academy,29,2,2,1,383,62,100,-2,0.5,21
30Q286,"Young Women's Leadership School, Astoria",30,2,2,1,453,156,81,103,0.5,21
31R460,Susan E. Wagner High School,31,2,2,1,2611,968,660,631,0.5,21
02M418,Millennium High School,2,2,1115,556,5541,2290,176,286,0.49865470852017935,72
02M260,The Clinton School,2,2,1043,515,2837,1151,134,221,0.4937679769894535,73
02M411,Baruch College Campus High School,2,2,1350,650,6773,2753,118,188,0.48148148148148145,74
30Q501,Frank Sinatra School of the Arts High School,30,2,248,113,3557,1643,236,416,0.45564516129032256,75
02M531,Repertory Company High School for Theatre Arts,2,2,32,14,365,100,60,68,0.4375,76
02M630,Art and Design High School,2,2,262,113,3594,1359,385,523,0.4312977099236641,77
05M362,Columbia Secondary School,5,2,496,208,4258,1769,112,175,0.41935483870967744,78
02M412,N.Y.C. Lab School for Collaborative Studies,2,2,1051,429,3134,1067,109,161,0.4081826831588963,79
15K684,Millennium Brooklyn HS,15,2,132,53,5385,2365,178,252,0.4015151515151515,80
02M376,NYC iSchool,2,2,445,175,2459,931,118,158,0.39325842696629215,81
03M859,Special Music School,3,2,75,29,482,165,50,64,0.38666666666666666,82
04M372,Esperanza Preparatory Academy,4,2,78,30,322,114,106,120,0.38461538461538464,83
02M407,Institute for Collaborative Education,2,2,198,75,836,263,61,73,0.3787878787878788,84
04M435,Manhattan Center for Science and Mathematics,4,2,574,205,5010,1993,440,709,0.35714285714285715,85
02M413,School of the Future High School,2,2,572,203,1741,485,108,152,0.3548951048951049,86
02M408,Professional Performing Arts High School,2,2,124,43,1255,378,128,180,0.3467741935483871,87
02M600,The High School of Fashion Industries,2,2,130,45,2046,720,475,395,0.34615384615384615,88
02M545,High School for Dual Language and Asian Studies,2,2,218,75,769,299,108,150,0.3440366972477064,89
02M414,N.Y.C. Museum School,2,2,847,286,3022,865,150,254,0.33766233766233766,90
02M542,Manhattan Bridges High School,2,2,177,59,904,224,172,95,0.3333333333333333,91
08X312,Millennium Art Academy,8,2,3,1,625,136,112,117,0.3333333333333333,91
08X405,Herbert H. Lehman High School,8,2,3,1,2078,405,528,479,0.3333333333333333,91
09X297,Morris Academy for Collaborative Studies,9,2,3,1,568,80,123,-2,0.3333333333333333,91
09X324,Bronx Early College Academy for Teaching & Learning,9,2,3,1,549,93,81,133,0.3333333333333333,91
09X365,Academy for Language and Technology,9,2,3,1,773,224,92,89,0.3333333333333333,91
09X403,Bronx International High School,9,2,3,1,537,54,135,12,0.3333333333333333,91
09X413,Bronx High School for Medical Science,9,2,3,1,1104,178,90,170,0.3333333333333333,91
10X237,"The Marie Curie High School for Medicine, Nursing, and Health Professions",10,2,3,1,334,46,135,-2,0.3333333333333333,91
10X342,International School for Liberal Arts,10,2,3,1,219,81,100,-2,0.3333333333333333,91
10X353,World View High School,10,2,3,1,1343,263,150,195,0.3333333333333333,91
10X374,Knowledge and Power Preparatory Academy International High School (Kappa),10,2,3,1,2279,431,120,179,0.3333333333333333,91
10X438,Fordham Leadership Academy,10,2,3,1,2416,416,108,155,0.3333333333333333,91
10X442,"Celia Cruz Bronx High School of Music, The",10,2,3,1,561,165,140,114,0.3333333333333333,91
10X524,Crotona International High School,10,2,3,1,309,47,81,19,0.3333333333333333,91
11X275,High School of Computers and Technology,11,2,3,1,715,115,181,156,0.3333333333333333,91
11X299,Astor Collegiate Academy,11,2,3,1,2199,342,120,189,0.3333333333333333,91
12X267,Bronx Latin,12,2,3,1,841,149,81,113,0.3333333333333333,91
13K527,Urban Assembly Institute of Math and Science for Young Women,13,2,3,1,237,54,81,60,0.3333333333333333,91
13K670,Benjamin Banneker Academy,13,2,6,2,1912,451,225,318,0.3333333333333333,91
14K477,East Williamsburg Scholars Academy,14,2,3,1,650,90,234,-2,0.3333333333333333,91
17K122,Pathways in Technology Early College High School (P-Tech),17,2,3,1,712,114,150,-2,0.3333333333333333,91
17K600,Clara Barton High School,17,2,3,1,1276,355,434,-2,0.3333333333333333,91
18K629,Cultural Academy for the Arts and Sciences,18,2,3,1,567,70,116,80,0.3333333333333333,91
19K502,FDNY - Captain Vernon A. Richard High School for Fire and Life Safety,19,2,3,1,745,141,108,125,0.3333333333333333,91
19K507,Performing Arts and Technology High School,19,2,3,1,1103,157,125,163,0.3333333333333333,91
19K510,World Academy for Total Community Health High School,19,2,3,1,417,29,98,-2,0.3333333333333333,91
19K615,Transit Tech Career and Technical Education High School,19,2,3,1,1168,225,315,-2,0.3333333333333333,91
21K620,William E. Grady Career and Technical Education High School,21,2,3,1,970,205,305,214,0.3333333333333333,91
22K535,Leon M. Goldstein High School for the Sciences,22,2,33,11,3985,2007,258,429,0.3333333333333333,91
22K555,Brooklyn College Academy,22,2,3,1,2698,911,170,228,0.3333333333333333,91
23K493,Brooklyn Collegiate: A College Board School,23,2,3,1,727,113,120,-2,0.3333333333333333,91
23K644,Eagle Academy for Young Men II,23,2,3,1,554,179,92,139,0.3333333333333333,91
24Q600,Queens Technical High School,24,2,18,6,3942,1196,350,423,0.3333333333333333,91
27Q400,August Martin High School,27,2,3,1,960,177,250,218,0.3333333333333333,91
27Q650,"High School for Construction Trades, Engineering and Architecture",27,2,6,2,3028,1209,247,311,0.3333333333333333,91
28Q620,Thomas A. Edison Career and Technical Education High School,28,2,3,1,6131,2355,473,583,0.3333333333333333,91
29Q272,George Washington Carver High School for the Sciences,29,2,3,1,590,92,93,-2,0.3333333333333333,91
29Q492,"Mathematics, Science Research and Technology Magnet High School",29,2,3,1,782,146,150,-2,0.3333333333333333,91
30Q258,Energy Tech High School,30,2,18,6,1535,348,108,145,0.3333333333333333,91
31R445,Port Richmond High School,31,2,3,1,1267,334,564,435,0.3333333333333333,91
31R455,Tottenville High School,31,2,3,1,3274,1627,1158,1357,0.3333333333333333,91
32K552,The Academy of Urban Planning and Engineering,32,2,3,1,737,128,113,-2,0.3333333333333333,91
32K556,Bushwick Leaders High School for Academic Excellence,32,2,3,1,768,125,120,-2,0.3333333333333333,91
03M291,West End Secondary School,3,2,264,87,1209,392,105,146,0.32954545454545453,135
06M463,High School for Media and Communications,6,2,22,7,505,61,150,-2,0.3181818181818182,136
02M427,Manhattan Academy For Arts & Language,2,2,134,42,389,72,108,49,0.31343283582089554,137
03M417,Frank McCourt High School,3,2,247,77,1253,345,120,170,0.3117408906882591,138
02M438,International High School at Union Square,2,2,173,53,501,103,68,75,0.3063583815028902,139
02M439,Manhattan Village Academy,2,2,579,176,3002,860,100,201,0.30397236614853196,140
03M307,"Urban Assembly School for Media Studies, The",3,2,27,8,328,71,126,109,0.2962962962962963,141
04M555,Central Park East High School,4,2,450,131,4762,1538,125,215,0.2911111111111111,142
02M551,Urban Assembly New York Harbor School,2,2,110,32,724,221,200,-2,0.2909090909090909,143
01M450,East Side Community School,1,2,255,73,1142,328,95,117,0.28627450980392155,144
03M610,Young Women's Leadership School,3,2,25,7,370,113,81,-2,0.28,145
06M540,A. Philip Randolph Campus High School,6,2,84,23,2050,408,471,379,0.27380952380952384,146
04M495,Park East High School,4,2,207,56,2653,739,100,166,0.27053140096618356,147
02M519,Talent Unlimited High School,2,2,137,35,1599,468,152,213,0.25547445255474455,148
22K405,Midwood High School,22,2,63,16,11658,5495,910,1323,0.25396825396825395,149
02M459,Manhattan International High School,2,2,198,50,738,151,85,73,0.25252525252525254,150
08X367,"Archimedes Academy for Math, Science and Technology Applications",8,2,4,1,427,75,100,-2,0.25,151
12X478,The Cinema School,12,2,4,1,618,139,81,117,0.25,151
12X550,High School of World Cultures,12,2,4,1,380,49,108,36,0.25,151
13K594,Gotham Professional Arts Academy,13,2,4,1,364,61,81,-2,0.25,151
14K454,The Williamsburg High School of Art and Technology,14,2,4,1,893,129,116,120,0.25,151
17K543,"Science, Technology and Research Early College High School at Erasmus",17,2,4,1,790,197,130,145,0.25,151
19K660,W. H. Maxwell Career and Technical Education High School,19,2,4,1,991,185,305,164,0.25,151
21K348,High School of Sports Management,21,2,4,1,386,75,176,-2,0.25,151
24Q485,Grover Cleveland High School,24,2,4,1,1552,359,420,437,0.25,151
27Q475,Richmond Hill High School,27,2,4,1,1397,386,371,423,0.25,151
31R440,New Dorp High School,31,2,4,1,2806,1011,668,887,0.25,151
02M135,The Urban Assembly Early College High School for Emergency Medicine,2,2,37,9,510,116,122,-2,0.24324324324324326,162
02M288,Food and Finance High School,2,2,107,24,1225,264,150,211,0.22429906542056074,163
02M393,Business Of Sports School,2,2,99,22,1151,248,129,210,0.2222222222222222,164
30Q575,Academy of American Studies,30,2,27,6,2727,819,170,224,0.2222222222222222,164
02M449,Vanguard High School,2,2,120,26,701,134,110,158,0.21666666666666667,166
06M552,Gregorio Luperon High School for Science and Mathematics,6,2,70,15,573,165,150,45,0.21428571428571427,167
02M507,Urban Assembly Gateway School for Technology,2,2,232,49,1299,278,108,146,0.21120689655172414,168
02M500,Unity Center for Urban Technologies,2,2,38,8,274,48,95,136,0.21052631578947367,169
01M448,University Neighborhood High School,1,2,524,110,2248,447,125,185,0.2099236641221374,170
02M294,Essex Street Academy,2,2,392,82,2478,562,90,125,0.20918367346938777,171
17K408,Academy of Hospitality and Tourism,17,2,5,1,571,89,118,-2,0.2,172
24Q550,High School for Arts and Business,24,2,5,1,2257,552,191,255,0.2,172
24Q610,Aviation Career & Technical Education High School,24,2,70,14,4123,1548,530,723,0.2,172
27Q480,John Adams High School,27,2,5,1,2490,480,636,644,0.2,172
28Q505,Hillcrest High School,28,2,5,1,2316,496,730,517,0.2,172
02M546,Academy for Software Engineering,2,2,171,34,1992,388,125,201,0.19883040935672514,177
02M303,"Facing History School, The",2,2,66,13,421,87,107,-2,0.19696969696969696,178
03M492,"High School for Law, Advocacy and Community Justice",3,2,56,11,920,170,220,-2,0.19642857142857142,179
30Q301,Academy for Careers in Television and Film,30,2,52,10,1410,330,151,200,0.19230769230769232,180
14K610,A-Tech High School,14,2,16,3,1273,264,224,243,0.1875,181
02M437,Hudson High School of Learning Technologies,2,2,71,13,353,48,119,-2,0.18309859154929578,182
02M533,Union Square Academy for Health Sciences,2,2,55,10,834,154,163,143,0.18181818181818182,183
02M308,Lower Manhattan Arts Academy,2,2,68,12,524,69,95,-2,0.17647058823529413,184
02M529,Jacqueline Kennedy Onassis High School,2,2,83,14,534,81,204,-2,0.1686746987951807,185
02M400,High School for Environmental Studies,2,2,584,98,2558,395,344,385,0.1678082191780822,186
02M394,Emma Lazarus High School,2,2,54,9,134,19,60,-1,0.16666666666666666,187
02M655,The High School for Climate Justice,2,2,36,6,298,60,152,105,0.16666666666666666,187
03M860,Frederick Douglass Academy II Secondary School,3,2,6,1,309,55,95,105,0.16666666666666666,187
06M211,Inwood Early College for Health and Information Technologies,6,2,6,1,745,156,111,-2,0.16666666666666666,187
06M293,City College Academy of the Arts,6,2,6,1,1028,337,81,95,0.16666666666666666,187
07X548,Careers in Sports High School,7,2,6,1,1056,226,125,202,0.16666666666666666,187
11X249,Bronx Health Sciences High School,11,2,6,1,1270,225,200,261,0.16666666666666666,187
11X509,High School of Language and Innovation,11,2,6,1,299,56,108,36,0.16666666666666666,187
14K071,Juan Morel Campos Secondary School,14,2,6,1,341,78,101,69,0.16666666666666666,187
15K429,Digital Arts and Cinema Technology High School,15,2,6,1,579,105,90,94,0.16666666666666666,187
24Q530,International High School at LaGuardia Community College,24,2,18,3,1236,505,119,114,0.16666666666666666,187
30Q445,William Cullen Bryant High School,30,2,6,1,1681,297,435,349,0.16666666666666666,187
31R450,Curtis High School,31,2,6,1,1967,690,804,754,0.16666666666666666,187
02M399,The High School For Language And Diplomacy,2,2,86,14,385,36,134,-2,0.16279069767441862,200
02M550,Liberty High School Academy for Newcomers,2,2,38,6,99,16,50,6,0.15789473684210525,201
02M420,High School for Health Professions and Human Services,2,2,298,47,2991,776,477,590,0.15771812080536912,202
02M374,Gramercy Arts High School,2,2,89,14,1038,129,204,78,0.15730337078651685,203
02M489,High School of Economics and Finance,2,2,212,33,1374,223,230,-2,0.15566037735849056,204
02M395,A School Without Walls,2,2,13,2,178,36,100,-2,0.15384615384615385,205
02M615,Chelsea Career and Technical Education High School,2,2,93,14,821,118,152,-2,0.15053763440860216,206
15K656,Brooklyn High School of the Arts,15,2,40,6,2104,574,254,272,0.15,207
02M432,Murray Hill Academy,2,2,115,17,558,76,90,-2,0.14782608695652175,208
02M392,Manhattan Business Academy,2,2,165,24,1321,191,161,-2,0.14545454545454545,209
07X600,Alfred E. Smith Career and Technical Education High School,7,2,7,1,1126,227,189,193,0.14285714285714285,210
13K350,Urban Assembly School of Music and Art,13,2,7,1,494,52,108,-2,0.14285714285714285,210
13K605,George Westinghouse Career and Technical Education High School,13,2,7,1,1254,203,254,194,0.14285714285714285,210
14K488,Brooklyn Preparatory High School,14,2,7,1,1061,174,153,-2,0.14285714285714285,210
15K448,Brooklyn Collaborative Studies,15,2,7,1,693,99,90,110,0.14285714285714285,210
20K505,Franklin Delano Roosevelt High School,20,2,7,1,3723,924,710,852,0.14285714285714285,210
21K525,Edward R. Murrow High School,21,2,7,1,6293,2283,933,1196,0.14285714285714285,210
26Q430,Francis Lewis High School,26,2,7,1,8708,3905,913,1030,0.14285714285714285,210
02M298,Pace High School,2,2,160,22,1172,169,190,177,0.1375,218
01M515,Lower East Side Preparatory High School,1,2,51,7,317,89,75,-2,0.13725490196078433,219
02M605,Humanities Preparatory Academy,2,2,159,20,861,101,75,-2,0.12578616352201258,220
02M586,Harvey Milk High School,2,2,8,1,40,3,45,-1,0.125,221
07X334,International Community High School,7,2,8,1,210,40,81,23,0.125,221
09X260,Bronx Center for Science and Mathematics,9,2,8,1,2530,621,108,201,0.125,221
13K412,Brooklyn Community Arts & Media High School (BCAM),13,2,8,1,702,113,142,-2,0.125,221
13K595,Bedford Academy High School,13,2,8,1,2464,599,81,114,0.125,221
17K382,Academy for College Preparation and Career Exploration: A College Board School,17,2,8,1,837,124,108,-2,0.125,221
17K751,Academy for Health Careers,17,2,8,1,715,72,108,-2,0.125,221
03M494,High School of Arts and Technology,3,2,89,11,1037,132,140,-2,0.12359550561797752,228
02M580,Richard R. Green High School of Teaching,2,2,268,32,1291,154,160,-2,0.11940298507462686,229
03M415,Wadleigh Secondary School for the Performing & Visual Arts,3,2,17,2,826,130,128,-2,0.11764705882352941,230
02M543,New Design High School,2,2,94,11,852,157,125,145,0.11702127659574468,231
05M157,The Urban Assembly School for Global Commerce,5,2,9,1,207,26,81,-2,0.1111111111111111,232
25Q425,John Bowne High School,25,2,9,1,3116,720,783,809,0.1111111111111111,232
02M419,Landmark High School,2,2,66,7,457,37,100,-2,0.10606060606060606,234
02M282,Urban Assembly Maker Academy,2,2,130,13,1074,175,150,216,0.1,235
05M670,Thurgood Marshall Academy for Learning and Social Change,5,2,10,1,340,71,108,-2,0.1,235
14K478,"The High School for Enterprise, Business and Technology",14,2,10,1,1197,144,249,130,0.1,235
14K561,Williamsburg Preparatory School,14,2,10,1,1131,226,180,236,0.1,235
15K497,The Boerum Hill School for International Studies,15,2,10,1,801,155,125,-2,0.1,235
20K485,High School of Telecommunication Arts and Technology,20,2,10,1,2973,1210,310,363,0.1,235
30Q367,Motion Picture Tech High School,30,2,10,1,538,133,200,-2,0.1,235
02M534,Harvest Collegiate High School,2,2,222,22,1116,115,116,-2,0.0990990990990991,242
02M520,Murry Bergtraum High School for Business Careers,2,2,21,2,222,38,240,-2,0.09523809523809523,243
01M458,Forsyth Satellite Academy,1,2,11,1,60,12,28,-2,0.09090909090909091,244
02M313,"James Baldwin School, The: A School for Expeditionary Learning",2,2,11,1,71,14,25,-2,0.09090909090909091,244
05M304,Mott Hall High School,5,2,11,1,455,53,108,-2,0.09090909090909091,244
02M047,47 The American Sign Language and English Secondary School,2,2,23,2,318,55,69,-2,0.08695652173913043,247
13K963,Design Works High School,13,2,12,1,607,86,81,-2,0.08333333333333333,248
14K558,Williamsburg High School for Architecture and Design,14,2,12,1,1223,253,155,212,0.08333333333333333,248
20K445,New Utrecht High School,20,2,12,1,4568,1443,630,730,0.08333333333333333,248
20K490,Fort Hamilton High School,20,2,12,1,4983,1995,883,903,0.08333333333333333,248
30Q417,Gotham Tech High School,30,2,12,1,631,96,90,-2,0.08333333333333333,248
07X495,University Heights Secondary School,7,2,13,1,2181,787,140,203,0.07692307692307693,253
13K419,"Science Skills Center High School for Science, Technology and the Creative Arts",13,2,13,1,909,111,258,143,0.07692307692307693,253
13K674,"City Polytechnic High School of Engineering, Architecture, and Technology",13,2,14,1,1239,274,108,160,0.07142857142857142,255
28Q440,Forest Hills High School,28,2,15,1,7184,2477,702,851,0.06666666666666667,256
02M316,"Urban Assembly School of Business for Young Women, the",2,2,16,1,165,17,120,-2,0.0625,257
03M299,The Maxine Greene HS for Imaginative Inquiry,3,2,16,1,77,10,120,-2,0.0625,257
03M402,The Urban Assembly School for Green Careers,3,2,16,1,494,39,120,45,0.0625,257
13K439,Brooklyn International High School,13,2,16,1,409,71,81,53,0.0625,257
02M305,"Urban Assembly Academy of Government and Law, The",2,2,36,2,573,75,100,-2,0.05555555555555555,261
24Q264,Academy of Finance and Enterprise,24,2,18,1,2163,546,124,151,0.05555555555555555,261
24Q560,"Robert F. Wagner, Jr. Secondary School for Arts and Technology",24,2,18,1,1368,247,120,161,0.05555555555555555,261
30Q450,Long Island City High School,30,2,19,1,1827,403,790,432,0.05263157894736842,264
02M296,High School of Hospitality Management,2,2,39,2,269,35,135,-2,0.05128205128205128,265
10X440,DeWitt Clinton High School,10,2,20,1,2901,586,385,492,0.05,266
05M499,Frederick Douglass Academy,5,2,23,1,903,195,325,214,0.043478260869565216,267
04M680,"Heritage School, The",4,2,24,1,482,60,80,-2,0.041666666666666664,268
06M462,The College Academy,6,2,54,2,814,121,121,129,0.037037037037037035,269
02M139,Stephen T. Mather Building Arts & Craftsmanship High School,2,2,59,2,432,88,108,-2,0.03389830508474576,270
02M425,Leadership and Public Service High School,2,2,34,1,387,36,145,52,0.029411764705882353,271
02M300,"Urban Assembly School of Design and Construction, The",2,2,38,1,346,43,108,-2,0.02631578947368421,272
02M422,Quest to Learn,2,2,46,1,177,27,108,41,0.021739130434782608,273
02M280,Manhattan Early College School for Advertising,2,2,47,1,572,88,112,-2,0.02127659574468085,274
06M468,High School for Health Careers and Sciences,6,2,47,1,822,121,268,-2,0.02127659574468085,274
01M292,Orchard Collegiate Academy,1,2,49,1,280,71,90,-2,0.02040816326530612,276
06M467,High School for Law and Public Service,6,2,50,1,643,95,167,84,0.02,277
03M403,The Global Learning Collaborative,3,2,51,1,754,90,108,-2,0.0196078431372549,278
02M313,"James Baldwin School, The: A School for Expeditionary Learning",2,3,1,1,71,14,25,-2,1.0,252
02M586,Harvey Milk High School,2,3,1,1,40,3,45,-1,1.0,252
07X625,Bronx Legacy High School,7,3,1,1,690,97,90,-2,1.0,252
08X293,Renaissance High School for Musical Theater and the Arts,8,3,1,1,660,115,110,-2,1.0,252
08X312,Millennium Art Academy,8,3,1,1,625,136,112,117,1.0,252
08X320,Pelham Lab High School,8,3,1,1,514,49,108,-2,1.0,252
08X349,Bronx River High School,8,3,1,1,1172,196,108,168,1.0,252
08X376,Antonia Pantoja Preparatory Academy: A College Board School,8,3,1,1,308,82,84,104,1.0,252
08X530,Longwood Preparatory Academy,8,3,1,1,649,115,120,143,1.0,252
09X252,Mott Hall Bronx High School,9,3,1,1,1138,141,90,130,1.0,252
09X324,Bronx Early College Academy for Teaching & Learning,9,3,1,1,549,93,81,133,1.0,252
09X327,Comprehensive Model School Project M.S. 327,9,3,1,1,706,224,90,103,1.0,252
09X329,DreamYard Preparatory School,9,3,1,1,522,57,108,64,1.0,252
09X412,Bronx High School of Business,9,3,1,1,765,66,120,-2,1.0,252
09X525,Bronx Leadership Academy High School,9,3,1,1,1027,107,105,123,1.0,252
09X543,High School for Violin and Dance,9,3,1,1,149,19,108,-2,1.0,252
09X564,Claremont International HS,9,3,1,1,412,50,81,25,1.0,252
10X141,Riverdale / Kingsbridge Academy (Middle School / High School 141),10,3,1,1,648,268,210,288,1.0,252
10X225,Theatre Arts Production Company School,10,3,1,1,633,88,170,-2,1.0,252
10X243,West Bronx Academy for the Future,10,3,1,1,917,136,90,109,1.0,252
10X264,Bronx Academy for Software Engineering (BASE),10,3,1,1,1199,175,120,165,1.0,252
10X284,Bronx School of Law and Finance,10,3,1,1,558,58,130,-2,1.0,252
10X353,World View High School,10,3,1,1,1343,263,150,195,1.0,252
10X368,In-Tech Academy (M.S. / High School 368),10,3,1,1,707,244,160,205,1.0,252
10X433,High School for Teaching and the Professions,10,3,3,3,344,61,102,-2,1.0,1
10X477,Marble Hill High School for International Studies,10,3,1,1,810,158,108,139,1.0,252
11X265,Bronx Lab School,11,3,2,2,381,47,123,-2,1.0,1
12X242,Mott Hall V,12,3,1,1,1001,282,81,91,1.0,252
12X271,East Bronx Academy for the Future,12,3,1,1,464,97,90,79,1.0,252
12X446,Arturo A. Schomburg Satellite Academy Bronx,12,3,1,1,222,33,40,24,1.0,252
12X682,Fannie Lou Hamer Freedom High School,12,3,1,1,388,73,110,83,1.0,252
12X684,Wings Academy,12,3,1,1,370,63,150,86,1.0,252
13K265,Dr. Susan S. McKinney Secondary School of the Arts,13,3,1,1,362,54,82,-2,1.0,252
13K527,Urban Assembly Institute of Math and Science for Young Women,13,3,1,1,237,54,81,60,1.0,252
14K071,Juan Morel Campos Secondary School,14,3,1,1,341,78,101,69,1.0,252
14K474,PROGRESS High School for Professional Careers,14,3,1,1,506,81,153,-2,1.0,252
14K488,Brooklyn Preparatory High School,14,3,1,1,1061,174,153,-2,1.0,252
14K558,Williamsburg High School for Architecture and Design,14,3,2,2,1223,253,155,212,1.0,1
14K561,Williamsburg Preparatory School,14,3,2,2,1131,226,180,236,1.0,1
15K462,John Jay School for Law,15,3,1,1,1012,184,125,-2,1.0,252
15K592,Khalil Gibran International Academy,15,3,1,1,101,19,81,-2,1.0,252
16K498,Brooklyn High School for Law and Technology,16,3,1,1,1730,296,151,-2,1.0,252
17K382,Academy for College Preparation and Career Exploration: A College Board School,17,3,1,1,837,124,108,-2,1.0,252
17K548,Brooklyn School for Music & Theatre,17,3,1,1,522,74,108,-2,1.0,252
17K600,Clara Barton High School,17,3,2,2,1276,355,434,-2,1.0,1
18K633,High School for Medical Professions,18,3,1,1,666,99,108,116,1.0,252
18K637,Academy for Conservation and the Environment,18,3,1,1,727,92,170,217,1.0,252
19K502,FDNY - Captain Vernon A. Richard High School for Fire and Life Safety,19,3,1,1,745,141,108,125,1.0,252
20K485,High School of Telecommunication Arts and Technology,20,3,1,1,2973,1210,310,363,1.0,252
20K505,Franklin Delano Roosevelt High School,20,3,2,2,3723,924,710,852,1.0,1
20K609,Urban Assembly School for Leadership and Empowerment,20,3,1,1,278,74,100,132,1.0,252
21K410,Abraham Lincoln High School,21,3,2,2,2225,539,741,604,1.0,1
21K525,Edward R. Murrow High School,21,3,1,1,6293,2283,933,1196,1.0,252
22K535,Leon M. Goldstein High School for the Sciences,22,3,2,2,3985,2007,258,429,1.0,1
24Q296,Pan American International High School,24,3,1,1,508,166,108,28,1.0,252
25Q460,Flushing High School,25,3,1,1,1592,289,419,419,1.0,252
27Q324,Rockaway Park High School for Environmental Sustainability,27,3,1,1,164,25,108,51,1.0,252
27Q480,John Adams High School,27,3,1,1,2490,480,636,644,1.0,252
28Q284,York Early College Academy,28,3,1,1,1602,580,81,91,1.0,252
28Q440,Forest Hills High School,28,3,1,1,7184,2477,702,851,1.0,252
28Q686,Queens Metropolitan High School,28,3,2,2,2321,931,279,279,1.0,1
30Q286,"Young Women's Leadership School, Astoria",30,3,1,1,453,156,81,103,1.0,252
30Q417,Gotham Tech High School,30,3,1,1,631,96,90,-2,1.0,252
32K545,EBC High School for Public Service - Bushwick,32,3,1,1,467,75,126,-2,1.0,252
13K674,"City Polytechnic High School of Engineering, Architecture, and Technology",13,3,4,3,1239,274,108,160,0.75,10
24Q530,International High School at LaGuardia Community College,24,3,3,2,1236,505,119,114,0.6666666666666666,11
27Q323,Scholars' Academy,27,3,3,2,1065,580,154,186,0.6666666666666666,11
03M479,Beacon High School,3,3,613,394,7891,4442,360,493,0.6427406199021207,13
25Q525,Townsend Harris High School,25,3,24,15,6780,4957,290,374,0.625,14
02M416,Eleanor Roosevelt High School,2,3,513,310,7699,3749,136,224,0.6042884990253411,15
01M696,Bard High School Early College,1,3,243,133,3946,2196,125,198,0.5473251028806584,16
01M539,"New Explorations into Science, Technology and Math High School",1,3,223,122,3743,2047,150,289,0.547085201793722,17
24Q299,Bard High School Early College Queens,24,3,138,73,3866,2227,125,166,0.5289855072463768,18
12X641,Bard High School Early College Bronx,12,3,25,13,1391,613,100,106,0.52,19
03M859,Special Music School,3,3,55,28,482,165,50,64,0.509090909090909,20
03M541,Manhattan / Hunter Science High School,3,3,397,199,5406,2689,108,176,0.5012594458438288,21
01M292,Orchard Collegiate Academy,1,3,2,1,280,71,90,-2,0.5,22
01M458,Forsyth Satellite Academy,1,3,2,1,60,12,28,-2,0.5,22
06M552,Gregorio Luperon High School for Science and Mathematics,6,3,14,7,573,165,150,45,0.5,22
07X259,"H.E.R.O. High (Health, Education, and Research Occupations High School)",7,3,2,1,862,174,250,182,0.5,22
07X334,International Community High School,7,3,2,1,210,40,81,23,0.5,22
07X500,Hostos-Lincoln Academy of Science,7,3,2,1,751,158,81,121,0.5,22
07X527,Bronx Leadership Academy II High School,7,3,2,1,911,103,131,-2,0.5,22
08X367,"Archimedes Academy for Math, Science and Technology Applications",8,3,2,1,427,75,100,-2,0.5,22
09X241,"Urban Assembly School for Applied Math and Science, The",9,3,2,1,561,117,90,99,0.5,22
09X297,Morris Academy for Collaborative Studies,9,3,2,1,568,80,123,-2,0.5,22
09X350,New Directions Secondary School,9,3,2,1,72,9,25,-2,0.5,22
09X365,Academy for Language and Technology,9,3,2,1,773,224,92,89,0.5,22
09X403,Bronx International High School,9,3,2,1,537,54,135,12,0.5,22
09X517,Frederick Douglass Academy III Secondary School,9,3,2,1,404,35,108,-2,0.5,22
09X568,Young Women's Leadership School of the Bronx,9,3,2,1,449,109,90,127,0.5,22
10X434,Belmont Preparatory High School,10,3,2,1,1447,203,108,176,0.5,22
10X438,Fordham Leadership Academy,10,3,2,1,2416,416,108,155,0.5,22
11X270,Academy for Scholarship and Entrepreneurship: A College Board School,11,3,2,1,775,148,120,-2,0.5,22
11X275,High School of Computers and Technology,11,3,2,1,715,115,181,156,0.5,22
11X288,Collegiate Institute for Math and Science,11,3,2,1,1764,317,133,200,0.5,22
11X418,Bronx High School for the Visual Arts,11,3,2,1,951,168,102,136,0.5,22
11X514,The Bronxwood Preparatory Academy,11,3,2,1,668,93,120,150,0.5,22
11X544,High School for Contemporary Arts,11,3,2,1,607,55,240,-2,0.5,22
12X251,Explorations Academy H.S.,12,3,2,1,476,39,117,-2,0.5,22
12X267,Bronx Latin,12,3,2,1,841,149,81,113,0.5,22
12X479,Bronx Career and College Preparatory High School,12,3,2,1,321,28,81,-2,0.5,22
12X550,High School of World Cultures,12,3,2,1,380,49,108,36,0.5,22
13K412,Brooklyn Community Arts & Media High School (BCAM),13,3,2,1,702,113,142,-2,0.5,22
13K594,Gotham Professional Arts Academy,13,3,2,1,364,61,81,-2,0.5,22
13K670,Benjamin Banneker Academy,13,3,4,2,1912,451,225,318,0.5,22
13K963,Design Works High School,13,3,2,1,607,86,81,-2,0.5,22
14K454,The Williamsburg High School of Art and Technology,14,3,2,1,893,129,116,120,0.5,22
14K478,"The High School for Enterprise, Business and Technology",14,3,2,1,1197,144,249,130,0.5,22
15K448,Brooklyn Collaborative Studies,15,3,2,1,693,99,90,110,0.5,22
15K463,Cyberarts Studio Academy,15,3,2,1,256,30,125,-2,0.5,22
15K497,The Boerum Hill School for International Studies,15,3,2,1,801,155,125,-2,0.5,22
15K519,Cobble Hill School of American Studies,15,3,4,2,481,62,278,-2,0.5,22
17K408,Academy of Hospitality and Tourism,17,3,2,1,571,89,118,-2,0.5,22
17K547,Brooklyn Academy of Science and the Environment,17,3,2,1,373,53,108,-2,0.5,22
19K404,Academy for Young Writers,19,3,2,1,559,71,92,82,0.5,22
19K507,Performing Arts and Technology High School,19,3,2,1,1103,157,125,163,0.5,22
19K615,Transit Tech Career and Technical Education High School,19,3,2,1,1168,225,315,-2,0.5,22
19K683,School for Classics High School,19,3,2,1,229,54,108,-2,0.5,22
21K337,International High School at Lafayette,21,3,2,1,327,76,90,35,0.5,22
21K540,John Dewey High School,21,3,2,1,2573,622,553,577,0.5,22
24Q236,International High School for Health Sciences,24,3,2,1,485,112,81,68,0.5,22
25Q252,"Queens School of Inquiry, The",25,3,2,1,508,161,89,107,0.5,22
25Q281,East-West School of International Studies,25,3,2,1,766,290,89,113,0.5,22
25Q670,Robert F. Kennedy Community High School,25,3,2,1,1012,254,150,223,0.5,22
26Q566,"Queens High School of Teaching, Liberal Arts and the Sciences",26,3,2,1,671,231,258,222,0.5,22
27Q309,Academy of Medical Technology: A College Board School,27,3,2,1,626,120,105,109,0.5,22
27Q334,Epic High School - North,27,3,2,1,735,169,70,91,0.5,22
28Q328,High School for Community Leadership,28,3,2,1,671,160,150,231,0.5,22
29Q327,Eagle Academy for Young Men III,29,3,2,1,324,112,120,-2,0.5,22
30Q450,Long Island City High School,30,3,2,1,1827,403,790,432,0.5,22
31R440,New Dorp High School,31,3,2,1,2806,1011,668,887,0.5,22
31R460,Susan E. Wagner High School,31,3,2,1,2611,968,660,631,0.5,22
32K552,The Academy of Urban Planning and Engineering,32,3,2,1,737,128,113,-2,0.5,22
03M610,Young Women's Leadership School,3,3,33,16,370,113,81,-2,0.48484848484848486,80
30Q501,Frank Sinatra School of the Arts High School,30,3,139,66,3557,1643,236,416,0.4748201438848921,81
30Q580,Baccalaureate School for Global Education,30,3,20,9,1732,937,97,94,0.45,82
05M362,Columbia Secondary School,5,3,485,217,4258,1769,112,175,0.44742268041237115,83
22K405,Midwood High School,22,3,7,3,11658,5495,910,1323,0.42857142857142855,84
02M376,NYC iSchool,2,3,260,111,2459,931,118,158,0.4269230769230769,85
02M260,The Clinton School,2,3,293,125,2837,1151,134,221,0.42662116040955633,86
02M408,Professional Performing Arts High School,2,3,83,35,1255,378,128,180,0.42168674698795183,87
02M418,Millennium High School,2,3,400,161,5541,2290,176,286,0.4025,88
03M291,West End Secondary School,3,3,465,187,1209,392,105,146,0.4021505376344086,89
02M411,Baruch College Campus High School,2,3,426,170,6773,2753,118,188,0.39906103286384975,90
02M630,Art and Design High School,2,3,127,48,3594,1359,385,523,0.3779527559055118,91
02M412,N.Y.C. Lab School for Collaborative Studies,2,3,315,117,3134,1067,109,161,0.37142857142857144,92
02M459,Manhattan International High School,2,3,27,10,738,151,85,73,0.37037037037037035,93
04M435,Manhattan Center for Science and Mathematics,4,3,428,153,5010,1993,440,709,0.3574766355140187,94
03M417,Frank McCourt High School,3,3,234,81,1253,345,120,170,0.34615384615384615,95
02M316,"Urban Assembly School of Business for Young Women, the",2,3,3,1,165,17,120,-2,0.3333333333333333,96
07X473,Mott Haven Village Preparatory High School,7,3,3,1,460,62,81,-2,0.3333333333333333,96
07X551,The Urban Assembly Bronx Academy of Letters,7,3,3,1,309,45,108,58,0.3333333333333333,96
08X269,Bronx Studio School for Writers and Artists,8,3,3,1,481,130,90,113,0.3333333333333333,96
10X237,"The Marie Curie High School for Medicine, Nursing, and Health Professions",10,3,3,1,334,46,135,-2,0.3333333333333333,96
10X374,Knowledge and Power Preparatory Academy International High School (Kappa),10,3,3,1,2279,431,120,179,0.3333333333333333,96
10X546,Bronx Theatre High School,10,3,3,1,414,45,128,-2,0.3333333333333333,96
11X299,Astor Collegiate Academy,11,3,3,1,2199,342,120,189,0.3333333333333333,96
11X508,Bronxdale High School,11,3,3,1,1828,267,129,190,0.3333333333333333,96
11X542,Pelham Preparatory Academy,11,3,3,1,2331,448,130,211,0.3333333333333333,96
12X478,The Cinema School,12,3,3,1,618,139,81,117,0.3333333333333333,96
13K605,George Westinghouse Career and Technical Education High School,13,3,3,1,1254,203,254,194,0.3333333333333333,96
14K477,East Williamsburg Scholars Academy,14,3,3,1,650,90,234,-2,0.3333333333333333,96
15K429,Digital Arts and Cinema Technology High School,15,3,3,1,579,105,90,94,0.3333333333333333,96
16K688,The Brooklyn Academy of Global Finance,16,3,3,1,469,56,108,-2,0.3333333333333333,96
17K539,High School for Service & Learning at Erasmus,17,3,3,1,296,35,108,98,0.3333333333333333,96
19K618,Academy of Innovative Technology,19,3,3,1,1048,183,115,169,0.3333333333333333,96
23K514,Frederick Douglass Academy VII High School,23,3,3,1,532,76,108,85,0.3333333333333333,96
24Q550,High School for Arts and Business,24,3,3,1,2257,552,191,255,0.3333333333333333,96
25Q425,John Bowne High School,25,3,3,1,3116,720,783,809,0.3333333333333333,96
26Q315,Business Technology Early College High School,26,3,3,1,1032,289,180,272,0.3333333333333333,96
26Q430,Francis Lewis High School,26,3,6,2,8708,3905,913,1030,0.3333333333333333,96
27Q260,Frederick Douglass Academy VI High School,27,3,3,1,482,71,121,-2,0.3333333333333333,96
29Q265,Excelsior Preparatory High School,29,3,3,1,353,58,108,95,0.3333333333333333,96
29Q492,"Mathematics, Science Research and Technology Magnet High School",29,3,3,1,782,146,150,-2,0.3333333333333333,96
30Q445,William Cullen Bryant High School,30,3,3,1,1681,297,435,349,0.3333333333333333,96
32K554,All City Leadership Secondary School,32,3,3,1,911,247,62,62,0.3333333333333333,96
02M600,The High School of Fashion Industries,2,3,72,23,2046,720,475,395,0.3194444444444444,123
02M542,Manhattan Bridges High School,2,3,22,7,904,224,172,95,0.3181818181818182,124
15K684,Millennium Brooklyn HS,15,3,23,7,5385,2365,178,252,0.30434782608695654,125
02M414,N.Y.C. Museum School,2,3,339,103,3022,865,150,254,0.30383480825958703,126
02M545,High School for Dual Language and Asian Studies,2,3,20,6,769,299,108,150,0.3,127
02M543,New Design High School,2,3,27,8,852,157,125,145,0.2962962962962963,128
02M407,Institute for Collaborative Education,2,3,58,17,836,263,61,73,0.29310344827586204,129
02M551,Urban Assembly New York Harbor School,2,3,31,9,724,221,200,-2,0.2903225806451613,130
04M555,Central Park East High School,4,3,405,117,4762,1538,125,215,0.28888888888888886,131
03M860,Frederick Douglass Academy II Secondary School,3,3,50,14,309,55,95,105,0.28,132
02M413,School of the Future High School,2,3,153,40,1741,485,108,152,0.26143790849673204,133
02M303,"Facing History School, The",2,3,58,15,421,87,107,-2,0.25862068965517243,134
02M394,Emma Lazarus High School,2,3,4,1,134,19,60,-1,0.25,135
02M520,Murry Bergtraum High School for Business Careers,2,3,8,2,222,38,240,-2,0.25,135
10X442,"Celia Cruz Bronx High School of Music, The",10,3,4,1,561,165,140,114,0.25,135
13K350,Urban Assembly School of Music and Art,13,3,4,1,494,52,108,-2,0.25,135
14K586,Lyons Community School,14,3,4,1,174,32,81,-2,0.25,135
17K537,High School for Youth and Community Development at Erasmus,17,3,4,1,488,82,140,-2,0.25,135
19K660,W. H. Maxwell Career and Technical Education High School,19,3,4,1,991,185,305,164,0.25,135
20K445,New Utrecht High School,20,3,4,1,4568,1443,630,730,0.25,135
21K620,William E. Grady Career and Technical Education High School,21,3,4,1,970,205,305,214,0.25,135
23K644,Eagle Academy for Young Men II,23,3,4,1,554,179,92,139,0.25,135
24Q264,Academy of Finance and Enterprise,24,3,8,2,2163,546,124,151,0.25,135
24Q485,Grover Cleveland High School,24,3,4,1,1552,359,420,437,0.25,135
24Q520,Middle College High School at LaGuardia Community College,24,3,4,1,1826,552,97,118,0.25,135
24Q600,Queens Technical High School,24,3,4,1,3942,1196,350,423,0.25,135
32K403,Academy for Excellence in Leadership,32,3,4,1,653,76,108,-2,0.25,135
05M148,Eagle Academy for Young Men of Harlem,5,3,33,8,257,46,120,88,0.24242424242424243,150
06M540,A. Philip Randolph Campus High School,6,3,104,25,2050,408,471,379,0.2403846153846154,151
02M288,Food and Finance High School,2,3,99,23,1225,264,150,211,0.23232323232323232,152
01M450,East Side Community School,1,3,57,13,1142,328,95,117,0.22807017543859648,153
05M499,Frederick Douglass Academy,5,3,57,13,903,195,325,214,0.22807017543859648,153
07X495,University Heights Secondary School,7,3,31,7,2181,787,140,203,0.22580645161290322,155
02M047,47 The American Sign Language and English Secondary School,2,3,9,2,318,55,69,-2,0.2222222222222222,156
02M507,Urban Assembly Gateway School for Technology,2,3,136,30,1299,278,108,146,0.22058823529411764,157
04M495,Park East High School,4,3,197,42,2653,739,100,166,0.2131979695431472,158
02M519,Talent Unlimited High School,2,3,58,12,1599,468,152,213,0.20689655172413793,159
03M492,"High School for Law, Advocacy and Community Justice",3,3,73,15,920,170,220,-2,0.2054794520547945,160
02M294,Essex Street Academy,2,3,140,28,2478,562,90,125,0.2,161
02M393,Business Of Sports School,2,3,75,15,1151,248,129,210,0.2,161
03M307,"Urban Assembly School for Media Studies, The",3,3,40,8,328,71,126,109,0.2,161
07X221,South Bronx Preparatory: A College Board School,7,3,5,1,782,161,123,148,0.2,161
30Q258,Energy Tech High School,30,3,5,1,1535,348,108,145,0.2,161
32K168,The Brooklyn School for Math and Research,32,3,5,1,710,99,108,148,0.2,161
02M420,High School for Health Professions and Human Services,2,3,84,16,2991,776,477,590,0.19047619047619047,167
24Q610,Aviation Career & Technical Education High School,24,3,16,3,4123,1548,530,723,0.1875,168
02M439,Manhattan Village Academy,2,3,193,36,3002,860,100,201,0.18652849740932642,169
01M448,University Neighborhood High School,1,3,93,17,2248,447,125,185,0.1827956989247312,170
15K656,Brooklyn High School of the Arts,15,3,11,2,2104,574,254,272,0.18181818181818182,171
03M494,High School of Arts and Technology,3,3,104,18,1037,132,140,-2,0.17307692307692307,172
02M605,Humanities Preparatory Academy,2,3,65,11,861,101,75,-2,0.16923076923076924,173
01M515,Lower East Side Preparatory High School,1,3,6,1,317,89,75,-2,0.16666666666666666,174
02M395,A School Without Walls,2,3,6,1,178,36,100,-2,0.16666666666666666,174
02M531,Repertory Company High School for Theatre Arts,2,3,18,3,365,100,60,68,0.16666666666666666,174
07X223,The Laboratory School of Finance and Technology: X223,7,3,6,1,980,230,89,93,0.16666666666666666,174
08X405,Herbert H. Lehman High School,8,3,6,1,2078,405,528,479,0.16666666666666666,174
24Q560,"Robert F. Wagner, Jr. Secondary School for Arts and Technology",24,3,6,1,1368,247,120,161,0.16666666666666666,174
27Q650,"High School for Construction Trades, Engineering and Architecture",27,3,6,1,3028,1209,247,311,0.16666666666666666,174
29Q498,"Health, Arts, Robotics, and Technology High School",29,3,6,1,1435,293,196,264,0.16666666666666666,174
02M546,Academy for Software Engineering,2,3,55,9,1992,388,125,201,0.16363636363636364,182
02M298,Pace High School,2,3,44,7,1172,169,190,177,0.1590909090909091,183
02M489,High School of Economics and Finance,2,3,63,10,1374,223,230,-2,0.15873015873015872,184
02M400,High School for Environmental Studies,2,3,348,54,2558,395,344,385,0.15517241379310345,185
02M438,International High School at Union Square,2,3,13,2,501,103,68,75,0.15384615384615385,186
03M415,Wadleigh Secondary School for the Performing & Visual Arts,3,3,52,8,826,130,128,-2,0.15384615384615385,186
02M305,"Urban Assembly Academy of Government and Law, The",2,3,20,3,573,75,100,-2,0.15,188
02M282,Urban Assembly Maker Academy,2,3,62,9,1074,175,150,216,0.14516129032258066,189
02M550,Liberty High School Academy for Newcomers,2,3,7,1,99,16,50,6,0.14285714285714285,190
09X413,Bronx High School for Medical Science,9,3,7,1,1104,178,90,170,0.14285714285714285,190
09X505,"Bronx School for Law, Government and Justice",9,3,7,1,1132,259,120,154,0.14285714285714285,190
10X213,Bronx Engineering and Technology Academy,10,3,7,1,754,115,142,-2,0.14285714285714285,190
10X439,Bronx High School for Law and Community Service,10,3,7,1,1467,220,108,163,0.14285714285714285,190
14K610,A-Tech High School,14,3,7,1,1273,264,224,243,0.14285714285714285,190
17K751,Academy for Health Careers,17,3,7,1,715,72,108,-2,0.14285714285714285,190
20K490,Fort Hamilton High School,20,3,7,1,4983,1995,883,903,0.14285714285714285,190
02M392,Manhattan Business Academy,2,3,67,9,1321,191,161,-2,0.13432835820895522,198
02M422,Quest to Learn,2,3,8,1,177,27,108,41,0.125,199
02M500,Unity Center for Urban Technologies,2,3,8,1,274,48,95,136,0.125,199
03M299,The Maxine Greene HS for Imaginative Inquiry,3,3,8,1,77,10,120,-2,0.125,199
07X427,Community School for Social Justice,7,3,8,1,229,33,81,-2,0.125,199
07X522,Bronx Design and Construction Academy,7,3,8,1,677,112,140,91,0.125,199
09X231,Eagle Academy for Young Men,9,3,8,1,455,163,80,130,0.125,199
11X290,Bronx Academy of Health Careers,11,3,8,1,897,90,108,-2,0.125,199
11X455,Harry S Truman High School,11,3,8,1,1891,390,913,-2,0.125,199
03M403,The Global Learning Collaborative,3,3,125,14,754,90,108,-2,0.112,207
02M135,The Urban Assembly Early College High School for Emergency Medicine,2,3,18,2,510,116,122,-2,0.1111111111111111,208
02M533,Union Square Academy for Health Sciences,2,3,18,2,834,154,163,143,0.1111111111111111,208
06M348,Washington Heights Expeditionary Learning School,6,3,9,1,689,175,100,115,0.1111111111111111,208
07X600,Alfred E. Smith Career and Technical Education High School,7,3,9,1,1126,227,189,193,0.1111111111111111,208
11X249,Bronx Health Sciences High School,11,3,9,1,1270,225,200,261,0.1111111111111111,208
03M402,The Urban Assembly School for Green Careers,3,3,65,7,494,39,120,45,0.1076923076923077,213
02M280,Manhattan Early College School for Advertising,2,3,20,2,572,88,112,-2,0.1,214
02M534,Harvest Collegiate High School,2,3,114,11,1116,115,116,-2,0.09649122807017543,215
06M462,The College Academy,6,3,21,2,814,121,121,129,0.09523809523809523,216
02M296,High School of Hospitality Management,2,3,11,1,269,35,135,-2,0.09090909090909091,217
02M425,Leadership and Public Service High School,2,3,11,1,387,36,145,52,0.09090909090909091,217
05M157,The Urban Assembly School for Global Commerce,5,3,11,1,207,26,81,-2,0.09090909090909091,217
06M346,Community Health Academy of the Heights,6,3,11,1,586,143,75,93,0.09090909090909091,217
06M463,High School for Media and Communications,6,3,11,1,505,61,150,-2,0.09090909090909091,217
02M580,Richard R. Green High School of Teaching,2,3,101,9,1291,154,160,-2,0.0891089108910891,222
02M308,Lower Manhattan Arts Academy,2,3,12,1,524,69,95,-2,0.08333333333333333,223
06M211,Inwood Early College for Health and Information Technologies,6,3,12,1,745,156,111,-2,0.08333333333333333,223
07X670,Health Opportunities High School,7,3,12,1,477,47,75,-2,0.08333333333333333,223
09X260,Bronx Center for Science and Mathematics,9,3,12,1,2530,621,108,201,0.08333333333333333,223
30Q575,Academy of American Studies,30,3,12,1,2727,819,170,224,0.08333333333333333,223
10X437,Fordham High School for the Arts,10,3,13,1,1826,399,130,158,0.07692307692307693,228
02M427,Manhattan Academy For Arts & Language,2,3,14,1,389,72,108,49,0.07142857142857142,229
07X548,Careers in Sports High School,7,3,14,1,1056,226,125,202,0.07142857142857142,229
02M437,Hudson High School of Learning Technologies,2,3,16,1,353,48,119,-2,0.0625,231
06M293,City College Academy of the Arts,6,3,16,1,1028,337,81,95,0.0625,231
04M372,Esperanza Preparatory Academy,4,3,17,1,322,114,106,120,0.058823529411764705,233
10X440,DeWitt Clinton High School,10,3,17,1,2901,586,385,492,0.058823529411764705,233
02M655,The High School for Climate Justice,2,3,18,1,298,60,152,105,0.05555555555555555,235
06M467,High School for Law and Public Service,6,3,18,1,643,95,167,84,0.05555555555555555,235
02M529,Jacqueline Kennedy Onassis High School,2,3,21,1,534,81,204,-2,0.047619047619047616,237
05M369,Urban Assembly School for the Performing Arts,5,3,23,1,372,52,108,-2,0.043478260869565216,238
30Q301,Academy for Careers in Television and Film,30,3,24,1,1410,330,151,200,0.041666666666666664,239
02M139,Stephen T. Mather Building Arts & Craftsmanship High School,2,3,25,1,432,88,108,-2,0.04,240
06M468,High School for Health Careers and Sciences,6,3,25,1,822,121,268,-2,0.04,240
05M670,Thurgood Marshall Academy for Learning and Social Change,5,3,26,1,340,71,108,-2,0.038461538461538464,242
02M300,"Urban Assembly School of Design and Construction, The",2,3,30,1,346,43,108,-2,0.03333333333333333,243
02M374,Gramercy Arts High School,2,3,31,1,1038,129,204,78,0.03225806451612903,244
02M432,Murray Hill Academy,2,3,32,1,558,76,90,-2,0.03125,245
05M304,Mott Hall High School,5,3,33,1,455,53,108,-2,0.030303030303030304,246
02M399,The High School For Language And Diplomacy,2,3,34,1,385,36,134,-2,0.029411764705882353,247
04M680,"Heritage School, The",4,3,34,1,482,60,80,-2,0.029411764705882353,247
02M615,Chelsea Career and Technical Education High School,2,3,37,1,821,118,152,-2,0.02702702702702703,249
02M419,Landmark High School,2,3,42,1,457,37,100,-2,0.023809523809523808,250
02M449,Vanguard High School,2,3,43,1,701,134,110,158,0.023255813953488372,251
02M313,"James Baldwin School, The: A School for Expeditionary Learning",2,4,1,1,71,14,25,-2,1.0,261
02M550,Liberty High School Academy for Newcomers,2,4,1,1,99,16,50,6,1.0,261
02M586,Harvey Milk High School,2,4,1,1,40,3,45,-1,1.0,261
07X527,Bronx Leadership Academy II High School,7,4,1,1,911,103,131,-2,1.0,261
08X269,Bronx Studio School for Writers and Artists,8,4,1,1,481,130,90,113,1.0,261
08X293,Renaissance High School for Musical Theater and the Arts,8,4,1,1,660,115,110,-2,1.0,261
08X312,Millennium Art Academy,8,4,1,1,625,136,112,117,1.0,261
08X376,Antonia Pantoja Preparatory Academy: A College Board School,8,4,1,1,308,82,84,104,1.0,261
08X558,Westchester Square Academy,8,4,2,2,788,106,135,114,1.0,1
09X252,Mott Hall Bronx High School,9,4,1,1,1138,141,90,130,1.0,261
09X324,Bronx Early College Academy for Teaching & Learning,9,4,1,1,549,93,81,133,1.0,261
09X327,Comprehensive Model School Project M.S. 327,9,4,1,1,706,224,90,103,1.0,261
09X412,Bronx High School of Business,9,4,1,1,765,66,120,-2,1.0,261
09X564,Claremont International HS,9,4,1,1,412,50,81,25,1.0,261
10X141,Riverdale / Kingsbridge Academy (Middle School / High School 141),10,4,1,1,648,268,210,288,1.0,261
10X228,Jonas Bronck Academy,10,4,1,1,372,91,90,-2,1.0,261
10X243,West Bronx Academy for the Future,10,4,1,1,917,136,90,109,1.0,261
10X368,In-Tech Academy (M.S. / High School 368),10,4,1,1,707,244,160,205,1.0,261
10X442,"Celia Cruz Bronx High School of Music, The",10,4,1,1,561,165,140,114,1.0,261
10X546,Bronx Theatre High School,10,4,1,1,414,45,128,-2,1.0,261
11X290,Bronx Academy of Health Careers,11,4,1,1,897,90,108,-2,1.0,261
11X418,Bronx High School for the Visual Arts,11,4,1,1,951,168,102,136,1.0,261
11X513,New World High School,11,4,2,2,625,129,108,69,1.0,1
11X542,Pelham Preparatory Academy,11,4,1,1,2331,448,130,211,1.0,261
11X544,High School for Contemporary Arts,11,4,1,1,607,55,240,-2,1.0,261
12X446,Arturo A. Schomburg Satellite Academy Bronx,12,4,3,3,222,33,40,24,1.0,1
12X478,The Cinema School,12,4,1,1,618,139,81,117,1.0,261
12X479,Bronx Career and College Preparatory High School,12,4,1,1,321,28,81,-2,1.0,261
13K594,Gotham Professional Arts Academy,13,4,1,1,364,61,81,-2,1.0,261
13K670,Benjamin Banneker Academy,13,4,4,4,1912,451,225,318,1.0,1
14K477,East Williamsburg Scholars Academy,14,4,1,1,650,90,234,-2,1.0,261
14K558,Williamsburg High School for Architecture and Design,14,4,2,2,1223,253,155,212,1.0,1
14K614,Young Women's Leadership School of Brooklyn,14,4,1,1,251,47,93,59,1.0,261
15K429,Digital Arts and Cinema Technology High School,15,4,1,1,579,105,90,94,1.0,261
15K464,Park Slope Collegiate,15,4,1,1,613,115,102,130,1.0,261
15K497,The Boerum Hill School for International Studies,15,4,1,1,801,155,125,-2,1.0,261
17K546,High School for Public Service: Heroes of Tomorrow,17,4,1,1,656,69,130,-2,1.0,261
17K590,Medgar Evers College Preparatory School,17,4,2,2,2078,676,220,237,1.0,1
18K563,It Takes a Village Academy,18,4,1,1,353,23,135,-2,1.0,261
19K404,Academy for Young Writers,19,4,1,1,559,71,92,82,1.0,261
21K348,High School of Sports Management,21,4,1,1,386,75,176,-2,1.0,261
23K493,Brooklyn Collegiate: A College Board School,23,4,1,1,727,113,120,-2,1.0,261
24Q520,Middle College High School at LaGuardia Community College,24,4,1,1,1826,552,97,118,1.0,261
24Q530,International High School at LaGuardia Community College,24,4,3,3,1236,505,119,114,1.0,1
24Q550,High School for Arts and Business,24,4,1,1,2257,552,191,255,1.0,261
25Q240,Veritas Academy,25,4,1,1,526,96,130,-2,1.0,261
25Q670,Robert F. Kennedy Community High School,25,4,1,1,1012,254,150,223,1.0,261
26Q415,Benjamin N. Cardozo High School,26,4,1,1,4527,1666,684,926,1.0,261
27Q323,Scholars' Academy,27,4,1,1,1065,580,154,186,1.0,261
28Q350,Jamaica Gateway to the Sciences,28,4,1,1,1005,210,150,184,1.0,261
28Q440,Forest Hills High School,28,4,2,2,7184,2477,702,851,1.0,1
29Q283,Preparatory Academy for Writers: A College Board School,29,4,1,1,177,47,90,69,1.0,261
29Q313,Benjamin Franklin High School for Finance & Information Technology,29,4,2,2,735,122,108,-2,1.0,1
30Q286,"Young Women's Leadership School, Astoria",30,4,1,1,453,156,81,103,1.0,261
30Q502,Information Technology High School,30,4,1,1,944,190,227,-2,1.0,261
31R450,Curtis High School,31,4,1,1,1967,690,804,754,1.0,261
31R455,Tottenville High School,31,4,1,1,3274,1627,1158,1357,1.0,261
32K552,The Academy of Urban Planning and Engineering,32,4,1,1,737,128,113,-2,1.0,261
15K684,Millennium Brooklyn HS,15,4,6,4,5385,2365,178,252,0.6666666666666666,10
24Q299,Bard High School Early College Queens,24,4,9,5,3866,2227,125,166,0.5555555555555556,11
01M696,Bard High School Early College,1,4,48,26,3946,2196,125,198,0.5416666666666666,12
01M458,Forsyth Satellite Academy,1,4,2,1,60,12,28,-2,0.5,13
06M348,Washington Heights Expeditionary Learning School,6,4,2,1,689,175,100,115,0.5,13
06M552,Gregorio Luperon High School for Science and Mathematics,6,4,2,1,573,165,150,45,0.5,13
07X473,Mott Haven Village Preparatory High School,7,4,2,1,460,62,81,-2,0.5,13
07X551,The Urban Assembly Bronx Academy of Letters,7,4,2,1,309,45,108,58,0.5,13
08X320,Pelham Lab High School,8,4,2,1,514,49,108,-2,0.5,13
08X349,Bronx River High School,8,4,2,1,1172,196,108,168,0.5,13
08X452,Gotham Collaborative High School,8,4,2,1,343,51,120,-2,0.5,13
09X231,Eagle Academy for Young Men,9,4,2,1,455,163,80,130,0.5,13
09X241,"Urban Assembly School for Applied Math and Science, The",9,4,2,1,561,117,90,99,0.5,13
09X250,Eximius College Preparatory Academy: A College Board School,9,4,2,1,761,90,108,-2,0.5,13
09X365,Academy for Language and Technology,9,4,2,1,773,224,92,89,0.5,13
09X403,Bronx International High School,9,4,2,1,537,54,135,12,0.5,13
09X517,Frederick Douglass Academy III Secondary School,9,4,2,1,404,35,108,-2,0.5,13
09X543,High School for Violin and Dance,9,4,2,1,149,19,108,-2,0.5,13
10X213,Bronx Engineering and Technology Academy,10,4,2,1,754,115,142,-2,0.5,13
10X225,Theatre Arts Production Company School,10,4,2,1,633,88,170,-2,0.5,13
10X237,"The Marie Curie High School for Medicine, Nursing, and Health Professions",10,4,2,1,334,46,135,-2,0.5,13
10X351,Bronx Collaborative High School,10,4,2,1,582,47,150,-2,0.5,13
10X374,Knowledge and Power Preparatory Academy International High School (Kappa),10,4,2,1,2279,431,120,179,0.5,13
10X434,Belmont Preparatory High School,10,4,2,1,1447,203,108,176,0.5,13
10X524,Crotona International High School,10,4,2,1,309,47,81,19,0.5,13
10X565,High School for Energy and Technology,10,4,2,1,503,51,120,-2,0.5,13
11X455,Harry S Truman High School,11,4,2,1,1891,390,913,-2,0.5,13
11X508,Bronxdale High School,11,4,2,1,1828,267,129,190,0.5,13
11X545,Bronx Aerospace High School,11,4,2,1,751,109,189,-2,0.5,13
12X242,Mott Hall V,12,4,2,1,1001,282,81,91,0.5,13
12X248,"Metropolitan High School, The",12,4,2,1,228,33,151,-2,0.5,13
12X521,The Metropolitan Soundview High School,12,4,2,1,453,67,120,74,0.5,13
12X684,Wings Academy,12,4,2,1,370,63,150,86,0.5,13
13K674,"City Polytechnic High School of Engineering, Architecture, and Technology",13,4,2,1,1239,274,108,160,0.5,13
13K963,Design Works High School,13,4,2,1,607,86,81,-2,0.5,13
14K071,Juan Morel Campos Secondary School,14,4,2,1,341,78,101,69,0.5,13
14K454,The Williamsburg High School of Art and Technology,14,4,2,1,893,129,116,120,0.5,13
14K474,PROGRESS High School for Professional Careers,14,4,2,1,506,81,153,-2,0.5,13
14K478,"The High School for Enterprise, Business and Technology",14,4,2,1,1197,144,249,130,0.5,13
15K462,John Jay School for Law,15,4,2,1,1012,184,125,-2,0.5,13
16K498,Brooklyn High School for Law and Technology,16,4,2,1,1730,296,151,-2,0.5,13
17K382,Academy for College Preparation and Career Exploration: A College Board School,17,4,2,1,837,124,108,-2,0.5,13
17K547,Brooklyn Academy of Science and the Environment,17,4,2,1,373,53,108,-2,0.5,13
17K745,Brooklyn Institute for Liberal Arts,17,4,2,1,761,109,175,158,0.5,13
18K629,Cultural Academy for the Arts and Sciences,18,4,2,1,567,70,116,80,0.5,13
18K633,High School for Medical Professions,18,4,2,1,666,99,108,116,0.5,13
18K637,Academy for Conservation and the Environment,18,4,2,1,727,92,170,217,0.5,13
18K642,Urban Action Academy,18,4,2,1,231,44,107,-2,0.5,13
19K510,World Academy for Total Community Health High School,19,4,2,1,417,29,98,-2,0.5,13
20K445,New Utrecht High School,20,4,2,1,4568,1443,630,730,0.5,13
21K540,John Dewey High School,21,4,2,1,2573,622,553,577,0.5,13
23K514,Frederick Douglass Academy VII High School,23,4,2,1,532,76,108,85,0.5,13
23K644,Eagle Academy for Young Men II,23,4,2,1,554,179,92,139,0.5,13
24Q296,Pan American International High School,24,4,2,1,508,166,108,28,0.5,13
24Q585,Maspeth High School,24,4,2,1,5045,1953,270,348,0.5,13
24Q610,Aviation Career & Technical Education High School,24,4,14,7,4123,1548,530,723,0.5,13
25Q425,John Bowne High School,25,4,2,1,3116,720,783,809,0.5,13
26Q315,Business Technology Early College High School,26,4,2,1,1032,289,180,272,0.5,13
26Q435,Martin Van Buren High School,26,4,2,1,1084,217,352,273,0.5,13
27Q260,Frederick Douglass Academy VI High School,27,4,2,1,482,71,121,-2,0.5,13
27Q400,August Martin High School,27,4,2,1,960,177,250,218,0.5,13
27Q650,"High School for Construction Trades, Engineering and Architecture",27,4,2,1,3028,1209,247,311,0.5,13
28Q284,York Early College Academy,28,4,2,1,1602,580,81,91,0.5,13
28Q620,Thomas A. Edison Career and Technical Education High School,28,4,2,1,6131,2355,473,583,0.5,13
28Q680,Queens Gateway to Health Sciences Secondary School,28,4,2,1,1238,384,108,147,0.5,13
29Q248,Queens Preparatory Academy,29,4,2,1,383,62,100,-2,0.5,13
32K554,All City Leadership Secondary School,32,4,4,2,911,247,62,62,0.5,13
03M479,Beacon High School,3,4,187,91,7891,4442,360,493,0.48663101604278075,77
07X223,The Laboratory School of Finance and Technology: X223,7,4,13,6,980,230,89,93,0.46153846153846156,78
02M411,Baruch College Campus High School,2,4,161,73,6773,2753,118,188,0.453416149068323,79
04M435,Manhattan Center for Science and Mathematics,4,4,379,169,5010,1993,440,709,0.44591029023746703,80
04M372,Esperanza Preparatory Academy,4,4,118,51,322,114,106,120,0.4322033898305085,81
02M545,High School for Dual Language and Asian Studies,2,4,7,3,769,299,108,150,0.42857142857142855,82
02M630,Art and Design High School,2,4,109,46,3594,1359,385,523,0.42201834862385323,83
02M600,The High School of Fashion Industries,2,4,78,32,2046,720,475,395,0.41025641025641024,84
02M416,Eleanor Roosevelt High School,2,4,272,104,7699,3749,136,224,0.38235294117647056,85
02M519,Talent Unlimited High School,2,4,63,24,1599,468,152,213,0.38095238095238093,86
03M541,Manhattan / Hunter Science High School,3,4,144,54,5406,2689,108,176,0.375,87
03M610,Young Women's Leadership School,3,4,86,32,370,113,81,-2,0.37209302325581395,88
07X548,Careers in Sports High School,7,4,27,10,1056,226,125,202,0.37037037037037035,89
02M418,Millennium High School,2,4,67,24,5541,2290,176,286,0.3582089552238806,90
01M539,"New Explorations into Science, Technology and Math High School",1,4,51,18,3743,2047,150,289,0.35294117647058826,91
05M362,Columbia Secondary School,5,4,203,68,4258,1769,112,175,0.33497536945812806,92
04M555,Central Park East High School,4,4,413,138,4762,1538,125,215,0.3341404358353511,93
02M394,Emma Lazarus High School,2,4,3,1,134,19,60,-1,0.3333333333333333,94
02M395,A School Without Walls,2,4,3,1,178,36,100,-2,0.3333333333333333,94
03M299,The Maxine Greene HS for Imaginative Inquiry,3,4,3,1,77,10,120,-2,0.3333333333333333,94
08X367,"Archimedes Academy for Math, Science and Technology Applications",8,4,3,1,427,75,100,-2,0.3333333333333333,94
08X405,Herbert H. Lehman High School,8,4,3,1,2078,405,528,479,0.3333333333333333,94
08X530,Longwood Preparatory Academy,8,4,3,1,649,115,120,143,0.3333333333333333,94
09X227,Bronx Collegiate Academy,9,4,3,1,1201,163,120,173,0.3333333333333333,94
09X329,DreamYard Preparatory School,9,4,3,1,522,57,108,64,0.3333333333333333,94
09X525,Bronx Leadership Academy High School,9,4,3,1,1027,107,105,123,0.3333333333333333,94
09X568,Young Women's Leadership School of the Bronx,9,4,3,1,449,109,90,127,0.3333333333333333,94
10X284,Bronx School of Law and Finance,10,4,3,1,558,58,130,-2,0.3333333333333333,94
10X353,World View High School,10,4,3,1,1343,263,150,195,0.3333333333333333,94
10X438,Fordham Leadership Academy,10,4,3,1,2416,416,108,155,0.3333333333333333,94
11X270,Academy for Scholarship and Entrepreneurship: A College Board School,11,4,3,1,775,148,120,-2,0.3333333333333333,94
11X275,High School of Computers and Technology,11,4,3,1,715,115,181,156,0.3333333333333333,94
11X288,Collegiate Institute for Math and Science,11,4,3,1,1764,317,133,200,0.3333333333333333,94
13K527,Urban Assembly Institute of Math and Science for Young Women,13,4,3,1,237,54,81,60,0.3333333333333333,94
13K595,Bedford Academy High School,13,4,3,1,2464,599,81,114,0.3333333333333333,94
15K519,Cobble Hill School of American Studies,15,4,3,1,481,62,278,-2,0.3333333333333333,94
17K408,Academy of Hospitality and Tourism,17,4,6,2,571,89,118,-2,0.3333333333333333,94
17K751,Academy for Health Careers,17,4,3,1,715,72,108,-2,0.3333333333333333,94
19K422,Spring Creek Community School,19,4,3,1,341,50,73,-2,0.3333333333333333,94
19K502,FDNY - Captain Vernon A. Richard High School for Fire and Life Safety,19,4,3,1,745,141,108,125,0.3333333333333333,94
19K615,Transit Tech Career and Technical Education High School,19,4,3,1,1168,225,315,-2,0.3333333333333333,94
22K425,James Madison High School,22,4,3,1,6968,2801,837,940,0.3333333333333333,94
22K535,Leon M. Goldstein High School for the Sciences,22,4,3,1,3985,2007,258,429,0.3333333333333333,94
28Q505,Hillcrest High School,28,4,3,1,2316,496,730,517,0.3333333333333333,94
29Q272,George Washington Carver High School for the Sciences,29,4,3,1,590,92,93,-2,0.3333333333333333,94
29Q327,Eagle Academy for Young Men III,29,4,3,1,324,112,120,-2,0.3333333333333333,94
30Q258,Energy Tech High School,30,4,3,1,1535,348,108,145,0.3333333333333333,94
30Q367,Motion Picture Tech High School,30,4,3,1,538,133,200,-2,0.3333333333333333,94
30Q580,Baccalaureate School for Global Education,30,4,6,2,1732,937,97,94,0.3333333333333333,94
31R064,Gaynor McCown Expeditionary Learning School,31,4,3,1,777,364,146,171,0.3333333333333333,94
32K403,Academy for Excellence in Leadership,32,4,3,1,653,76,108,-2,0.3333333333333333,94
02M260,The Clinton School,2,4,50,16,2837,1151,134,221,0.32,128
02M439,Manhattan Village Academy,2,4,112,35,3002,860,100,201,0.3125,129
02M507,Urban Assembly Gateway School for Technology,2,4,83,25,1299,278,108,146,0.30120481927710846,130
30Q501,Frank Sinatra School of the Arts High School,30,4,34,10,3557,1643,236,416,0.29411764705882354,131
02M438,International High School at Union Square,2,4,7,2,501,103,68,75,0.2857142857142857,132
24Q600,Queens Technical High School,24,4,7,2,3942,1196,350,423,0.2857142857142857,132
02M655,The High School for Climate Justice,2,4,109,31,298,60,152,105,0.28440366972477066,134
02M531,Repertory Company High School for Theatre Arts,2,4,11,3,365,100,60,68,0.2727272727272727,135
25Q525,Townsend Harris High School,25,4,11,3,6780,4957,290,374,0.2727272727272727,135
04M495,Park East High School,4,4,355,96,2653,739,100,166,0.2704225352112676,137
02M393,Business Of Sports School,2,4,57,15,1151,248,129,210,0.2631578947368421,138
02M449,Vanguard High School,2,4,96,24,701,134,110,158,0.25,139
07X221,South Bronx Preparatory: A College Board School,7,4,4,1,782,161,123,148,0.25,139
07X334,International Community High School,7,4,4,1,210,40,81,23,0.25,139
07X427,Community School for Social Justice,7,4,8,2,229,33,81,-2,0.25,139
09X505,"Bronx School for Law, Government and Justice",9,4,4,1,1132,259,120,154,0.25,139
12X267,Bronx Latin,12,4,4,1,841,149,81,113,0.25,139
12X511,Bronx Envision Academy,12,4,4,1,459,44,108,-2,0.25,139
13K265,Dr. Susan S. McKinney Secondary School of the Arts,13,4,4,1,362,54,82,-2,0.25,139
13K483,The Urban Assembly School for Law and Justice,13,4,4,1,593,105,115,-2,0.25,139
14K488,Brooklyn Preparatory High School,14,4,4,1,1061,174,153,-2,0.25,139
14K561,Williamsburg Preparatory School,14,4,4,1,1131,226,180,236,0.25,139
14K610,A-Tech High School,14,4,4,1,1273,264,224,243,0.25,139
17K548,Brooklyn School for Music & Theatre,17,4,4,1,522,74,108,-2,0.25,139
19K507,Performing Arts and Technology High School,19,4,4,1,1103,157,125,163,0.25,139
22K555,Brooklyn College Academy,22,4,4,1,2698,911,170,228,0.25,139
25Q460,Flushing High School,25,4,4,1,1592,289,419,419,0.25,139
28Q690,High School for Law Enforcement and Public Safety,28,4,4,1,396,91,165,109,0.25,139
02M288,Food and Finance High School,2,4,61,15,1225,264,150,211,0.2459016393442623,156
02M282,Urban Assembly Maker Academy,2,4,33,8,1074,175,150,216,0.24242424242424243,157
02M376,NYC iSchool,2,4,58,14,2459,931,118,158,0.2413793103448276,158
02M305,"Urban Assembly Academy of Government and Law, The",2,4,25,6,573,75,100,-2,0.24,159
02M414,N.Y.C. Museum School,2,4,59,14,3022,865,150,254,0.23728813559322035,160
02M135,The Urban Assembly Early College High School for Emergency Medicine,2,4,17,4,510,116,122,-2,0.23529411764705882,161
03M860,Frederick Douglass Academy II Secondary School,3,4,60,14,309,55,95,105,0.23333333333333334,162
02M420,High School for Health Professions and Human Services,2,4,79,18,2991,776,477,590,0.22784810126582278,163
22K405,Midwood High School,22,4,9,2,11658,5495,910,1323,0.2222222222222222,164
02M615,Chelsea Career and Technical Education High School,2,4,41,9,821,118,152,-2,0.21951219512195122,165
02M413,School of the Future High School,2,4,55,12,1741,485,108,152,0.21818181818181817,166
02M412,N.Y.C. Lab School for Collaborative Studies,2,4,51,11,3134,1067,109,161,0.21568627450980393,167
02M543,New Design High School,2,4,42,9,852,157,125,145,0.21428571428571427,168
03M492,"High School for Law, Advocacy and Community Justice",3,4,47,10,920,170,220,-2,0.2127659574468085,169
06M540,A. Philip Randolph Campus High School,6,4,95,20,2050,408,471,379,0.21052631578947367,170
01M450,East Side Community School,1,4,39,8,1142,328,95,117,0.20512820512820512,171
04M680,"Heritage School, The",4,4,178,36,482,60,80,-2,0.20224719101123595,172
13K419,"Science Skills Center High School for Science, Technology and the Creative Arts",13,4,5,1,909,111,258,143,0.2,173
17K537,High School for Youth and Community Development at Erasmus,17,4,5,1,488,82,140,-2,0.2,173
24Q560,"Robert F. Wagner, Jr. Secondary School for Arts and Technology",24,4,5,1,1368,247,120,161,0.2,173
32K168,The Brooklyn School for Math and Research,32,4,5,1,710,99,108,148,0.2,173
02M408,Professional Performing Arts High School,2,4,26,5,1255,378,128,180,0.19230769230769232,177
30Q301,Academy for Careers in Television and Film,30,4,21,4,1410,330,151,200,0.19047619047619047,178
03M291,West End Secondary School,3,4,44,8,1209,392,105,146,0.18181818181818182,179
02M580,Richard R. Green High School of Teaching,2,4,17,3,1291,154,160,-2,0.17647058823529413,180
02M374,Gramercy Arts High School,2,4,40,7,1038,129,204,78,0.175,181
03M417,Frank McCourt High School,3,4,82,14,1253,345,120,170,0.17073170731707318,182
01M515,Lower East Side Preparatory High School,1,4,6,1,317,89,75,-2,0.16666666666666666,183
02M542,Manhattan Bridges High School,2,4,6,1,904,224,172,95,0.16666666666666666,183
06M346,Community Health Academy of the Heights,6,4,6,1,586,143,75,93,0.16666666666666666,183
07X625,Bronx Legacy High School,7,4,6,1,690,97,90,-2,0.16666666666666666,183
09X413,Bronx High School for Medical Science,9,4,6,1,1104,178,90,170,0.16666666666666666,183
10X264,Bronx Academy for Software Engineering (BASE),10,4,6,1,1199,175,120,165,0.16666666666666666,183
24Q264,Academy of Finance and Enterprise,24,4,6,1,2163,546,124,151,0.16666666666666666,183
24Q485,Grover Cleveland High School,24,4,6,1,1552,359,420,437,0.16666666666666666,183
29Q498,"Health, Arts, Robotics, and Technology High School",29,4,6,1,1435,293,196,264,0.16666666666666666,183
30Q445,William Cullen Bryant High School,30,4,6,1,1681,297,435,349,0.16666666666666666,183
30Q575,Academy of American Studies,30,4,6,1,2727,819,170,224,0.16666666666666666,183
05M499,Frederick Douglass Academy,5,4,61,10,903,195,325,214,0.16393442622950818,194
03M403,The Global Learning Collaborative,3,4,50,8,754,90,108,-2,0.16,195
02M400,High School for Environmental Studies,2,4,71,11,2558,395,344,385,0.15492957746478872,196
02M551,Urban Assembly New York Harbor School,2,4,13,2,724,221,200,-2,0.15384615384615385,197
13K350,Urban Assembly School of Music and Art,13,4,13,2,494,52,108,-2,0.15384615384615385,197
30Q450,Long Island City High School,30,4,13,2,1827,403,790,432,0.15384615384615385,197
02M546,Academy for Software Engineering,2,4,66,10,1992,388,125,201,0.15151515151515152,200
02M459,Manhattan International High School,2,4,40,6,738,151,85,73,0.15,201
01M448,University Neighborhood High School,1,4,69,10,2248,447,125,185,0.14492753623188406,202
02M422,Quest to Learn,2,4,7,1,177,27,108,41,0.14285714285714285,203
07X500,Hostos-Lincoln Academy of Science,7,4,7,1,751,158,81,121,0.14285714285714285,203
11X249,Bronx Health Sciences High School,11,4,7,1,1270,225,200,261,0.14285714285714285,203
11X299,Astor Collegiate Academy,11,4,7,1,2199,342,120,189,0.14285714285714285,203
12X641,Bard High School Early College Bronx,12,4,7,1,1391,613,100,106,0.14285714285714285,203
02M298,Pace High School,2,4,50,7,1172,169,190,177,0.14,208
02M047,47 The American Sign Language and English Secondary School,2,4,15,2,318,55,69,-2,0.13333333333333333,209
02M139,Stephen T. Mather Building Arts & Craftsmanship High School,2,4,15,2,432,88,108,-2,0.13333333333333333,209
03M415,Wadleigh Secondary School for the Performing & Visual Arts,3,4,76,10,826,130,128,-2,0.13157894736842105,211
05M157,The Urban Assembly School for Global Commerce,5,4,54,7,207,26,81,-2,0.12962962962962962,212
02M296,High School of Hospitality Management,2,4,8,1,269,35,135,-2,0.125,213
02M520,Murry Bergtraum High School for Business Careers,2,4,8,1,222,38,240,-2,0.125,213
06M463,High School for Media and Communications,6,4,8,1,505,61,150,-2,0.125,213
10X437,Fordham High School for the Arts,10,4,8,1,1826,399,130,158,0.125,213
02M294,Essex Street Academy,2,4,57,7,2478,562,90,125,0.12280701754385964,217
03M494,High School of Arts and Technology,3,4,54,6,1037,132,140,-2,0.1111111111111111,218
13K605,George Westinghouse Career and Technical Education High School,13,4,9,1,1254,203,254,194,0.1111111111111111,218
02M407,Institute for Collaborative Education,2,4,19,2,836,263,61,73,0.10526315789473684,220
02M399,The High School For Language And Diplomacy,2,4,10,1,385,36,134,-2,0.1,221
09X260,Bronx Center for Science and Mathematics,9,4,10,1,2530,621,108,201,0.1,221
10X439,Bronx High School for Law and Community Service,10,4,10,1,1467,220,108,163,0.1,221
10X440,DeWitt Clinton High School,10,4,10,1,2901,586,385,492,0.1,221
15K656,Brooklyn High School of the Arts,15,4,10,1,2104,574,254,272,0.1,221
02M489,High School of Economics and Finance,2,4,51,5,1374,223,230,-2,0.09803921568627451,226
02M280,Manhattan Early College School for Advertising,2,4,21,2,572,88,112,-2,0.09523809523809523,227
07X259,"H.E.R.O. High (Health, Education, and Research Occupations High School)",7,4,11,1,862,174,250,182,0.09090909090909091,228
07X522,Bronx Design and Construction Academy,7,4,11,1,677,112,140,91,0.09090909090909091,228
02M300,"Urban Assembly School of Design and Construction, The",2,4,12,1,346,43,108,-2,0.08333333333333333,230
06M462,The College Academy,6,4,12,1,814,121,121,129,0.08333333333333333,230
01M292,Orchard Collegiate Academy,1,4,13,1,280,71,90,-2,0.07692307692307693,232
02M425,Leadership and Public Service High School,2,4,13,1,387,36,145,52,0.07692307692307693,232
06M467,High School for Law and Public Service,6,4,13,1,643,95,167,84,0.07692307692307693,232
03M859,Special Music School,3,4,14,1,482,165,50,64,0.07142857142857142,235
06M211,Inwood Early College for Health and Information Technologies,6,4,14,1,745,156,111,-2,0.07142857142857142,235
05M148,Eagle Academy for Young Men of Harlem,5,4,30,2,257,46,120,88,0.06666666666666667,237
02M427,Manhattan Academy For Arts & Language,2,4,16,1,389,72,108,49,0.0625,238
03M307,"Urban Assembly School for Media Studies, The",3,4,16,1,328,71,126,109,0.0625,238
07X600,Alfred E. Smith Career and Technical Education High School,7,4,16,1,1126,227,189,193,0.0625,238
07X670,Health Opportunities High School,7,4,16,1,477,47,75,-2,0.0625,238
02M303,"Facing History School, The",2,4,17,1,421,87,107,-2,0.058823529411764705,242
02M437,Hudson High School of Learning Technologies,2,4,17,1,353,48,119,-2,0.058823529411764705,242
06M468,High School for Health Careers and Sciences,6,4,17,1,822,121,268,-2,0.058823529411764705,242
02M316,"Urban Assembly School of Business for Young Women, the",2,4,20,1,165,17,120,-2,0.05,245
02M500,Unity Center for Urban Technologies,2,4,23,1,274,48,95,136,0.043478260869565216,246
03M402,The Urban Assembly School for Green Careers,3,4,23,1,494,39,120,45,0.043478260869565216,246
02M432,Murray Hill Academy,2,4,24,1,558,76,90,-2,0.041666666666666664,248
02M529,Jacqueline Kennedy Onassis High School,2,4,24,1,534,81,204,-2,0.041666666666666664,248
02M534,Harvest Collegiate High School,2,4,48,2,1116,115,116,-2,0.041666666666666664,248
05M304,Mott Hall High School,5,4,24,1,455,53,108,-2,0.041666666666666664,248
05M369,Urban Assembly School for the Performing Arts,5,4,24,1,372,52,108,-2,0.041666666666666664,248
07X495,University Heights Secondary School,7,4,24,1,2181,787,140,203,0.041666666666666664,248
02M308,Lower Manhattan Arts Academy,2,4,25,1,524,69,95,-2,0.04,254
05M670,Thurgood Marshall Academy for Learning and Social Change,5,4,25,1,340,71,108,-2,0.04,254
02M533,Union Square Academy for Health Sciences,2,4,28,1,834,154,163,143,0.03571428571428571,256
06M293,City College Academy of the Arts,6,4,30,1,1028,337,81,95,0.03333333333333333,257
02M605,Humanities Preparatory Academy,2,4,32,1,861,101,75,-2,0.03125,258
02M419,Landmark High School,2,4,35,1,457,37,100,-2,0.02857142857142857,259
02M392,Manhattan Business Academy,2,4,56,1,1321,191,161,-2,0.017857142857142856,260
01M458,Forsyth Satellite Academy,1,5,1,1,60,12,28,-2,1.0,284
02M586,Harvey Milk High School,2,5,1,1,40,3,45,-1,1.0,284
08X269,Bronx Studio School for Writers and Artists,8,5,1,1,481,130,90,113,1.0,284
08X349,Bronx River High School,8,5,1,1,1172,196,108,168,1.0,284
08X376,Antonia Pantoja Preparatory Academy: A College Board School,8,5,1,1,308,82,84,104,1.0,284
08X432,Bronx Bridges High School,8,5,1,1,454,83,81,70,1.0,284
08X452,Gotham Collaborative High School,8,5,1,1,343,51,120,-2,1.0,284
09X250,Eximius College Preparatory Academy: A College Board School,9,5,1,1,761,90,108,-2,1.0,284
09X297,Morris Academy for Collaborative Studies,9,5,1,1,568,80,123,-2,1.0,284
09X327,Comprehensive Model School Project M.S. 327,9,5,1,1,706,224,90,103,1.0,284
09X404,School for Excellence,9,5,1,1,134,13,116,-2,1.0,284
09X568,Young Women's Leadership School of the Bronx,9,5,1,1,449,109,90,127,1.0,284
10X141,Riverdale / Kingsbridge Academy (Middle School / High School 141),10,5,1,1,648,268,210,288,1.0,284
10X228,Jonas Bronck Academy,10,5,1,1,372,91,90,-2,1.0,284
10X243,West Bronx Academy for the Future,10,5,1,1,917,136,90,109,1.0,284
10X368,In-Tech Academy (M.S. / High School 368),10,5,1,1,707,244,160,205,1.0,284
10X433,High School for Teaching and the Professions,10,5,1,1,344,61,102,-2,1.0,284
10X477,Marble Hill High School for International Studies,10,5,1,1,810,158,108,139,1.0,284
10X549,Discovery High School,10,5,1,1,716,95,108,135,1.0,284
11X265,Bronx Lab School,11,5,1,1,381,47,123,-2,1.0,284
11X545,Bronx Aerospace High School,11,5,1,1,751,109,189,-2,1.0,284
12X242,Mott Hall V,12,5,1,1,1001,282,81,91,1.0,284
12X388,Pan American International High School at Monroe,12,5,1,1,310,71,108,43,1.0,284
12X446,Arturo A. Schomburg Satellite Academy Bronx,12,5,2,2,222,33,40,24,1.0,1
12X521,The Metropolitan Soundview High School,12,5,1,1,453,67,120,74,1.0,284
12X682,Fannie Lou Hamer Freedom High School,12,5,1,1,388,73,110,83,1.0,284
13K595,Bedford Academy High School,13,5,3,3,2464,599,81,114,1.0,1
14K558,Williamsburg High School for Architecture and Design,14,5,2,2,1223,253,155,212,1.0,1
14K586,Lyons Community School,14,5,1,1,174,32,81,-2,1.0,284
15K448,Brooklyn Collaborative Studies,15,5,1,1,693,99,90,110,1.0,284
15K462,John Jay School for Law,15,5,1,1,1012,184,125,-2,1.0,284
15K464,Park Slope Collegiate,15,5,1,1,613,115,102,130,1.0,284
15K497,The Boerum Hill School for International Studies,15,5,1,1,801,155,125,-2,1.0,284
15K667,Sunset Park High School,15,5,1,1,989,260,354,-2,1.0,284
16K688,The Brooklyn Academy of Global Finance,16,5,1,1,469,56,108,-2,1.0,284
17K122,Pathways in Technology Early College High School (P-Tech),17,5,1,1,712,114,150,-2,1.0,284
17K408,Academy of Hospitality and Tourism,17,5,1,1,571,89,118,-2,1.0,284
17K528,The High School for Global Citizenship,17,5,1,1,524,55,100,63,1.0,284
18K567,Brooklyn Theatre Arts High School,18,5,1,1,352,39,125,-2,1.0,284
18K633,High School for Medical Professions,18,5,1,1,666,99,108,116,1.0,284
20K505,Franklin Delano Roosevelt High School,20,5,1,1,3723,924,710,852,1.0,284
21K348,High School of Sports Management,21,5,1,1,386,75,176,-2,1.0,284
21K540,John Dewey High School,21,5,1,1,2573,622,553,577,1.0,284
24Q560,"Robert F. Wagner, Jr. Secondary School for Arts and Technology",24,5,1,1,1368,247,120,161,1.0,284
25Q241,Queens High School for Language Studies,25,5,2,2,371,90,125,76,1.0,1
26Q315,Business Technology Early College High School,26,5,1,1,1032,289,180,272,1.0,284
26Q435,Martin Van Buren High School,26,5,1,1,1084,217,352,273,1.0,284
27Q309,Academy of Medical Technology: A College Board School,27,5,1,1,626,120,105,109,1.0,284
27Q323,Scholars' Academy,27,5,1,1,1065,580,154,186,1.0,284
27Q475,Richmond Hill High School,27,5,2,2,1397,386,371,423,1.0,1
28Q284,York Early College Academy,28,5,1,1,1602,580,81,91,1.0,284
28Q440,Forest Hills High School,28,5,1,1,7184,2477,702,851,1.0,284
28Q505,Hillcrest High School,28,5,1,1,2316,496,730,517,1.0,284
30Q417,Gotham Tech High School,30,5,1,1,631,96,90,-2,1.0,284
30Q445,William Cullen Bryant High School,30,5,1,1,1681,297,435,349,1.0,284
32K168,The Brooklyn School for Math and Research,32,5,1,1,710,99,108,148,1.0,284
32K545,EBC High School for Public Service - Bushwick,32,5,1,1,467,75,126,-2,1.0,284
32K552,The Academy of Urban Planning and Engineering,32,5,1,1,737,128,113,-2,1.0,284
24Q299,Bard High School Early College Queens,24,5,20,14,3866,2227,125,166,0.7,6
08X348,Schuylerville Preparatory High School,8,5,3,2,286,30,108,-2,0.6666666666666666,7
13K605,George Westinghouse Career and Technical Education High School,13,5,3,2,1254,203,254,194,0.6666666666666666,7
23K644,Eagle Academy for Young Men II,23,5,3,2,554,179,92,139,0.6666666666666666,7
03M479,Beacon High School,3,5,256,151,7891,4442,360,493,0.58984375,10
01M696,Bard High School Early College,1,5,91,50,3946,2196,125,198,0.5494505494505495,11
12X641,Bard High School Early College Bronx,12,5,22,12,1391,613,100,106,0.5454545454545454,12
02M550,Liberty High School Academy for Newcomers,2,5,2,1,99,16,50,6,0.5,13
08X636,Virtual Innovators Academy,8,5,2,1,113,31,80,-2,0.5,13
09X263,Validus Preparatory Academy,9,5,2,1,264,33,90,-2,0.5,13
09X350,New Directions Secondary School,9,5,2,1,72,9,25,-2,0.5,13
09X517,Frederick Douglass Academy III Secondary School,9,5,2,1,404,35,108,-2,0.5,13
09X564,Claremont International HS,9,5,2,1,412,50,81,25,0.5,13
10X237,"The Marie Curie High School for Medicine, Nursing, and Health Professions",10,5,2,1,334,46,135,-2,0.5,13
10X264,Bronx Academy for Software Engineering (BASE),10,5,2,1,1199,175,120,165,0.5,13
10X353,World View High School,10,5,2,1,1343,263,150,195,0.5,13
11X275,High School of Computers and Technology,11,5,2,1,715,115,181,156,0.5,13
11X299,Astor Collegiate Academy,11,5,2,1,2199,342,120,189,0.5,13
11X509,High School of Language and Innovation,11,5,2,1,299,56,108,36,0.5,13
11X514,The Bronxwood Preparatory Academy,11,5,2,1,668,93,120,150,0.5,13
12X267,Bronx Latin,12,5,2,1,841,149,81,113,0.5,13
12X511,Bronx Envision Academy,12,5,2,1,459,44,108,-2,0.5,13
12X550,High School of World Cultures,12,5,2,1,380,49,108,36,0.5,13
12X684,Wings Academy,12,5,2,1,370,63,150,86,0.5,13
13K265,Dr. Susan S. McKinney Secondary School of the Arts,13,5,2,1,362,54,82,-2,0.5,13
13K527,Urban Assembly Institute of Math and Science for Young Women,13,5,2,1,237,54,81,60,0.5,13
13K670,Benjamin Banneker Academy,13,5,4,2,1912,451,225,318,0.5,13
14K477,East Williamsburg Scholars Academy,14,5,2,1,650,90,234,-2,0.5,13
14K488,Brooklyn Preparatory High School,14,5,2,1,1061,174,153,-2,0.5,13
14K561,Williamsburg Preparatory School,14,5,2,1,1131,226,180,236,0.5,13
15K684,Millennium Brooklyn HS,15,5,8,4,5385,2365,178,252,0.5,13
17K745,Brooklyn Institute for Liberal Arts,17,5,2,1,761,109,175,158,0.5,13
18K563,It Takes a Village Academy,18,5,2,1,353,23,135,-2,0.5,13
19K404,Academy for Young Writers,19,5,2,1,559,71,92,82,0.5,13
19K409,East New York Family Academy,19,5,2,1,416,159,125,147,0.5,13
19K615,Transit Tech Career and Technical Education High School,19,5,4,2,1168,225,315,-2,0.5,13
20K490,Fort Hamilton High School,20,5,2,1,4983,1995,883,903,0.5,13
21K468,Kingsborough Early College School,21,5,2,1,1229,429,110,122,0.5,13
21K620,William E. Grady Career and Technical Education High School,21,5,2,1,970,205,305,214,0.5,13
22K425,James Madison High School,22,5,2,1,6968,2801,837,940,0.5,13
22K535,Leon M. Goldstein High School for the Sciences,22,5,4,2,3985,2007,258,429,0.5,13
24Q600,Queens Technical High School,24,5,4,2,3942,1196,350,423,0.5,13
25Q281,East-West School of International Studies,25,5,2,1,766,290,89,113,0.5,13
25Q670,Robert F. Kennedy Community High School,25,5,2,1,1012,254,150,223,0.5,13
26Q495,Bayside High School,26,5,2,1,6914,2765,851,1041,0.5,13
26Q566,"Queens High School of Teaching, Liberal Arts and the Sciences",26,5,2,1,671,231,258,222,0.5,13
27Q400,August Martin High School,27,5,2,1,960,177,250,218,0.5,13
27Q650,"High School for Construction Trades, Engineering and Architecture",27,5,2,1,3028,1209,247,311,0.5,13
29Q243,Institute for Health Professions at Cambria Heights,29,5,2,1,416,79,108,132,0.5,13
29Q248,Queens Preparatory Academy,29,5,2,1,383,62,100,-2,0.5,13
29Q283,Preparatory Academy for Writers: A College Board School,29,5,2,1,177,47,90,69,0.5,13
29Q313,Benjamin Franklin High School for Finance & Information Technology,29,5,2,1,735,122,108,-2,0.5,13
29Q326,Cambria Heights Academy,29,5,2,1,581,113,81,103,0.5,13
29Q327,Eagle Academy for Young Men III,29,5,2,1,324,112,120,-2,0.5,13
30Q258,Energy Tech High School,30,5,2,1,1535,348,108,145,0.5,13
30Q450,Long Island City High School,30,5,2,1,1827,403,790,432,0.5,13
32K554,All City Leadership Secondary School,32,5,2,1,911,247,62,62,0.5,13
01M539,"New Explorations into Science, Technology and Math High School",1,5,69,33,3743,2047,150,289,0.4782608695652174,63
25Q525,Townsend Harris High School,25,5,13,6,6780,4957,290,374,0.46153846153846156,64
03M541,Manhattan / Hunter Science High School,3,5,187,84,5406,2689,108,176,0.44919786096256686,65
05M362,Columbia Secondary School,5,5,355,159,4258,1769,112,175,0.447887323943662,66
22K405,Midwood High School,22,5,9,4,11658,5495,910,1323,0.4444444444444444,67
02M416,Eleanor Roosevelt High School,2,5,201,87,7699,3749,136,224,0.43283582089552236,68
02M411,Baruch College Campus High School,2,5,162,68,6773,2753,118,188,0.41975308641975306,69
02M600,The High School of Fashion Industries,2,5,77,32,2046,720,475,395,0.4155844155844156,70
30Q501,Frank Sinatra School of the Arts High School,30,5,41,17,3557,1643,236,416,0.4146341463414634,71
02M519,Talent Unlimited High School,2,5,78,32,1599,468,152,213,0.41025641025641024,72
16K498,Brooklyn High School for Law and Technology,16,5,5,2,1730,296,151,-2,0.4,73
27Q480,John Adams High School,27,5,5,2,2490,480,636,644,0.4,73
29Q498,"Health, Arts, Robotics, and Technology High School",29,5,5,2,1435,293,196,264,0.4,73
02M418,Millennium High School,2,5,108,43,5541,2290,176,286,0.39814814814814814,76
04M435,Manhattan Center for Science and Mathematics,4,5,238,93,5010,1993,440,709,0.3907563025210084,77
02M630,Art and Design High School,2,5,106,41,3594,1359,385,523,0.3867924528301887,78
02M408,Professional Performing Arts High School,2,5,60,23,1255,378,128,180,0.38333333333333336,79
24Q610,Aviation Career & Technical Education High School,24,5,17,6,4123,1548,530,723,0.35294117647058826,80
07X259,"H.E.R.O. High (Health, Education, and Research Occupations High School)",7,5,20,7,862,174,250,182,0.35,81
02M531,Repertory Company High School for Theatre Arts,2,5,26,9,365,100,60,68,0.34615384615384615,82
02M260,The Clinton School,2,5,64,22,2837,1151,134,221,0.34375,83
05M499,Frederick Douglass Academy,5,5,211,72,903,195,325,214,0.3412322274881517,84
07X334,International Community High School,7,5,6,2,210,40,81,23,0.3333333333333333,85
09X365,Academy for Language and Technology,9,5,3,1,773,224,92,89,0.3333333333333333,85
10X284,Bronx School of Law and Finance,10,5,3,1,558,58,130,-2,0.3333333333333333,85
10X440,DeWitt Clinton High School,10,5,27,9,2901,586,385,492,0.3333333333333333,85
12X248,"Metropolitan High School, The",12,5,3,1,228,33,151,-2,0.3333333333333333,85
12X251,Explorations Academy H.S.,12,5,3,1,476,39,117,-2,0.3333333333333333,85
13K412,Brooklyn Community Arts & Media High School (BCAM),13,5,3,1,702,113,142,-2,0.3333333333333333,85
13K594,Gotham Professional Arts Academy,13,5,3,1,364,61,81,-2,0.3333333333333333,85
15K519,Cobble Hill School of American Studies,15,5,3,1,481,62,278,-2,0.3333333333333333,85
17K382,Academy for College Preparation and Career Exploration: A College Board School,17,5,3,1,837,124,108,-2,0.3333333333333333,85
17K590,Medgar Evers College Preparatory School,17,5,3,1,2078,676,220,237,0.3333333333333333,85
18K617,High School for Innovation in Advertising and Media,18,5,3,1,522,101,81,91,0.3333333333333333,85
18K629,Cultural Academy for the Arts and Sciences,18,5,3,1,567,70,116,80,0.3333333333333333,85
19K502,FDNY - Captain Vernon A. Richard High School for Fire and Life Safety,19,5,3,1,745,141,108,125,0.3333333333333333,85
19K618,Academy of Innovative Technology,19,5,3,1,1048,183,115,169,0.3333333333333333,85
19K660,W. H. Maxwell Career and Technical Education High School,19,5,3,1,991,185,305,164,0.3333333333333333,85
20K445,New Utrecht High School,20,5,3,1,4568,1443,630,730,0.3333333333333333,85
21K572,Leaders High School,21,5,3,1,462,119,110,141,0.3333333333333333,85
24Q267,High School of Applied Communication,24,5,3,1,557,75,145,-2,0.3333333333333333,85
24Q550,High School for Arts and Business,24,5,3,1,2257,552,191,255,0.3333333333333333,85
26Q430,Francis Lewis High School,26,5,3,1,8708,3905,913,1030,0.3333333333333333,85
28Q350,Jamaica Gateway to the Sciences,28,5,3,1,1005,210,150,184,0.3333333333333333,85
28Q620,Thomas A. Edison Career and Technical Education High School,28,5,3,1,6131,2355,473,583,0.3333333333333333,85
30Q286,"Young Women's Leadership School, Astoria",30,5,3,1,453,156,81,103,0.3333333333333333,85
31R455,Tottenville High School,31,5,3,1,3274,1627,1158,1357,0.3333333333333333,85
31R460,Susan E. Wagner High School,31,5,3,1,2611,968,660,631,0.3333333333333333,85
02M412,N.Y.C. Lab School for Collaborative Studies,2,5,68,21,3134,1067,109,161,0.3088235294117647,111
02M376,NYC iSchool,2,5,88,27,2459,931,118,158,0.3068181818181818,112
07X500,Hostos-Lincoln Academy of Science,7,5,23,7,751,158,81,121,0.30434782608695654,113
02M414,N.Y.C. Museum School,2,5,76,23,3022,865,150,254,0.3026315789473684,114
01M450,East Side Community School,1,5,30,9,1142,328,95,117,0.3,115
30Q301,Academy for Careers in Television and Film,30,5,10,3,1410,330,151,200,0.3,115
04M555,Central Park East High School,4,5,319,95,4762,1538,125,215,0.29780564263322884,117
03M291,West End Secondary School,3,5,68,20,1209,392,105,146,0.29411764705882354,118
07X495,University Heights Secondary School,7,5,48,14,2181,787,140,203,0.2916666666666667,119
02M139,Stephen T. Mather Building Arts & Craftsmanship High School,2,5,21,6,432,88,108,-2,0.2857142857142857,120
03M417,Frank McCourt High School,3,5,91,26,1253,345,120,170,0.2857142857142857,120
03M610,Young Women's Leadership School,3,5,56,16,370,113,81,-2,0.2857142857142857,120
06M552,Gregorio Luperon High School for Science and Mathematics,6,5,39,11,573,165,150,45,0.28205128205128205,123
02M294,Essex Street Academy,2,5,55,15,2478,562,90,125,0.2727272727272727,124
03M859,Special Music School,3,5,22,6,482,165,50,64,0.2727272727272727,124
04M495,Park East High School,4,5,200,53,2653,739,100,166,0.265,126
05M670,Thurgood Marshall Academy for Learning and Social Change,5,5,159,42,340,71,108,-2,0.2641509433962264,127
06M293,City College Academy of the Arts,6,5,79,20,1028,337,81,95,0.25316455696202533,128
02M394,Emma Lazarus High School,2,5,4,1,134,19,60,-1,0.25,129
02M438,International High School at Union Square,2,5,4,1,501,103,68,75,0.25,129
07X548,Careers in Sports High School,7,5,32,8,1056,226,125,202,0.25,129
08X530,Longwood Preparatory Academy,8,5,4,1,649,115,120,143,0.25,129
13K483,The Urban Assembly School for Law and Justice,13,5,4,1,593,105,115,-2,0.25,129
14K610,A-Tech High School,14,5,8,2,1273,264,224,243,0.25,129
15K429,Digital Arts and Cinema Technology High School,15,5,4,1,579,105,90,94,0.25,129
17K537,High School for Youth and Community Development at Erasmus,17,5,4,1,488,82,140,-2,0.25,129
17K548,Brooklyn School for Music & Theatre,17,5,4,1,522,74,108,-2,0.25,129
17K600,Clara Barton High School,17,5,4,1,1276,355,434,-2,0.25,129
20K609,Urban Assembly School for Leadership and Empowerment,20,5,4,1,278,74,100,132,0.25,129
23K493,Brooklyn Collegiate: A College Board School,23,5,4,1,727,113,120,-2,0.25,129
25Q285,World Journalism Preparatory: A College Board School,25,5,4,1,448,162,90,139,0.25,129
30Q367,Motion Picture Tech High School,30,5,4,1,538,133,200,-2,0.25,129
02M407,Institute for Collaborative Education,2,5,31,7,836,263,61,73,0.22580645161290322,143
02M439,Manhattan Village Academy,2,5,133,30,3002,860,100,201,0.22556390977443608,144
02M047,47 The American Sign Language and English Secondary School,2,5,9,2,318,55,69,-2,0.2222222222222222,145
02M420,High School for Health Professions and Human Services,2,5,72,16,2991,776,477,590,0.2222222222222222,145
02M545,High School for Dual Language and Asian Studies,2,5,9,2,769,299,108,150,0.2222222222222222,145
09X260,Bronx Center for Science and Mathematics,9,5,27,6,2530,621,108,201,0.2222222222222222,145
03M415,Wadleigh Secondary School for the Performing & Visual Arts,3,5,87,19,826,130,128,-2,0.21839080459770116,149
06M540,A. Philip Randolph Campus High School,6,5,286,62,2050,408,471,379,0.21678321678321677,150
02M507,Urban Assembly Gateway School for Technology,2,5,103,22,1299,278,108,146,0.21359223300970873,151
02M543,New Design High School,2,5,43,9,852,157,125,145,0.20930232558139536,152
10X442,"Celia Cruz Bronx High School of Music, The",10,5,5,1,561,165,140,114,0.2,153
21K525,Edward R. Murrow High School,21,5,5,1,6293,2283,933,1196,0.2,153
24Q530,International High School at LaGuardia Community College,24,5,5,1,1236,505,119,114,0.2,153
24Q585,Maspeth High School,24,5,5,1,5045,1953,270,348,0.2,153
29Q272,George Washington Carver High School for the Sciences,29,5,5,1,590,92,93,-2,0.2,153
32K549,The Brooklyn School for Social Justice,32,5,5,1,425,47,120,-2,0.2,153
02M546,Academy for Software Engineering,2,5,66,13,1992,388,125,201,0.19696969696969696,159
02M615,Chelsea Career and Technical Education High School,2,5,46,9,821,118,152,-2,0.1956521739130435,160
06M463,High School for Media and Communications,6,5,36,7,505,61,150,-2,0.19444444444444445,161
02M288,Food and Finance High School,2,5,74,14,1225,264,150,211,0.1891891891891892,162
03M860,Frederick Douglass Academy II Secondary School,3,5,74,13,309,55,95,105,0.17567567567567569,163
02M533,Union Square Academy for Health Sciences,2,5,35,6,834,154,163,143,0.17142857142857143,164
06M468,High School for Health Careers and Sciences,6,5,41,7,822,121,268,-2,0.17073170731707318,165
02M395,A School Without Walls,2,5,6,1,178,36,100,-2,0.16666666666666666,166
05M304,Mott Hall High School,5,5,120,20,455,53,108,-2,0.16666666666666666,166
08X293,Renaissance High School for Musical Theater and the Arts,8,5,6,1,660,115,110,-2,0.16666666666666666,166
08X312,Millennium Art Academy,8,5,6,1,625,136,112,117,0.16666666666666666,166
09X412,Bronx High School of Business,9,5,6,1,765,66,120,-2,0.16666666666666666,166
09X525,Bronx Leadership Academy High School,9,5,6,1,1027,107,105,123,0.16666666666666666,166
09X543,High School for Violin and Dance,9,5,6,1,149,19,108,-2,0.16666666666666666,166
10X546,Bronx Theatre High School,10,5,6,1,414,45,128,-2,0.16666666666666666,166
11X290,Bronx Academy of Health Careers,11,5,6,1,897,90,108,-2,0.16666666666666666,166
11X508,Bronxdale High School,11,5,6,1,1828,267,129,190,0.16666666666666666,166
12X479,Bronx Career and College Preparatory High School,12,5,6,1,321,28,81,-2,0.16666666666666666,166
17K751,Academy for Health Careers,17,5,6,1,715,72,108,-2,0.16666666666666666,166
24Q520,Middle College High School at LaGuardia Community College,24,5,6,1,1826,552,97,118,0.16666666666666666,166
30Q580,Baccalaureate School for Global Education,30,5,6,1,1732,937,97,94,0.16666666666666666,166
31R440,New Dorp High School,31,5,6,1,2806,1011,668,887,0.16666666666666666,166
32K556,Bushwick Leaders High School for Academic Excellence,32,5,6,1,768,125,120,-2,0.16666666666666666,166
02M413,School of the Future High School,2,5,55,9,1741,485,108,152,0.16363636363636364,182
02M374,Gramercy Arts High School,2,5,43,7,1038,129,204,78,0.16279069767441862,183
05M148,Eagle Academy for Young Men of Harlem,5,5,62,10,257,46,120,88,0.16129032258064516,184
06M346,Community Health Academy of the Heights,6,5,69,11,586,143,75,93,0.15942028985507245,185
02M393,Business Of Sports School,2,5,72,11,1151,248,129,210,0.1527777777777778,186
03M307,"Urban Assembly School for Media Studies, The",3,5,46,7,328,71,126,109,0.15217391304347827,187
06M462,The College Academy,6,5,48,7,814,121,121,129,0.14583333333333334,188
03M494,High School of Arts and Technology,3,5,104,15,1037,132,140,-2,0.14423076923076922,189
02M313,"James Baldwin School, The: A School for Expeditionary Learning",2,5,7,1,71,14,25,-2,0.14285714285714285,190
02M316,"Urban Assembly School of Business for Young Women, the",2,5,7,1,165,17,120,-2,0.14285714285714285,190
02M520,Murry Bergtraum High School for Business Careers,2,5,7,1,222,38,240,-2,0.14285714285714285,190
09X231,Eagle Academy for Young Men,9,5,7,1,455,163,80,130,0.14285714285714285,190
09X241,"Urban Assembly School for Applied Math and Science, The",9,5,7,1,561,117,90,99,0.14285714285714285,190
10X213,Bronx Engineering and Technology Academy,10,5,7,1,754,115,142,-2,0.14285714285714285,190
10X434,Belmont Preparatory High School,10,5,7,1,1447,203,108,176,0.14285714285714285,190
11X270,Academy for Scholarship and Entrepreneurship: A College Board School,11,5,7,1,775,148,120,-2,0.14285714285714285,190
11X542,Pelham Preparatory Academy,11,5,7,1,2331,448,130,211,0.14285714285714285,190
13K419,"Science Skills Center High School for Science, Technology and the Creative Arts",13,5,7,1,909,111,258,143,0.14285714285714285,190
13K674,"City Polytechnic High School of Engineering, Architecture, and Technology",13,5,7,1,1239,274,108,160,0.14285714285714285,190
14K478,"The High School for Enterprise, Business and Technology",14,5,7,1,1197,144,249,130,0.14285714285714285,190
19K507,Performing Arts and Technology High School,19,5,7,1,1103,157,125,163,0.14285714285714285,190
23K514,Frederick Douglass Academy VII High School,23,5,7,1,532,76,108,85,0.14285714285714285,190
24Q264,Academy of Finance and Enterprise,24,5,7,1,2163,546,124,151,0.14285714285714285,190
30Q575,Academy of American Studies,30,5,7,1,2727,819,170,224,0.14285714285714285,190
05M369,Urban Assembly School for the Performing Arts,5,5,71,10,372,52,108,-2,0.14084507042253522,206
02M534,Harvest Collegiate High School,2,5,58,8,1116,115,116,-2,0.13793103448275862,207
02M580,Richard R. Green High School of Teaching,2,5,22,3,1291,154,160,-2,0.13636363636363635,208
01M292,Orchard Collegiate Academy,1,5,8,1,280,71,90,-2,0.125,209
03M299,The Maxine Greene HS for Imaginative Inquiry,3,5,8,1,77,10,120,-2,0.125,209
07X551,The Urban Assembly Bronx Academy of Letters,7,5,8,1,309,45,108,58,0.125,209
08X367,"Archimedes Academy for Math, Science and Technology Applications",8,5,8,1,427,75,100,-2,0.125,209
09X324,Bronx Early College Academy for Teaching & Learning,9,5,8,1,549,93,81,133,0.125,209
10X439,Bronx High School for Law and Community Service,10,5,8,1,1467,220,108,163,0.125,209
12X478,The Cinema School,12,5,8,1,618,139,81,117,0.125,209
25Q425,John Bowne High School,25,5,8,1,3116,720,783,809,0.125,209
05M157,The Urban Assembly School for Global Commerce,5,5,57,7,207,26,81,-2,0.12280701754385964,217
02M605,Humanities Preparatory Academy,2,5,25,3,861,101,75,-2,0.12,218
03M402,The Urban Assembly School for Green Careers,3,5,52,6,494,39,120,45,0.11538461538461539,219
02M282,Urban Assembly Maker Academy,2,5,36,4,1074,175,150,216,0.1111111111111111,220
03M403,The Global Learning Collaborative,3,5,81,9,754,90,108,-2,0.1111111111111111,220
07X473,Mott Haven Village Preparatory High School,7,5,9,1,460,62,81,-2,0.1111111111111111,220
13K350,Urban Assembly School of Music and Art,13,5,9,1,494,52,108,-2,0.1111111111111111,220
02M392,Manhattan Business Academy,2,5,76,8,1321,191,161,-2,0.10526315789473684,224
02M400,High School for Environmental Studies,2,5,76,8,2558,395,344,385,0.10526315789473684,224
01M515,Lower East Side Preparatory High School,1,5,10,1,317,89,75,-2,0.1,226
07X221,South Bronx Preparatory: A College Board School,7,5,10,1,782,161,123,148,0.1,226
08X405,Herbert H. Lehman High School,8,5,10,1,2078,405,528,479,0.1,226
09X227,Bronx Collegiate Academy,9,5,10,1,1201,163,120,173,0.1,226
09X329,DreamYard Preparatory School,9,5,10,1,522,57,108,64,0.1,226
10X438,Fordham Leadership Academy,10,5,10,1,2416,416,108,155,0.1,226
11X249,Bronx Health Sciences High School,11,5,10,1,1270,225,200,261,0.1,226
11X418,Bronx High School for the Visual Arts,11,5,10,1,951,168,102,136,0.1,226
27Q260,Frederick Douglass Academy VI High School,27,5,10,1,482,71,121,-2,0.1,226
29Q492,"Mathematics, Science Research and Technology Magnet High School",29,5,10,1,782,146,150,-2,0.1,226
07X427,Community School for Social Justice,7,5,21,2,229,33,81,-2,0.09523809523809523,236
02M280,Manhattan Early College School for Advertising,2,5,22,2,572,88,112,-2,0.09090909090909091,237
10X374,Knowledge and Power Preparatory Academy International High School (Kappa),10,5,11,1,2279,431,120,179,0.09090909090909091,237
15K656,Brooklyn High School of the Arts,15,5,11,1,2104,574,254,272,0.09090909090909091,237
02M399,The High School For Language And Diplomacy,2,5,12,1,385,36,134,-2,0.08333333333333333,240
02M500,Unity Center for Urban Technologies,2,5,24,2,274,48,95,136,0.08333333333333333,240
11X544,High School for Contemporary Arts,11,5,12,1,607,55,240,-2,0.08333333333333333,240
02M308,Lower Manhattan Arts Academy,2,5,25,2,524,69,95,-2,0.08,243
07X625,Bronx Legacy High School,7,5,13,1,690,97,90,-2,0.07692307692307693,244
09X252,Mott Hall Bronx High School,9,5,13,1,1138,141,90,130,0.07692307692307693,244
09X413,Bronx High School for Medical Science,9,5,13,1,1104,178,90,170,0.07692307692307693,244
11X288,Collegiate Institute for Math and Science,11,5,13,1,1764,317,133,200,0.07692307692307693,244
02M296,High School of Hospitality Management,2,5,14,1,269,35,135,-2,0.07142857142857142,248
02M427,Manhattan Academy For Arts & Language,2,5,14,1,389,72,108,49,0.07142857142857142,248
03M492,"High School for Law, Advocacy and Community Justice",3,5,43,3,920,170,220,-2,0.06976744186046512,250
10X225,Theatre Arts Production Company School,10,5,15,1,633,88,170,-2,0.06666666666666667,251
02M459,Manhattan International High School,2,5,16,1,738,151,85,73,0.0625,252
07X522,Bronx Design and Construction Academy,7,5,16,1,677,112,140,91,0.0625,252
09X505,"Bronx School for Law, Government and Justice",9,5,16,1,1132,259,120,154,0.0625,252
11X455,Harry S Truman High School,11,5,16,1,1891,390,913,-2,0.0625,252
02M305,"Urban Assembly Academy of Government and Law, The",2,5,17,1,573,75,100,-2,0.058823529411764705,256
02M422,Quest to Learn,2,5,17,1,177,27,108,41,0.058823529411764705,256
07X223,The Laboratory School of Finance and Technology: X223,7,5,17,1,980,230,89,93,0.058823529411764705,256
31R080,The Michael J. Petrides School,31,5,85,5,724,274,128,188,0.058823529411764705,256
02M489,High School of Economics and Finance,2,5,52,3,1374,223,230,-2,0.057692307692307696,260
02M419,Landmark High School,2,5,19,1,457,37,100,-2,0.05263157894736842,261
02M551,Urban Assembly New York Harbor School,2,5,19,1,724,221,200,-2,0.05263157894736842,261
02M300,"Urban Assembly School of Design and Construction, The",2,5,20,1,346,43,108,-2,0.05,263
02M655,The High School for Climate Justice,2,5,20,1,298,60,152,105,0.05,263
02M135,The Urban Assembly Early College High School for Emergency Medicine,2,5,22,1,510,116,122,-2,0.045454545454545456,265
02M432,Murray Hill Academy,2,5,23,1,558,76,90,-2,0.043478260869565216,266
02M425,Leadership and Public Service High School,2,5,24,1,387,36,145,52,0.041666666666666664,267
06M348,Washington Heights Expeditionary Learning School,6,5,24,1,689,175,100,115,0.041666666666666664,267
07X527,Bronx Leadership Academy II High School,7,5,24,1,911,103,131,-2,0.041666666666666664,267
10X437,Fordham High School for the Arts,10,5,24,1,1826,399,130,158,0.041666666666666664,267
07X600,Alfred E. Smith Career and Technical Education High School,7,5,25,1,1126,227,189,193,0.04,271
02M298,Pace High School,2,5,52,2,1172,169,190,177,0.038461538461538464,272
04M372,Esperanza Preparatory Academy,4,5,28,1,322,114,106,120,0.03571428571428571,273
07X670,Health Opportunities High School,7,5,29,1,477,47,75,-2,0.034482758620689655,274
02M542,Manhattan Bridges High School,2,5,30,1,904,224,172,95,0.03333333333333333,275
02M303,"Facing History School, The",2,5,32,1,421,87,107,-2,0.03125,276
02M529,Jacqueline Kennedy Onassis High School,2,5,35,1,534,81,204,-2,0.02857142857142857,277
01M448,University Neighborhood High School,1,5,36,1,2248,447,125,185,0.027777777777777776,278
06M211,Inwood Early College for Health and Information Technologies,6,5,36,1,745,156,111,-2,0.027777777777777776,278
02M437,Hudson High School of Learning Technologies,2,5,37,1,353,48,119,-2,0.02702702702702703,280
02M449,Vanguard High School,2,5,37,1,701,134,110,158,0.02702702702702703,280
06M467,High School for Law and Public Service,6,5,39,1,643,95,167,84,0.02564102564102564,282
04M680,"Heritage School, The",4,5,57,1,482,60,80,-2,0.017543859649122806,283
01M458,Forsyth Satellite Academy,1,6,1,1,60,12,28,-2,1.0,261
02M395,A School Without Walls,2,6,2,2,178,36,100,-2,1.0,1
02M586,Harvey Milk High School,2,6,1,1,40,3,45,-1,1.0,261
07X427,Community School for Social Justice,7,6,1,1,229,33,81,-2,1.0,261
07X500,Hostos-Lincoln Academy of Science,7,6,1,1,751,158,81,121,1.0,261
07X625,Bronx Legacy High School,7,6,1,1,690,97,90,-2,1.0,261
08X269,Bronx Studio School for Writers and Artists,8,6,1,1,481,130,90,113,1.0,261
08X320,Pelham Lab High School,8,6,1,1,514,49,108,-2,1.0,261
08X349,Bronx River High School,8,6,1,1,1172,196,108,168,1.0,261
08X376,Antonia Pantoja Preparatory Academy: A College Board School,8,6,1,1,308,82,84,104,1.0,261
08X432,Bronx Bridges High School,8,6,1,1,454,83,81,70,1.0,261
08X452,Gotham Collaborative High School,8,6,1,1,343,51,120,-2,1.0,261
08X530,Longwood Preparatory Academy,8,6,1,1,649,115,120,143,1.0,261
08X558,Westchester Square Academy,8,6,1,1,788,106,135,114,1.0,261
08X636,Virtual Innovators Academy,8,6,1,1,113,31,80,-2,1.0,261
09X241,"Urban Assembly School for Applied Math and Science, The",9,6,1,1,561,117,90,99,1.0,261
09X250,Eximius College Preparatory Academy: A College Board School,9,6,1,1,761,90,108,-2,1.0,261
09X404,School for Excellence,9,6,1,1,134,13,116,-2,1.0,261
10X141,Riverdale / Kingsbridge Academy (Middle School / High School 141),10,6,1,1,648,268,210,288,1.0,261
10X228,Jonas Bronck Academy,10,6,1,1,372,91,90,-2,1.0,261
10X268,Kingsbridge International High School,10,6,1,1,206,15,108,6,1.0,261
10X342,International School for Liberal Arts,10,6,1,1,219,81,100,-2,1.0,261
10X433,High School for Teaching and the Professions,10,6,1,1,344,61,102,-2,1.0,261
11X513,New World High School,11,6,1,1,625,129,108,69,1.0,261
11X542,Pelham Preparatory Academy,11,6,1,1,2331,448,130,211,1.0,261
12X242,Mott Hall V,12,6,1,1,1001,282,81,91,1.0,261
12X271,East Bronx Academy for the Future,12,6,1,1,464,97,90,79,1.0,261
12X446,Arturo A. Schomburg Satellite Academy Bronx,12,6,1,1,222,33,40,24,1.0,261
12X521,The Metropolitan Soundview High School,12,6,1,1,453,67,120,74,1.0,261
12X684,Wings Academy,12,6,1,1,370,63,150,86,1.0,261
13K483,The Urban Assembly School for Law and Justice,13,6,2,2,593,105,115,-2,1.0,1
13K594,Gotham Professional Arts Academy,13,6,1,1,364,61,81,-2,1.0,261
13K674,"City Polytechnic High School of Engineering, Architecture, and Technology",13,6,2,2,1239,274,108,160,1.0,1
14K558,Williamsburg High School for Architecture and Design,14,6,3,3,1223,253,155,212,1.0,1
15K448,Brooklyn Collaborative Studies,15,6,1,1,693,99,90,110,1.0,261
15K462,John Jay School for Law,15,6,1,1,1012,184,125,-2,1.0,261
15K684,Millennium Brooklyn HS,15,6,1,1,5385,2365,178,252,1.0,261
16K498,Brooklyn High School for Law and Technology,16,6,1,1,1730,296,151,-2,1.0,261
17K543,"Science, Technology and Research Early College High School at Erasmus",17,6,1,1,790,197,130,145,1.0,261
18K617,High School for Innovation in Advertising and Media,18,6,1,1,522,101,81,91,1.0,261
22K405,Midwood High School,22,6,4,4,11658,5495,910,1323,1.0,1
23K493,Brooklyn Collegiate: A College Board School,23,6,1,1,727,113,120,-2,1.0,261
23K697,Teachers Preparatory High School,23,6,1,1,187,35,90,-2,1.0,261
24Q236,International High School for Health Sciences,24,6,1,1,485,112,81,68,1.0,261
24Q560,"Robert F. Wagner, Jr. Secondary School for Arts and Technology",24,6,1,1,1368,247,120,161,1.0,261
25Q460,Flushing High School,25,6,1,1,1592,289,419,419,1.0,261
26Q415,Benjamin N. Cardozo High School,26,6,1,1,4527,1666,684,926,1.0,261
26Q430,Francis Lewis High School,26,6,1,1,8708,3905,913,1030,1.0,261
27Q309,Academy of Medical Technology: A College Board School,27,6,1,1,626,120,105,109,1.0,261
28Q167,Metropolitan Expeditionary Learning School,28,6,1,1,1254,467,125,141,1.0,261
28Q284,York Early College Academy,28,6,1,1,1602,580,81,91,1.0,261
28Q328,High School for Community Leadership,28,6,1,1,671,160,150,231,1.0,261
28Q896,"Young Women's Leadership School, Queens",28,6,1,1,350,99,81,119,1.0,261
29Q272,George Washington Carver High School for the Sciences,29,6,1,1,590,92,93,-2,1.0,261
29Q492,"Mathematics, Science Research and Technology Magnet High School",29,6,2,2,782,146,150,-2,1.0,1
31R047,CSI High School for International Studies,31,6,1,1,1755,879,127,182,1.0,261
31R455,Tottenville High School,31,6,1,1,3274,1627,1158,1357,1.0,261
32K552,The Academy of Urban Planning and Engineering,32,6,1,1,737,128,113,-2,1.0,261
02M520,Murry Bergtraum High School for Business Careers,2,6,3,2,222,38,240,-2,0.6666666666666666,7
14K478,"The High School for Enterprise, Business and Technology",14,6,3,2,1197,144,249,130,0.6666666666666666,7
17K590,Medgar Evers College Preparatory School,17,6,3,2,2078,676,220,237,0.6666666666666666,7
19K502,FDNY - Captain Vernon A. Richard High School for Fire and Life Safety,19,6,3,2,745,141,108,125,0.6666666666666666,7
03M479,Beacon High School,3,6,413,259,7891,4442,360,493,0.6271186440677966,11
25Q525,Townsend Harris High School,25,6,18,11,6780,4957,290,374,0.6111111111111112,12
01M696,Bard High School Early College,1,6,113,65,3946,2196,125,198,0.5752212389380531,13
30Q580,Baccalaureate School for Global Education,30,6,11,6,1732,937,97,94,0.5454545454545454,14
24Q299,Bard High School Early College Queens,24,6,24,13,3866,2227,125,166,0.5416666666666666,15
03M541,Manhattan / Hunter Science High School,3,6,307,163,5406,2689,108,176,0.5309446254071661,16
01M515,Lower East Side Preparatory High School,1,6,2,1,317,89,75,-2,0.5,17
02M394,Emma Lazarus High School,2,6,2,1,134,19,60,-1,0.5,17
07X221,South Bronx Preparatory: A College Board School,7,6,2,1,782,161,123,148,0.5,17
07X334,International Community High School,7,6,2,1,210,40,81,23,0.5,17
07X473,Mott Haven Village Preparatory High School,7,6,2,1,460,62,81,-2,0.5,17
07X522,Bronx Design and Construction Academy,7,6,2,1,677,112,140,91,0.5,17
08X293,Renaissance High School for Musical Theater and the Arts,8,6,2,1,660,115,110,-2,0.5,17
08X312,Millennium Art Academy,8,6,2,1,625,136,112,117,0.5,17
08X367,"Archimedes Academy for Math, Science and Technology Applications",8,6,2,1,427,75,100,-2,0.5,17
09X263,Validus Preparatory Academy,9,6,2,1,264,33,90,-2,0.5,17
09X297,Morris Academy for Collaborative Studies,9,6,2,1,568,80,123,-2,0.5,17
09X350,New Directions Secondary School,9,6,2,1,72,9,25,-2,0.5,17
10X243,West Bronx Academy for the Future,10,6,2,1,917,136,90,109,0.5,17
10X351,Bronx Collaborative High School,10,6,2,1,582,47,150,-2,0.5,17
10X524,Crotona International High School,10,6,2,1,309,47,81,19,0.5,17
11X288,Collegiate Institute for Math and Science,11,6,2,1,1764,317,133,200,0.5,17
11X509,High School of Language and Innovation,11,6,2,1,299,56,108,36,0.5,17
11X545,Bronx Aerospace High School,11,6,2,1,751,109,189,-2,0.5,17
12X251,Explorations Academy H.S.,12,6,2,1,476,39,117,-2,0.5,17
12X267,Bronx Latin,12,6,2,1,841,149,81,113,0.5,17
12X511,Bronx Envision Academy,12,6,2,1,459,44,108,-2,0.5,17
13K439,Brooklyn International High School,13,6,2,1,409,71,81,53,0.5,17
13K963,Design Works High School,13,6,2,1,607,86,81,-2,0.5,17
14K614,Young Women's Leadership School of Brooklyn,14,6,2,1,251,47,93,59,0.5,17
16K765,Nelson Mandela High School,16,6,2,1,250,25,114,-2,0.5,17
17K537,High School for Youth and Community Development at Erasmus,17,6,2,1,488,82,140,-2,0.5,17
17K600,Clara Barton High School,17,6,2,1,1276,355,434,-2,0.5,17
18K629,Cultural Academy for the Arts and Sciences,18,6,2,1,567,70,116,80,0.5,17
18K633,High School for Medical Professions,18,6,2,1,666,99,108,116,0.5,17
19K404,Academy for Young Writers,19,6,2,1,559,71,92,82,0.5,17
19K583,Multicultural High School,19,6,2,1,320,88,111,64,0.5,17
19K660,W. H. Maxwell Career and Technical Education High School,19,6,2,1,991,185,305,164,0.5,17
20K490,Fort Hamilton High School,20,6,2,1,4983,1995,883,903,0.5,17
24Q520,Middle College High School at LaGuardia Community College,24,6,2,1,1826,552,97,118,0.5,17
24Q550,High School for Arts and Business,24,6,2,1,2257,552,191,255,0.5,17
24Q600,Queens Technical High School,24,6,4,2,3942,1196,350,423,0.5,17
26Q435,Martin Van Buren High School,26,6,2,1,1084,217,352,273,0.5,17
26Q495,Bayside High School,26,6,2,1,6914,2765,851,1041,0.5,17
27Q308,Robert H. Goddard High School of Communication Arts and Technology,27,6,2,1,1222,468,140,181,0.5,17
28Q310,Queens Collegiate: A College Board School,28,6,2,1,453,67,115,77,0.5,17
28Q440,Forest Hills High School,28,6,2,1,7184,2477,702,851,0.5,17
28Q505,Hillcrest High School,28,6,2,1,2316,496,730,517,0.5,17
28Q620,Thomas A. Edison Career and Technical Education High School,28,6,2,1,6131,2355,473,583,0.5,17
29Q498,"Health, Arts, Robotics, and Technology High School",29,6,2,1,1435,293,196,264,0.5,17
32K556,Bushwick Leaders High School for Academic Excellence,32,6,2,1,768,125,120,-2,0.5,17
05M362,Columbia Secondary School,5,6,475,233,4258,1769,112,175,0.4905263157894737,62
01M539,"New Explorations into Science, Technology and Math High School",1,6,89,43,3743,2047,150,289,0.48314606741573035,63
02M600,The High School of Fashion Industries,2,6,104,49,2046,720,475,395,0.47115384615384615,64
06M293,City College Academy of the Arts,6,6,477,215,1028,337,81,95,0.45073375262054505,65
24Q610,Aviation Career & Technical Education High School,24,6,9,4,4123,1548,530,723,0.4444444444444444,66
12X641,Bard High School Early College Bronx,12,6,28,12,1391,613,100,106,0.42857142857142855,67
02M416,Eleanor Roosevelt High School,2,6,318,132,7699,3749,136,224,0.41509433962264153,68
02M545,High School for Dual Language and Asian Studies,2,6,10,4,769,299,108,150,0.4,69
02M630,Art and Design High School,2,6,118,47,3594,1359,385,523,0.3983050847457627,70
02M519,Talent Unlimited High School,2,6,93,36,1599,468,152,213,0.3870967741935484,71
02M411,Baruch College Campus High School,2,6,241,89,6773,2753,118,188,0.36929460580912865,72
06M552,Gregorio Luperon High School for Science and Mathematics,6,6,217,79,573,165,150,45,0.3640552995391705,73
02M376,NYC iSchool,2,6,151,54,2459,931,118,158,0.3576158940397351,74
10X477,Marble Hill High School for International Studies,10,6,54,19,810,158,108,139,0.35185185185185186,75
07X259,"H.E.R.O. High (Health, Education, and Research Occupations High School)",7,6,3,1,862,174,250,182,0.3333333333333333,76
07X551,The Urban Assembly Bronx Academy of Letters,7,6,3,1,309,45,108,58,0.3333333333333333,76
09X403,Bronx International High School,9,6,3,1,537,54,135,12,0.3333333333333333,76
11X514,The Bronxwood Preparatory Academy,11,6,3,1,668,93,120,150,0.3333333333333333,76
11X544,High School for Contemporary Arts,11,6,3,1,607,55,240,-2,0.3333333333333333,76
12X478,The Cinema School,12,6,3,1,618,139,81,117,0.3333333333333333,76
12X550,High School of World Cultures,12,6,3,1,380,49,108,36,0.3333333333333333,76
15K429,Digital Arts and Cinema Technology High School,15,6,3,1,579,105,90,94,0.3333333333333333,76
16K688,The Brooklyn Academy of Global Finance,16,6,3,1,469,56,108,-2,0.3333333333333333,76
17K524,International High School at Prospect Heights,17,6,3,1,338,61,108,45,0.3333333333333333,76
17K548,Brooklyn School for Music & Theatre,17,6,3,1,522,74,108,-2,0.3333333333333333,76
18K637,Academy for Conservation and the Environment,18,6,3,1,727,92,170,217,0.3333333333333333,76
19K507,Performing Arts and Technology High School,19,6,3,1,1103,157,125,163,0.3333333333333333,76
21K337,International High School at Lafayette,21,6,3,1,327,76,90,35,0.3333333333333333,76
21K525,Edward R. Murrow High School,21,6,3,1,6293,2283,933,1196,0.3333333333333333,76
22K535,Leon M. Goldstein High School for the Sciences,22,6,3,1,3985,2007,258,429,0.3333333333333333,76
23K514,Frederick Douglass Academy VII High School,23,6,3,1,532,76,108,85,0.3333333333333333,76
24Q264,Academy of Finance and Enterprise,24,6,6,2,2163,546,124,151,0.3333333333333333,76
24Q530,International High School at LaGuardia Community College,24,6,3,1,1236,505,119,114,0.3333333333333333,76
24Q585,Maspeth High School,24,6,3,1,5045,1953,270,348,0.3333333333333333,76
25Q425,John Bowne High School,25,6,3,1,3116,720,783,809,0.3333333333333333,76
25Q670,Robert F. Kennedy Community High School,25,6,3,1,1012,254,150,223,0.3333333333333333,76
27Q260,Frederick Douglass Academy VI High School,27,6,3,1,482,71,121,-2,0.3333333333333333,76
27Q400,August Martin High School,27,6,3,1,960,177,250,218,0.3333333333333333,76
30Q367,Motion Picture Tech High School,30,6,3,1,538,133,200,-2,0.3333333333333333,76
30Q445,William Cullen Bryant High School,30,6,3,1,1681,297,435,349,0.3333333333333333,76
30Q575,Academy of American Studies,30,6,6,2,2727,819,170,224,0.3333333333333333,76
04M555,Central Park East High School,4,6,360,119,4762,1538,125,215,0.33055555555555555,103
06M346,Community Health Academy of the Heights,6,6,318,105,586,143,75,93,0.330188679245283,104
30Q501,Frank Sinatra School of the Arts High School,30,6,61,20,3557,1643,236,416,0.32786885245901637,105
02M439,Manhattan Village Academy,2,6,247,80,3002,860,100,201,0.32388663967611336,106
06M211,Inwood Early College for Health and Information Technologies,6,6,311,100,745,156,111,-2,0.3215434083601286,107
02M418,Millennium High School,2,6,162,51,5541,2290,176,286,0.3148148148148148,108
06M348,Washington Heights Expeditionary Learning School,6,6,349,107,689,175,100,115,0.30659025787965616,109
02M420,High School for Health Professions and Human Services,2,6,115,35,2991,776,477,590,0.30434782608695654,110
03M492,"High School for Law, Advocacy and Community Justice",3,6,76,23,920,170,220,-2,0.3026315789473684,111
02M412,N.Y.C. Lab School for Collaborative Studies,2,6,158,47,3134,1067,109,161,0.2974683544303797,112
04M435,Manhattan Center for Science and Mathematics,4,6,337,100,5010,1993,440,709,0.29673590504451036,113
03M291,West End Secondary School,3,6,115,34,1209,392,105,146,0.2956521739130435,114
03M859,Special Music School,3,6,45,13,482,165,50,64,0.28888888888888886,115
27Q480,John Adams High School,27,6,7,2,2490,480,636,644,0.2857142857142857,116
02M408,Professional Performing Arts High School,2,6,73,20,1255,378,128,180,0.273972602739726,117
02M260,The Clinton School,2,6,99,27,2837,1151,134,221,0.2727272727272727,118
02M531,Repertory Company High School for Theatre Arts,2,6,34,9,365,100,60,68,0.2647058823529412,119
03M610,Young Women's Leadership School,3,6,23,6,370,113,81,-2,0.2608695652173913,120
02M414,N.Y.C. Museum School,2,6,216,55,3022,865,150,254,0.25462962962962965,121
01M292,Orchard Collegiate Academy,1,6,4,1,280,71,90,-2,0.25,122
09X517,Frederick Douglass Academy III Secondary School,9,6,4,1,404,35,108,-2,0.25,122
13K670,Benjamin Banneker Academy,13,6,4,1,1912,451,225,318,0.25,122
14K454,The Williamsburg High School of Art and Technology,14,6,4,1,893,129,116,120,0.25,122
14K610,A-Tech High School,14,6,4,1,1273,264,224,243,0.25,122
19K764,The Urban Assembly School for Collaborative Healthcare,19,6,4,1,419,71,81,-2,0.25,122
20K445,New Utrecht High School,20,6,4,1,4568,1443,630,730,0.25,122
21K559,Life Academy High School for Film and Music,21,6,4,1,145,21,81,49,0.25,122
27Q650,"High School for Construction Trades, Engineering and Architecture",27,6,4,1,3028,1209,247,311,0.25,122
28Q325,Hillside Arts & Letters Academy,28,6,4,1,520,82,108,133,0.25,122
30Q301,Academy for Careers in Television and Film,30,6,8,2,1410,330,151,200,0.25,122
32K403,Academy for Excellence in Leadership,32,6,4,1,653,76,108,-2,0.25,122
03M417,Frank McCourt High School,3,6,206,50,1253,345,120,170,0.24271844660194175,134
02M413,School of the Future High School,2,6,80,19,1741,485,108,152,0.2375,135
10X440,DeWitt Clinton High School,10,6,35,8,2901,586,385,492,0.22857142857142856,136
06M540,A. Philip Randolph Campus High School,6,6,306,69,2050,408,471,379,0.22549019607843138,137
04M495,Park East High School,4,6,200,44,2653,739,100,166,0.22,138
09X327,Comprehensive Model School Project M.S. 327,9,6,14,3,706,224,90,103,0.21428571428571427,139
02M393,Business Of Sports School,2,6,151,32,1151,248,129,210,0.2119205298013245,140
02M507,Urban Assembly Gateway School for Technology,2,6,220,46,1299,278,108,146,0.20909090909090908,141
02M543,New Design High School,2,6,39,8,852,157,125,145,0.20512820512820512,142
06M467,High School for Law and Public Service,6,6,230,47,643,95,167,84,0.20434782608695654,143
02M139,Stephen T. Mather Building Arts & Craftsmanship High School,2,6,79,16,432,88,108,-2,0.20253164556962025,144
02M551,Urban Assembly New York Harbor School,2,6,35,7,724,221,200,-2,0.2,145
13K419,"Science Skills Center High School for Science, Technology and the Creative Arts",13,6,5,1,909,111,258,143,0.2,145
13K605,George Westinghouse Career and Technical Education High School,13,6,5,1,1254,203,254,194,0.2,145
17K408,Academy of Hospitality and Tourism,17,6,5,1,571,89,118,-2,0.2,145
02M392,Manhattan Business Academy,2,6,211,41,1321,191,161,-2,0.1943127962085308,149
05M670,Thurgood Marshall Academy for Learning and Social Change,5,6,31,6,340,71,108,-2,0.1935483870967742,150
06M462,The College Academy,6,6,298,57,814,121,121,129,0.1912751677852349,151
10X437,Fordham High School for the Arts,10,6,37,7,1826,399,130,158,0.1891891891891892,152
07X495,University Heights Secondary School,7,6,43,8,2181,787,140,203,0.18604651162790697,153
02M542,Manhattan Bridges High School,2,6,179,33,904,224,172,95,0.18435754189944134,154
02M303,"Facing History School, The",2,6,50,9,421,87,107,-2,0.18,155
09X260,Bronx Center for Science and Mathematics,9,6,34,6,2530,621,108,201,0.17647058823529413,156
02M280,Manhattan Early College School for Advertising,2,6,42,7,572,88,112,-2,0.16666666666666666,157
05M499,Frederick Douglass Academy,5,6,72,12,903,195,325,214,0.16666666666666666,157
09X329,DreamYard Preparatory School,9,6,6,1,522,57,108,64,0.16666666666666666,157
09X564,Claremont International HS,9,6,6,1,412,50,81,25,0.16666666666666666,157
09X568,Young Women's Leadership School of the Bronx,9,6,6,1,449,109,90,127,0.16666666666666666,157
10X565,High School for Energy and Technology,10,6,6,1,503,51,120,-2,0.16666666666666666,157
11X275,High School of Computers and Technology,11,6,6,1,715,115,181,156,0.16666666666666666,157
11X418,Bronx High School for the Visual Arts,11,6,6,1,951,168,102,136,0.16666666666666666,157
13K595,Bedford Academy High School,13,6,6,1,2464,599,81,114,0.16666666666666666,157
17K528,The High School for Global Citizenship,17,6,6,1,524,55,100,63,0.16666666666666666,157
21K348,High School of Sports Management,21,6,6,1,386,75,176,-2,0.16666666666666666,157
30Q450,Long Island City High School,30,6,6,1,1827,403,790,432,0.16666666666666666,157
02M615,Chelsea Career and Technical Education High School,2,6,103,17,821,118,152,-2,0.1650485436893204,169
02M288,Food and Finance High School,2,6,79,13,1225,264,150,211,0.16455696202531644,170
02M400,High School for Environmental Studies,2,6,298,48,2558,395,344,385,0.1610738255033557,171
10X368,In-Tech Academy (M.S. / High School 368),10,6,38,6,707,244,160,205,0.15789473684210525,172
02M294,Essex Street Academy,2,6,108,17,2478,562,90,125,0.1574074074074074,173
03M415,Wadleigh Secondary School for the Performing & Visual Arts,3,6,58,9,826,130,128,-2,0.15517241379310345,174
02M374,Gramercy Arts High School,2,6,39,6,1038,129,204,78,0.15384615384615385,175
02M407,Institute for Collaborative Education,2,6,53,8,836,263,61,73,0.1509433962264151,176
01M448,University Neighborhood High School,1,6,81,12,2248,447,125,185,0.14814814814814814,177
02M298,Pace High School,2,6,55,8,1172,169,190,177,0.14545454545454545,178
02M313,"James Baldwin School, The: A School for Expeditionary Learning",2,6,7,1,71,14,25,-2,0.14285714285714285,179
02M459,Manhattan International High School,2,6,21,3,738,151,85,73,0.14285714285714285,179
02M550,Liberty High School Academy for Newcomers,2,6,7,1,99,16,50,6,0.14285714285714285,179
11X508,Bronxdale High School,11,6,7,1,1828,267,129,190,0.14285714285714285,179
13K350,Urban Assembly School of Music and Art,13,6,7,1,494,52,108,-2,0.14285714285714285,179
02M437,Hudson High School of Learning Technologies,2,6,64,9,353,48,119,-2,0.140625,184
02M546,Academy for Software Engineering,2,6,122,17,1992,388,125,201,0.13934426229508196,185
02M449,Vanguard High School,2,6,45,6,701,134,110,158,0.13333333333333333,186
02M282,Urban Assembly Maker Academy,2,6,54,7,1074,175,150,216,0.12962962962962962,187
02M655,The High School for Climate Justice,2,6,8,1,298,60,152,105,0.125,188
07X600,Alfred E. Smith Career and Technical Education High School,7,6,8,1,1126,227,189,193,0.125,188
08X405,Herbert H. Lehman High School,8,6,8,1,2078,405,528,479,0.125,188
09X231,Eagle Academy for Young Men,9,6,8,1,455,163,80,130,0.125,188
11X249,Bronx Health Sciences High School,11,6,8,1,1270,225,200,261,0.125,188
11X290,Bronx Academy of Health Careers,11,6,8,1,897,90,108,-2,0.125,188
17K751,Academy for Health Careers,17,6,8,1,715,72,108,-2,0.125,188
03M307,"Urban Assembly School for Media Studies, The",3,6,49,6,328,71,126,109,0.12244897959183673,195
06M468,High School for Health Careers and Sciences,6,6,229,28,822,121,268,-2,0.1222707423580786,196
06M463,High School for Media and Communications,6,6,174,21,505,61,150,-2,0.1206896551724138,197
02M316,"Urban Assembly School of Business for Young Women, the",2,6,9,1,165,17,120,-2,0.1111111111111111,198
07X223,The Laboratory School of Finance and Technology: X223,7,6,9,1,980,230,89,93,0.1111111111111111,198
09X252,Mott Hall Bronx High School,9,6,9,1,1138,141,90,130,0.1111111111111111,198
10X225,Theatre Arts Production Company School,10,6,9,1,633,88,170,-2,0.1111111111111111,198
11X270,Academy for Scholarship and Entrepreneurship: A College Board School,11,6,9,1,775,148,120,-2,0.1111111111111111,198
17K382,Academy for College Preparation and Career Exploration: A College Board School,17,6,9,1,837,124,108,-2,0.1111111111111111,198
02M534,Harvest Collegiate High School,2,6,130,14,1116,115,116,-2,0.1076923076923077,204
02M135,The Urban Assembly Early College High School for Emergency Medicine,2,6,19,2,510,116,122,-2,0.10526315789473684,205
03M494,High School of Arts and Technology,3,6,118,12,1037,132,140,-2,0.1016949152542373,206
07X527,Bronx Leadership Academy II High School,7,6,10,1,911,103,131,-2,0.1,207
07X670,Health Opportunities High School,7,6,10,1,477,47,75,-2,0.1,207
09X227,Bronx Collegiate Academy,9,6,10,1,1201,163,120,173,0.1,207
09X412,Bronx High School of Business,9,6,10,1,765,66,120,-2,0.1,207
09X525,Bronx Leadership Academy High School,9,6,10,1,1027,107,105,123,0.1,207
10X237,"The Marie Curie High School for Medicine, Nursing, and Health Professions",10,6,10,1,334,46,135,-2,0.1,207
10X439,Bronx High School for Law and Community Service,10,6,10,1,1467,220,108,163,0.1,207
15K656,Brooklyn High School of the Arts,15,6,10,1,2104,574,254,272,0.1,207
02M489,High School of Economics and Finance,2,6,91,9,1374,223,230,-2,0.0989010989010989,215
03M403,The Global Learning Collaborative,3,6,243,23,754,90,108,-2,0.09465020576131687,216
02M422,Quest to Learn,2,6,11,1,177,27,108,41,0.09090909090909091,217
02M605,Humanities Preparatory Academy,2,6,154,14,861,101,75,-2,0.09090909090909091,217
09X324,Bronx Early College Academy for Teaching & Learning,9,6,11,1,549,93,81,133,0.09090909090909091,217
10X434,Belmont Preparatory High School,10,6,11,1,1447,203,108,176,0.09090909090909091,217
11X455,Harry S Truman High School,11,6,12,1,1891,390,913,-2,0.08333333333333333,221
02M305,"Urban Assembly Academy of Government and Law, The",2,6,25,2,573,75,100,-2,0.08,222
04M372,Esperanza Preparatory Academy,4,6,13,1,322,114,106,120,0.07692307692307693,223
10X353,World View High School,10,6,13,1,1343,263,150,195,0.07692307692307693,223
11X299,Astor Collegiate Academy,11,6,13,1,2199,342,120,189,0.07692307692307693,223
02M399,The High School For Language And Diplomacy,2,6,14,1,385,36,134,-2,0.07142857142857142,226
05M157,The Urban Assembly School for Global Commerce,5,6,14,1,207,26,81,-2,0.07142857142857142,226
03M402,The Urban Assembly School for Green Careers,3,6,144,10,494,39,120,45,0.06944444444444445,228
02M047,47 The American Sign Language and English Secondary School,2,6,15,1,318,55,69,-2,0.06666666666666667,229
10X438,Fordham Leadership Academy,10,6,15,1,2416,416,108,155,0.06666666666666667,229
10X549,Discovery High School,10,6,15,1,716,95,108,135,0.06666666666666667,229
05M304,Mott Hall High School,5,6,94,6,455,53,108,-2,0.06382978723404255,232
03M299,The Maxine Greene HS for Imaginative Inquiry,3,6,16,1,77,10,120,-2,0.0625,233
09X505,"Bronx School for Law, Government and Justice",9,6,16,1,1132,259,120,154,0.0625,233
02M425,Leadership and Public Service High School,2,6,17,1,387,36,145,52,0.058823529411764705,235
02M438,International High School at Union Square,2,6,17,1,501,103,68,75,0.058823529411764705,235
03M860,Frederick Douglass Academy II Secondary School,3,6,18,1,309,55,95,105,0.05555555555555555,237
10X264,Bronx Academy for Software Engineering (BASE),10,6,18,1,1199,175,120,165,0.05555555555555555,237
01M450,East Side Community School,1,6,38,2,1142,328,95,117,0.05263157894736842,239
02M500,Unity Center for Urban Technologies,2,6,19,1,274,48,95,136,0.05263157894736842,239
10X546,Bronx Theatre High School,10,6,20,1,414,45,128,-2,0.05,241
02M427,Manhattan Academy For Arts & Language,2,6,22,1,389,72,108,49,0.045454545454545456,242
02M300,"Urban Assembly School of Design and Construction, The",2,6,45,2,346,43,108,-2,0.044444444444444446,243
02M308,Lower Manhattan Arts Academy,2,6,23,1,524,69,95,-2,0.043478260869565216,244
10X442,"Celia Cruz Bronx High School of Music, The",10,6,23,1,561,165,140,114,0.043478260869565216,244
09X413,Bronx High School for Medical Science,9,6,24,1,1104,178,90,170,0.041666666666666664,246
04M680,"Heritage School, The",4,6,25,1,482,60,80,-2,0.04,247
05M148,Eagle Academy for Young Men of Harlem,5,6,25,1,257,46,120,88,0.04,247
09X365,Academy for Language and Technology,9,6,25,1,773,224,92,89,0.04,247
07X548,Careers in Sports High School,7,6,26,1,1056,226,125,202,0.038461538461538464,250
10X284,Bronx School of Law and Finance,10,6,28,1,558,58,130,-2,0.03571428571428571,251
02M296,High School of Hospitality Management,2,6,29,1,269,35,135,-2,0.034482758620689655,252
02M432,Murray Hill Academy,2,6,32,1,558,76,90,-2,0.03125,253
02M533,Union Square Academy for Health Sciences,2,6,32,1,834,154,163,143,0.03125,253
02M529,Jacqueline Kennedy Onassis High School,2,6,34,1,534,81,204,-2,0.029411764705882353,255
10X213,Bronx Engineering and Technology Academy,10,6,34,1,754,115,142,-2,0.029411764705882353,255
10X374,Knowledge and Power Preparatory Academy International High School (Kappa),10,6,34,1,2279,431,120,179,0.029411764705882353,255
02M580,Richard R. Green High School of Teaching,2,6,36,1,1291,154,160,-2,0.027777777777777776,258
05M369,Urban Assembly School for the Performing Arts,5,6,46,1,372,52,108,-2,0.021739130434782608,259
02M419,Landmark High School,2,6,70,1,457,37,100,-2,0.014285714285714285,260
03M299,The Maxine Greene HS for Imaginative Inquiry,3,7,1,1,77,10,120,-2,1.0,313
08X320,Pelham Lab High School,8,7,1,1,514,49,108,-2,1.0,313
09X263,Validus Preparatory Academy,9,7,3,3,264,33,90,-2,1.0,1
10X141,Riverdale / Kingsbridge Academy (Middle School / High School 141),10,7,1,1,648,268,210,288,1.0,313
10X228,Jonas Bronck Academy,10,7,1,1,372,91,90,-2,1.0,313
10X342,International School for Liberal Arts,10,7,1,1,219,81,100,-2,1.0,313
10X524,Crotona International High School,10,7,1,1,309,47,81,19,1.0,313
11X509,High School of Language and Innovation,11,7,1,1,299,56,108,36,1.0,313
13K412,Brooklyn Community Arts & Media High School (BCAM),13,7,1,1,702,113,142,-2,1.0,313
13K483,The Urban Assembly School for Law and Justice,13,7,1,1,593,105,115,-2,1.0,313
13K527,Urban Assembly Institute of Math and Science for Young Women,13,7,1,1,237,54,81,60,1.0,313
13K595,Bedford Academy High School,13,7,2,2,2464,599,81,114,1.0,1
13K963,Design Works High School,13,7,1,1,607,86,81,-2,1.0,313
14K488,Brooklyn Preparatory High School,14,7,1,1,1061,174,153,-2,1.0,313
17K122,Pathways in Technology Early College High School (P-Tech),17,7,1,1,712,114,150,-2,1.0,313
17K408,Academy of Hospitality and Tourism,17,7,2,2,571,89,118,-2,1.0,1
17K590,Medgar Evers College Preparatory School,17,7,1,1,2078,676,220,237,1.0,313
17K745,Brooklyn Institute for Liberal Arts,17,7,1,1,761,109,175,158,1.0,313
18K567,Brooklyn Theatre Arts High School,18,7,1,1,352,39,125,-2,1.0,313
18K629,Cultural Academy for the Arts and Sciences,18,7,1,1,567,70,116,80,1.0,313
20K485,High School of Telecommunication Arts and Technology,20,7,1,1,2973,1210,310,363,1.0,313
20K490,Fort Hamilton High School,20,7,1,1,4983,1995,883,903,1.0,313
21K690,Brooklyn Studio Secondary School,21,7,2,2,844,281,102,133,1.0,1
23K644,Eagle Academy for Young Men II,23,7,1,1,554,179,92,139,1.0,313
24Q267,High School of Applied Communication,24,7,1,1,557,75,145,-2,1.0,313
24Q296,Pan American International High School,24,7,1,1,508,166,108,28,1.0,313
25Q252,"Queens School of Inquiry, The",25,7,1,1,508,161,89,107,1.0,313
25Q281,East-West School of International Studies,25,7,1,1,766,290,89,113,1.0,313
26Q435,Martin Van Buren High School,26,7,1,1,1084,217,352,273,1.0,313
27Q309,Academy of Medical Technology: A College Board School,27,7,1,1,626,120,105,109,1.0,313
27Q334,Epic High School - North,27,7,1,1,735,169,70,91,1.0,313
28Q325,Hillside Arts & Letters Academy,28,7,1,1,520,82,108,133,1.0,313
28Q328,High School for Community Leadership,28,7,1,1,671,160,150,231,1.0,313
30Q367,Motion Picture Tech High School,30,7,1,1,538,133,200,-2,1.0,313
30Q580,Baccalaureate School for Global Education,30,7,2,2,1732,937,97,94,1.0,1
31R445,Port Richmond High School,31,7,1,1,1267,334,564,435,1.0,313
24Q520,Middle College High School at LaGuardia Community College,24,7,4,3,1826,552,97,118,0.75,6
13K265,Dr. Susan S. McKinney Secondary School of the Arts,13,7,3,2,362,54,82,-2,0.6666666666666666,7
15K462,John Jay School for Law,15,7,3,2,1012,184,125,-2,0.6666666666666666,7
26Q430,Francis Lewis High School,26,7,3,2,8708,3905,913,1030,0.6666666666666666,7
27Q480,John Adams High School,27,7,3,2,2490,480,636,644,0.6666666666666666,7
28Q686,Queens Metropolitan High School,28,7,3,2,2321,931,279,279,0.6666666666666666,7
22K535,Leon M. Goldstein High School for the Sciences,22,7,5,3,3985,2007,258,429,0.6,12
02M551,Urban Assembly New York Harbor School,2,7,7,4,724,221,200,-2,0.5714285714285714,13
02M531,Repertory Company High School for Theatre Arts,2,7,13,7,365,100,60,68,0.5384615384615384,14
01M292,Orchard Collegiate Academy,1,7,2,1,280,71,90,-2,0.5,15
01M515,Lower East Side Preparatory High School,1,7,2,1,317,89,75,-2,0.5,15
02M316,"Urban Assembly School of Business for Young Women, the",2,7,2,1,165,17,120,-2,0.5,15
02M586,Harvey Milk High School,2,7,2,1,40,3,45,-1,0.5,15
03M479,Beacon High School,3,7,156,78,7891,4442,360,493,0.5,15
08X282,Women's Academy of Excellence,8,7,2,1,172,27,108,-2,0.5,15
09X350,New Directions Secondary School,9,7,2,1,72,9,25,-2,0.5,15
12X684,Wings Academy,12,7,12,6,370,63,150,86,0.5,15
13K670,Benjamin Banneker Academy,13,7,4,2,1912,451,225,318,0.5,15
14K454,The Williamsburg High School of Art and Technology,14,7,2,1,893,129,116,120,0.5,15
14K474,PROGRESS High School for Professional Careers,14,7,2,1,506,81,153,-2,0.5,15
14K478,"The High School for Enterprise, Business and Technology",14,7,2,1,1197,144,249,130,0.5,15
14K558,Williamsburg High School for Architecture and Design,14,7,6,3,1223,253,155,212,0.5,15
14K614,Young Women's Leadership School of Brooklyn,14,7,2,1,251,47,93,59,0.5,15
16K765,Nelson Mandela High School,16,7,2,1,250,25,114,-2,0.5,15
17K524,International High School at Prospect Heights,17,7,2,1,338,61,108,45,0.5,15
17K537,High School for Youth and Community Development at Erasmus,17,7,2,1,488,82,140,-2,0.5,15
17K546,High School for Public Service: Heroes of Tomorrow,17,7,2,1,656,69,130,-2,0.5,15
17K548,Brooklyn School for Music & Theatre,17,7,2,1,522,74,108,-2,0.5,15
17K600,Clara Barton High School,17,7,2,1,1276,355,434,-2,0.5,15
19K404,Academy for Young Writers,19,7,2,1,559,71,92,82,0.5,15
19K409,East New York Family Academy,19,7,2,1,416,159,125,147,0.5,15
19K510,World Academy for Total Community Health High School,19,7,2,1,417,29,98,-2,0.5,15
19K639,Brooklyn Lab School,19,7,2,1,980,152,102,143,0.5,15
19K660,W. H. Maxwell Career and Technical Education High School,19,7,2,1,991,185,305,164,0.5,15
20K505,Franklin Delano Roosevelt High School,20,7,2,1,3723,924,710,852,0.5,15
21K348,High School of Sports Management,21,7,2,1,386,75,176,-2,0.5,15
21K525,Edward R. Murrow High School,21,7,2,1,6293,2283,933,1196,0.5,15
21K620,William E. Grady Career and Technical Education High School,21,7,2,1,970,205,305,214,0.5,15
22K425,James Madison High School,22,7,2,1,6968,2801,837,940,0.5,15
23K514,Frederick Douglass Academy VII High School,23,7,2,1,532,76,108,85,0.5,15
24Q550,High School for Arts and Business,24,7,2,1,2257,552,191,255,0.5,15
24Q600,Queens Technical High School,24,7,4,2,3942,1196,350,423,0.5,15
25Q460,Flushing High School,25,7,2,1,1592,289,419,419,0.5,15
27Q314,Epic High School - South,27,7,2,1,618,154,95,138,0.5,15
27Q400,August Martin High School,27,7,2,1,960,177,250,218,0.5,15
28Q620,Thomas A. Edison Career and Technical Education High School,28,7,2,1,6131,2355,473,583,0.5,15
29Q265,Excelsior Preparatory High School,29,7,2,1,353,58,108,95,0.5,15
29Q326,Cambria Heights Academy,29,7,2,1,581,113,81,103,0.5,15
32K549,The Brooklyn School for Social Justice,32,7,2,1,425,47,120,-2,0.5,15
01M696,Bard High School Early College,1,7,48,23,3946,2196,125,198,0.4791666666666667,55
24Q299,Bard High School Early College Queens,24,7,13,6,3866,2227,125,166,0.46153846153846156,56
01M539,"New Explorations into Science, Technology and Math High School",1,7,37,17,3743,2047,150,289,0.4594594594594595,57
02M411,Baruch College Campus High School,2,7,118,53,6773,2753,118,188,0.4491525423728814,58
02M416,Eleanor Roosevelt High School,2,7,142,62,7699,3749,136,224,0.43661971830985913,59
24Q530,International High School at LaGuardia Community College,24,7,7,3,1236,505,119,114,0.42857142857142855,60
12X641,Bard High School Early College Bronx,12,7,84,35,1391,613,100,106,0.4166666666666667,61
25Q525,Townsend Harris High School,25,7,17,7,6780,4957,290,374,0.4117647058823529,62
02M260,The Clinton School,2,7,39,16,2837,1151,134,221,0.41025641025641024,63
02M630,Art and Design High School,2,7,87,35,3594,1359,385,523,0.40229885057471265,64
02M519,Talent Unlimited High School,2,7,45,18,1599,468,152,213,0.4,65
02M600,The High School of Fashion Industries,2,7,85,34,2046,720,475,395,0.4,65
02M139,Stephen T. Mather Building Arts & Craftsmanship High School,2,7,18,7,432,88,108,-2,0.3888888888888889,67
05M362,Columbia Secondary School,5,7,142,54,4258,1769,112,175,0.38028169014084506,68
02M412,N.Y.C. Lab School for Collaborative Studies,2,7,40,15,3134,1067,109,161,0.375,69
03M541,Manhattan / Hunter Science High School,3,7,121,43,5406,2689,108,176,0.35537190082644626,70
03M417,Frank McCourt High School,3,7,34,12,1253,345,120,170,0.35294117647058826,71
02M305,"Urban Assembly Academy of Government and Law, The",2,7,6,2,573,75,100,-2,0.3333333333333333,72
02M394,Emma Lazarus High School,2,7,3,1,134,19,60,-1,0.3333333333333333,72
08X348,Schuylerville Preparatory High School,8,7,3,1,286,30,108,-2,0.3333333333333333,72
13K419,"Science Skills Center High School for Science, Technology and the Creative Arts",13,7,3,1,909,111,258,143,0.3333333333333333,72
13K594,Gotham Professional Arts Academy,13,7,3,1,364,61,81,-2,0.3333333333333333,72
14K071,Juan Morel Campos Secondary School,14,7,3,1,341,78,101,69,0.3333333333333333,72
14K561,Williamsburg Preparatory School,14,7,3,1,1131,226,180,236,0.3333333333333333,72
15K429,Digital Arts and Cinema Technology High School,15,7,3,1,579,105,90,94,0.3333333333333333,72
15K448,Brooklyn Collaborative Studies,15,7,3,1,693,99,90,110,0.3333333333333333,72
17K382,Academy for College Preparation and Career Exploration: A College Board School,17,7,6,2,837,124,108,-2,0.3333333333333333,72
18K617,High School for Innovation in Advertising and Media,18,7,3,1,522,101,81,91,0.3333333333333333,72
18K633,High School for Medical Professions,18,7,3,1,666,99,108,116,0.3333333333333333,72
19K507,Performing Arts and Technology High School,19,7,3,1,1103,157,125,163,0.3333333333333333,72
19K615,Transit Tech Career and Technical Education High School,19,7,3,1,1168,225,315,-2,0.3333333333333333,72
20K445,New Utrecht High School,20,7,3,1,4568,1443,630,730,0.3333333333333333,72
21K559,Life Academy High School for Film and Music,21,7,3,1,145,21,81,49,0.3333333333333333,72
24Q485,Grover Cleveland High School,24,7,3,1,1552,359,420,437,0.3333333333333333,72
25Q240,Veritas Academy,25,7,3,1,526,96,130,-2,0.3333333333333333,72
28Q440,Forest Hills High School,28,7,6,2,7184,2477,702,851,0.3333333333333333,72
29Q492,"Mathematics, Science Research and Technology Magnet High School",29,7,3,1,782,146,150,-2,0.3333333333333333,72
29Q498,"Health, Arts, Robotics, and Technology High School",29,7,3,1,1435,293,196,264,0.3333333333333333,72
30Q258,Energy Tech High School,30,7,3,1,1535,348,108,145,0.3333333333333333,72
30Q286,"Young Women's Leadership School, Astoria",30,7,3,1,453,156,81,103,0.3333333333333333,72
31R440,New Dorp High School,31,7,3,1,2806,1011,668,887,0.3333333333333333,72
31R450,Curtis High School,31,7,3,1,1967,690,804,754,0.3333333333333333,72
32K403,Academy for Excellence in Leadership,32,7,3,1,653,76,108,-2,0.3333333333333333,72
04M435,Manhattan Center for Science and Mathematics,4,7,206,66,5010,1993,440,709,0.32038834951456313,98
02M135,The Urban Assembly Early College High School for Emergency Medicine,2,7,22,7,510,116,122,-2,0.3181818181818182,99
02M298,Pace High School,2,7,22,7,1172,169,190,177,0.3181818181818182,99
02M408,Professional Performing Arts High School,2,7,22,7,1255,378,128,180,0.3181818181818182,99
07X223,The Laboratory School of Finance and Technology: X223,7,7,462,147,980,230,89,93,0.3181818181818182,99
04M555,Central Park East High School,4,7,262,83,4762,1538,125,215,0.31679389312977096,103
04M495,Park East High School,4,7,181,55,2653,739,100,166,0.30386740331491713,104
02M418,Millennium High School,2,7,53,16,5541,2290,176,286,0.3018867924528302,105
04M372,Esperanza Preparatory Academy,4,7,10,3,322,114,106,120,0.3,106
07X334,International Community High School,7,7,51,15,210,40,81,23,0.29411764705882354,107
07X221,South Bronx Preparatory: A College Board School,7,7,341,100,782,161,123,148,0.2932551319648094,108
09X231,Eagle Academy for Young Men,9,7,31,9,455,163,80,130,0.2903225806451613,109
06M293,City College Academy of the Arts,6,7,28,8,1028,337,81,95,0.2857142857142857,110
15K656,Brooklyn High School of the Arts,15,7,7,2,2104,574,254,272,0.2857142857142857,110
07X500,Hostos-Lincoln Academy of Science,7,7,320,90,751,158,81,121,0.28125,112
02M543,New Design High School,2,7,36,10,852,157,125,145,0.2777777777777778,113
07X495,University Heights Secondary School,7,7,293,80,2181,787,140,203,0.27303754266211605,114
09X260,Bronx Center for Science and Mathematics,9,7,212,57,2530,621,108,201,0.2688679245283019,115
02M376,NYC iSchool,2,7,34,9,2459,931,118,158,0.2647058823529412,116
02M432,Murray Hill Academy,2,7,23,6,558,76,90,-2,0.2608695652173913,117
03M610,Young Women's Leadership School,3,7,23,6,370,113,81,-2,0.2608695652173913,117
10X243,West Bronx Academy for the Future,10,7,23,6,917,136,90,109,0.2608695652173913,117
02M439,Manhattan Village Academy,2,7,74,19,3002,860,100,201,0.25675675675675674,120
10X440,DeWitt Clinton High School,10,7,135,34,2901,586,385,492,0.2518518518518518,121
09X505,"Bronx School for Law, Government and Justice",9,7,163,41,1132,259,120,154,0.25153374233128833,122
02M419,Landmark High School,2,7,8,2,457,37,100,-2,0.25,123
02M545,High School for Dual Language and Asian Studies,2,7,8,2,769,299,108,150,0.25,123
02M605,Humanities Preparatory Academy,2,7,24,6,861,101,75,-2,0.25,123
08X636,Virtual Innovators Academy,8,7,28,7,113,31,80,-2,0.25,123
14K477,East Williamsburg Scholars Academy,14,7,4,1,650,90,234,-2,0.25,123
15K497,The Boerum Hill School for International Studies,15,7,4,1,801,155,125,-2,0.25,123
15K519,Cobble Hill School of American Studies,15,7,4,1,481,62,278,-2,0.25,123
15K684,Millennium Brooklyn HS,15,7,4,1,5385,2365,178,252,0.25,123
16K498,Brooklyn High School for Law and Technology,16,7,4,1,1730,296,151,-2,0.25,123
19K502,FDNY - Captain Vernon A. Richard High School for Fire and Life Safety,19,7,4,1,745,141,108,125,0.25,123
21K540,John Dewey High School,21,7,4,1,2573,622,553,577,0.25,123
24Q560,"Robert F. Wagner, Jr. Secondary School for Arts and Technology",24,7,4,1,1368,247,120,161,0.25,123
27Q302,"Queens High School for Information, Research, and Technology",27,7,4,1,671,160,130,177,0.25,123
29Q313,Benjamin Franklin High School for Finance & Information Technology,29,7,4,1,735,122,108,-2,0.25,123
30Q445,William Cullen Bryant High School,30,7,4,1,1681,297,435,349,0.25,123
32K552,The Academy of Urban Planning and Engineering,32,7,4,1,737,128,113,-2,0.25,123
02M449,Vanguard High School,2,7,29,7,701,134,110,158,0.2413793103448276,139
02M413,School of the Future High School,2,7,26,6,1741,485,108,152,0.23076923076923078,140
10X374,Knowledge and Power Preparatory Academy International High School (Kappa),10,7,65,15,2279,431,120,179,0.23076923076923078,140
10X437,Fordham High School for the Arts,10,7,81,18,1826,399,130,158,0.2222222222222222,142
22K405,Midwood High School,22,7,9,2,11658,5495,910,1323,0.2222222222222222,142
02M414,N.Y.C. Museum School,2,7,32,7,3022,865,150,254,0.21875,144
03M492,"High School for Law, Advocacy and Community Justice",3,7,46,10,920,170,220,-2,0.21739130434782608,145
06M462,The College Academy,6,7,28,6,814,121,121,129,0.21428571428571427,146
03M415,Wadleigh Secondary School for the Performing & Visual Arts,3,7,47,10,826,130,128,-2,0.2127659574468085,147
07X600,Alfred E. Smith Career and Technical Education High School,7,7,216,44,1126,227,189,193,0.2037037037037037,148
02M546,Academy for Software Engineering,2,7,79,16,1992,388,125,201,0.20253164556962025,149
02M400,High School for Environmental Studies,2,7,50,10,2558,395,344,385,0.2,150
10X442,"Celia Cruz Bronx High School of Music, The",10,7,40,8,561,165,140,114,0.2,150
12X478,The Cinema School,12,7,40,8,618,139,81,117,0.2,150
13K350,Urban Assembly School of Music and Art,13,7,5,1,494,52,108,-2,0.2,150
13K674,"City Polytechnic High School of Engineering, Architecture, and Technology",13,7,5,1,1239,274,108,160,0.2,150
19K618,Academy of Innovative Technology,19,7,5,1,1048,183,115,169,0.2,150
26Q315,Business Technology Early College High School,26,7,5,1,1032,289,180,272,0.2,150
29Q272,George Washington Carver High School for the Sciences,29,7,5,1,590,92,93,-2,0.2,150
30Q450,Long Island City High School,30,7,5,1,1827,403,790,432,0.2,150
30Q501,Frank Sinatra School of the Arts High School,30,7,25,5,3557,1643,236,416,0.2,150
07X551,The Urban Assembly Bronx Academy of Letters,7,7,161,32,309,45,108,58,0.19875776397515527,160
11X249,Bronx Health Sciences High School,11,7,56,11,1270,225,200,261,0.19642857142857142,161
02M533,Union Square Academy for Health Sciences,2,7,31,6,834,154,163,143,0.1935483870967742,162
07X259,"H.E.R.O. High (Health, Education, and Research Occupations High School)",7,7,163,31,862,174,250,182,0.1901840490797546,163
05M369,Urban Assembly School for the Performing Arts,5,7,37,7,372,52,108,-2,0.1891891891891892,164
07X473,Mott Haven Village Preparatory High School,7,7,202,36,460,62,81,-2,0.1782178217821782,165
03M494,High School of Arts and Technology,3,7,46,8,1037,132,140,-2,0.17391304347826086,166
08X293,Renaissance High School for Musical Theater and the Arts,8,7,35,6,660,115,110,-2,0.17142857142857143,167
02M507,Urban Assembly Gateway School for Technology,2,7,47,8,1299,278,108,146,0.1702127659574468,168
08X269,Bronx Studio School for Writers and Artists,8,7,47,8,481,130,90,113,0.1702127659574468,168
10X434,Belmont Preparatory High School,10,7,53,9,1447,203,108,176,0.16981132075471697,170
02M395,A School Without Walls,2,7,6,1,178,36,100,-2,0.16666666666666666,171
02M422,Quest to Learn,2,7,6,1,177,27,108,41,0.16666666666666666,171
02M520,Murry Bergtraum High School for Business Careers,2,7,6,1,222,38,240,-2,0.16666666666666666,171
06M552,Gregorio Luperon High School for Science and Mathematics,6,7,6,1,573,165,150,45,0.16666666666666666,171
08X405,Herbert H. Lehman High School,8,7,66,11,2078,405,528,479,0.16666666666666666,171
08X452,Gotham Collaborative High School,8,7,6,1,343,51,120,-2,0.16666666666666666,171
10X549,Discovery High School,10,7,6,1,716,95,108,135,0.16666666666666666,171
11X265,Bronx Lab School,11,7,6,1,381,47,123,-2,0.16666666666666666,171
13K605,George Westinghouse Career and Technical Education High School,13,7,6,1,1254,203,254,194,0.16666666666666666,171
16K455,Boys and Girls High School,16,7,6,1,712,68,369,96,0.16666666666666666,171
18K637,Academy for Conservation and the Environment,18,7,6,1,727,92,170,217,0.16666666666666666,171
24Q585,Maspeth High School,24,7,6,1,5045,1953,270,348,0.16666666666666666,171
25Q425,John Bowne High School,25,7,6,1,3116,720,783,809,0.16666666666666666,171
30Q575,Academy of American Studies,30,7,6,1,2727,819,170,224,0.16666666666666666,171
32K554,All City Leadership Secondary School,32,7,6,1,911,247,62,62,0.16666666666666666,171
10X439,Bronx High School for Law and Community Service,10,7,61,10,1467,220,108,163,0.16393442622950818,186
10X438,Fordham Leadership Academy,10,7,92,15,2416,416,108,155,0.16304347826086957,187
11X418,Bronx High School for the Visual Arts,11,7,43,7,951,168,102,136,0.16279069767441862,188
07X522,Bronx Design and Construction Academy,7,7,119,19,677,112,140,91,0.15966386554621848,189
07X548,Careers in Sports High School,7,7,174,27,1056,226,125,202,0.15517241379310345,190
05M148,Eagle Academy for Young Men of Harlem,5,7,13,2,257,46,120,88,0.15384615384615385,191
11X513,New World High School,11,7,13,2,625,129,108,69,0.15384615384615385,191
06M540,A. Philip Randolph Campus High School,6,7,118,18,2050,408,471,379,0.15254237288135594,193
11X455,Harry S Truman High School,11,7,62,9,1891,390,913,-2,0.14516129032258066,194
02M393,Business Of Sports School,2,7,56,8,1151,248,129,210,0.14285714285714285,195
17K751,Academy for Health Careers,17,7,7,1,715,72,108,-2,0.14285714285714285,195
24Q264,Academy of Finance and Enterprise,24,7,7,1,2163,546,124,151,0.14285714285714285,195
27Q260,Frederick Douglass Academy VI High School,27,7,7,1,482,71,121,-2,0.14285714285714285,195
07X527,Bronx Leadership Academy II High School,7,7,234,32,911,103,131,-2,0.13675213675213677,199
09X227,Bronx Collegiate Academy,9,7,81,11,1201,163,120,173,0.13580246913580246,200
02M420,High School for Health Professions and Human Services,2,7,52,7,2991,776,477,590,0.1346153846153846,201
02M047,47 The American Sign Language and English Secondary School,2,7,15,2,318,55,69,-2,0.13333333333333333,202
08X558,Westchester Square Academy,8,7,15,2,788,106,135,114,0.13333333333333333,202
02M288,Food and Finance High School,2,7,38,5,1225,264,150,211,0.13157894736842105,204
11X542,Pelham Preparatory Academy,11,7,76,10,2331,448,130,211,0.13157894736842105,204
02M615,Chelsea Career and Technical Education High School,2,7,23,3,821,118,152,-2,0.13043478260869565,206
02M399,The High School For Language And Diplomacy,2,7,8,1,385,36,134,-2,0.125,207
02M407,Institute for Collaborative Education,2,7,8,1,836,263,61,73,0.125,207
02M500,Unity Center for Urban Technologies,2,7,8,1,274,48,95,136,0.125,207
02M534,Harvest Collegiate High School,2,7,16,2,1116,115,116,-2,0.125,207
03M859,Special Music School,3,7,8,1,482,165,50,64,0.125,207
09X324,Bronx Early College Academy for Teaching & Learning,9,7,80,10,549,93,81,133,0.125,207
27Q650,"High School for Construction Trades, Engineering and Architecture",27,7,8,1,3028,1209,247,311,0.125,207
09X412,Bronx High School of Business,9,7,66,8,765,66,120,-2,0.12121212121212122,214
12X267,Bronx Latin,12,7,132,16,841,149,81,113,0.12121212121212122,214
11X288,Collegiate Institute for Math and Science,11,7,50,6,1764,317,133,200,0.12,216
08X530,Longwood Preparatory Academy,8,7,97,11,649,115,120,143,0.1134020618556701,217
02M303,"Facing History School, The",2,7,9,1,421,87,107,-2,0.1111111111111111,218
02M437,Hudson High School of Learning Technologies,2,7,9,1,353,48,119,-2,0.1111111111111111,218
03M307,"Urban Assembly School for Media Studies, The",3,7,9,1,328,71,126,109,0.1111111111111111,218
05M499,Frederick Douglass Academy,5,7,108,12,903,195,325,214,0.1111111111111111,218
08X367,"Archimedes Academy for Math, Science and Technology Applications",8,7,9,1,427,75,100,-2,0.1111111111111111,218
08X432,Bronx Bridges High School,8,7,9,1,454,83,81,70,0.1111111111111111,218
09X403,Bronx International High School,9,7,54,6,537,54,135,12,0.1111111111111111,218
14K610,A-Tech High School,14,7,9,1,1273,264,224,243,0.1111111111111111,218
01M450,East Side Community School,1,7,19,2,1142,328,95,117,0.10526315789473684,226
09X297,Morris Academy for Collaborative Studies,9,7,58,6,568,80,123,-2,0.10344827586206896,227
02M296,High School of Hospitality Management,2,7,10,1,269,35,135,-2,0.1,228
02M580,Richard R. Green High School of Teaching,2,7,10,1,1291,154,160,-2,0.1,228
08X561,Bronx Compass High School,8,7,10,1,520,70,130,-2,0.1,228
11X514,The Bronxwood Preparatory Academy,11,7,10,1,668,93,120,150,0.1,228
24Q610,Aviation Career & Technical Education High School,24,7,10,1,4123,1548,530,723,0.1,228
07X670,Health Opportunities High School,7,7,122,12,477,47,75,-2,0.09836065573770492,233
02M489,High School of Economics and Finance,2,7,31,3,1374,223,230,-2,0.0967741935483871,234
07X625,Bronx Legacy High School,7,7,162,15,690,97,90,-2,0.09259259259259259,235
01M448,University Neighborhood High School,1,7,22,2,2248,447,125,185,0.09090909090909091,236
02M300,"Urban Assembly School of Design and Construction, The",2,7,11,1,346,43,108,-2,0.09090909090909091,236
02M438,International High School at Union Square,2,7,11,1,501,103,68,75,0.09090909090909091,236
06M348,Washington Heights Expeditionary Learning School,6,7,11,1,689,175,100,115,0.09090909090909091,236
12X388,Pan American International High School at Monroe,12,7,11,1,310,71,108,43,0.09090909090909091,236
12X550,High School of World Cultures,12,7,11,1,380,49,108,36,0.09090909090909091,236
30Q301,Academy for Careers in Television and Film,30,7,11,1,1410,330,151,200,0.09090909090909091,236
07X427,Community School for Social Justice,7,7,69,6,229,33,81,-2,0.08695652173913043,243
10X264,Bronx Academy for Software Engineering (BASE),10,7,69,6,1199,175,120,165,0.08695652173913043,243
02M427,Manhattan Academy For Arts & Language,2,7,12,1,389,72,108,49,0.08333333333333333,245
02M529,Jacqueline Kennedy Onassis High School,2,7,12,1,534,81,204,-2,0.08333333333333333,245
06M467,High School for Law and Public Service,6,7,12,1,643,95,167,84,0.08333333333333333,245
10X237,"The Marie Curie High School for Medicine, Nursing, and Health Professions",10,7,12,1,334,46,135,-2,0.08333333333333333,245
10X433,High School for Teaching and the Professions,10,7,12,1,344,61,102,-2,0.08333333333333333,245
02M425,Leadership and Public Service High School,2,7,13,1,387,36,145,52,0.07692307692307693,250
06M346,Community Health Academy of the Heights,6,7,13,1,586,143,75,93,0.07692307692307693,250
08X376,Antonia Pantoja Preparatory Academy: A College Board School,8,7,13,1,308,82,84,104,0.07692307692307693,250
02M459,Manhattan International High School,2,7,28,2,738,151,85,73,0.07142857142857142,253
03M291,West End Secondary School,3,7,14,1,1209,392,105,146,0.07142857142857142,253
06M463,High School for Media and Communications,6,7,14,1,505,61,150,-2,0.07142857142857142,253
09X404,School for Excellence,9,7,14,1,134,13,116,-2,0.07142857142857142,253
09X564,Claremont International HS,9,7,14,1,412,50,81,25,0.07142857142857142,253
10X565,High School for Energy and Technology,10,7,14,1,503,51,120,-2,0.07142857142857142,253
02M280,Manhattan Early College School for Advertising,2,7,15,1,572,88,112,-2,0.06666666666666667,259
02M308,Lower Manhattan Arts Academy,2,7,15,1,524,69,95,-2,0.06666666666666667,259
05M670,Thurgood Marshall Academy for Learning and Social Change,5,7,15,1,340,71,108,-2,0.06666666666666667,259
06M211,Inwood Early College for Health and Information Technologies,6,7,15,1,745,156,111,-2,0.06666666666666667,259
10X477,Marble Hill High School for International Studies,10,7,15,1,810,158,108,139,0.06666666666666667,259
12X271,East Bronx Academy for the Future,12,7,15,1,464,97,90,79,0.06666666666666667,259
12X511,Bronx Envision Academy,12,7,15,1,459,44,108,-2,0.06666666666666667,259
12X521,The Metropolitan Soundview High School,12,7,15,1,453,67,120,74,0.06666666666666667,259
05M157,The Urban Assembly School for Global Commerce,5,7,16,1,207,26,81,-2,0.0625,267
11X270,Academy for Scholarship and Entrepreneurship: A College Board School,11,7,16,1,775,148,120,-2,0.0625,267
09X543,High School for Violin and Dance,9,7,17,1,149,19,108,-2,0.058823529411764705,269
02M655,The High School for Climate Justice,2,7,18,1,298,60,152,105,0.05555555555555555,270
06M468,High School for Health Careers and Sciences,6,7,18,1,822,121,268,-2,0.05555555555555555,270
09X517,Frederick Douglass Academy III Secondary School,9,7,18,1,404,35,108,-2,0.05555555555555555,270
11X545,Bronx Aerospace High School,11,7,18,1,751,109,189,-2,0.05555555555555555,270
12X682,Fannie Lou Hamer Freedom High School,12,7,18,1,388,73,110,83,0.05555555555555555,270
02M542,Manhattan Bridges High School,2,7,19,1,904,224,172,95,0.05263157894736842,275
12X248,"Metropolitan High School, The",12,7,19,1,228,33,151,-2,0.05263157894736842,275
10X368,In-Tech Academy (M.S. / High School 368),10,7,20,1,707,244,160,205,0.05,277
10X546,Bronx Theatre High School,10,7,20,1,414,45,128,-2,0.05,277
12X251,Explorations Academy H.S.,12,7,20,1,476,39,117,-2,0.05,277
03M860,Frederick Douglass Academy II Secondary School,3,7,21,1,309,55,95,105,0.047619047619047616,280
10X351,Bronx Collaborative High School,10,7,21,1,582,47,150,-2,0.047619047619047616,280
10X353,World View High School,10,7,21,1,1343,263,150,195,0.047619047619047616,280
02M282,Urban Assembly Maker Academy,2,7,22,1,1074,175,150,216,0.045454545454545456,283
05M304,Mott Hall High School,5,7,22,1,455,53,108,-2,0.045454545454545456,283
04M680,"Heritage School, The",4,7,23,1,482,60,80,-2,0.043478260869565216,285
09X327,Comprehensive Model School Project M.S. 327,9,7,23,1,706,224,90,103,0.043478260869565216,285
10X284,Bronx School of Law and Finance,10,7,24,1,558,58,130,-2,0.041666666666666664,287
12X446,Arturo A. Schomburg Satellite Academy Bronx,12,7,24,1,222,33,40,24,0.041666666666666664,287
02M294,Essex Street Academy,2,7,25,1,2478,562,90,125,0.04,289
09X568,Young Women's Leadership School of the Bronx,9,7,26,1,449,109,90,127,0.038461538461538464,290
11X544,High School for Contemporary Arts,11,7,26,1,607,55,240,-2,0.038461538461538464,290
03M402,The Urban Assembly School for Green Careers,3,7,27,1,494,39,120,45,0.037037037037037035,292
09X241,"Urban Assembly School for Applied Math and Science, The",9,7,27,1,561,117,90,99,0.037037037037037035,292
08X312,Millennium Art Academy,8,7,28,1,625,136,112,117,0.03571428571428571,294
09X365,Academy for Language and Technology,9,7,28,1,773,224,92,89,0.03571428571428571,294
11X275,High School of Computers and Technology,11,7,28,1,715,115,181,156,0.03571428571428571,294
10X213,Bronx Engineering and Technology Academy,10,7,32,1,754,115,142,-2,0.03125,297
08X349,Bronx River High School,8,7,33,1,1172,196,108,168,0.030303030303030304,298
02M374,Gramercy Arts High School,2,7,35,1,1038,129,204,78,0.02857142857142857,299
03M403,The Global Learning Collaborative,3,7,36,1,754,90,108,-2,0.027777777777777776,300
11X508,Bronxdale High School,11,7,36,1,1828,267,129,190,0.027777777777777776,300
12X479,Bronx Career and College Preparatory High School,12,7,37,1,321,28,81,-2,0.02702702702702703,302
10X225,Theatre Arts Production Company School,10,7,38,1,633,88,170,-2,0.02631578947368421,303
09X329,DreamYard Preparatory School,9,7,40,1,522,57,108,64,0.025,304
02M392,Manhattan Business Academy,2,7,41,1,1321,191,161,-2,0.024390243902439025,305
11X290,Bronx Academy of Health Careers,11,7,41,1,897,90,108,-2,0.024390243902439025,305
09X525,Bronx Leadership Academy High School,9,7,42,1,1027,107,105,123,0.023809523809523808,307
11X299,Astor Collegiate Academy,11,7,44,1,2199,342,120,189,0.022727272727272728,308
12X242,Mott Hall V,12,7,50,1,1001,282,81,91,0.02,309
09X250,Eximius College Preparatory Academy: A College Board School,9,7,61,1,761,90,108,-2,0.01639344262295082,310
09X413,Bronx High School for Medical Science,9,7,76,1,1104,178,90,170,0.013157894736842105,311
09X252,Mott Hall Bronx High School,9,7,90,1,1138,141,90,130,0.011111111111111112,312
02M296,High School of Hospitality Management,2,8,1,1,269,35,135,-2,1.0,333
02M437,Hudson High School of Learning Technologies,2,8,1,1,353,48,119,-2,1.0,333
02M520,Murry Bergtraum High School for Business Careers,2,8,2,2,222,38,240,-2,1.0,1
03M299,The Maxine Greene HS for Imaginative Inquiry,3,8,1,1,77,10,120,-2,1.0,333
14K477,East Williamsburg Scholars Academy,14,8,1,1,650,90,234,-2,1.0,333
15K429,Digital Arts and Cinema Technology High School,15,8,1,1,579,105,90,94,1.0,333
15K448,Brooklyn Collaborative Studies,15,8,1,1,693,99,90,110,1.0,333
15K464,Park Slope Collegiate,15,8,1,1,613,115,102,130,1.0,333
15K497,The Boerum Hill School for International Studies,15,8,1,1,801,155,125,-2,1.0,333
17K537,High School for Youth and Community Development at Erasmus,17,8,1,1,488,82,140,-2,1.0,333
17K547,Brooklyn Academy of Science and the Environment,17,8,1,1,373,53,108,-2,1.0,333
17K590,Medgar Evers College Preparatory School,17,8,3,3,2078,676,220,237,1.0,1
18K576,Victory Collegiate High School,18,8,1,1,305,61,140,-2,1.0,333
18K633,High School for Medical Professions,18,8,1,1,666,99,108,116,1.0,333
19K615,Transit Tech Career and Technical Education High School,19,8,1,1,1168,225,315,-2,1.0,333
20K485,High School of Telecommunication Arts and Technology,20,8,1,1,2973,1210,310,363,1.0,333
20K609,Urban Assembly School for Leadership and Empowerment,20,8,1,1,278,74,100,132,1.0,333
21K540,John Dewey High School,21,8,1,1,2573,622,553,577,1.0,333
21K559,Life Academy High School for Film and Music,21,8,1,1,145,21,81,49,1.0,333
21K572,Leaders High School,21,8,1,1,462,119,110,141,1.0,333
22K535,Leon M. Goldstein High School for the Sciences,22,8,1,1,3985,2007,258,429,1.0,333
23K493,Brooklyn Collegiate: A College Board School,23,8,1,1,727,113,120,-2,1.0,333
24Q236,International High School for Health Sciences,24,8,1,1,485,112,81,68,1.0,333
24Q267,High School of Applied Communication,24,8,1,1,557,75,145,-2,1.0,333
24Q293,Civic Leadership Academy,24,8,1,1,1157,291,142,191,1.0,333
24Q455,Newtown High School,24,8,1,1,1328,243,419,346,1.0,333
25Q252,"Queens School of Inquiry, The",25,8,1,1,508,161,89,107,1.0,333
25Q670,Robert F. Kennedy Community High School,25,8,1,1,1012,254,150,223,1.0,333
26Q315,Business Technology Early College High School,26,8,1,1,1032,289,180,272,1.0,333
27Q262,Channel View School for Research,27,8,1,1,755,267,194,212,1.0,333
28Q310,Queens Collegiate: A College Board School,28,8,1,1,453,67,115,77,1.0,333
28Q325,Hillside Arts & Letters Academy,28,8,1,1,520,82,108,133,1.0,333
28Q328,High School for Community Leadership,28,8,1,1,671,160,150,231,1.0,333
28Q686,Queens Metropolitan High School,28,8,2,2,2321,931,279,279,1.0,1
28Q896,"Young Women's Leadership School, Queens",28,8,1,1,350,99,81,119,1.0,333
29Q243,Institute for Health Professions at Cambria Heights,29,8,1,1,416,79,108,132,1.0,333
29Q248,Queens Preparatory Academy,29,8,1,1,383,62,100,-2,1.0,333
30Q367,Motion Picture Tech High School,30,8,1,1,538,133,200,-2,1.0,333
30Q417,Gotham Tech High School,30,8,1,1,631,96,90,-2,1.0,333
30Q502,Information Technology High School,30,8,1,1,944,190,227,-2,1.0,333
31R028,The Eagle Academy for Young Men of Staten Island,31,8,1,1,94,26,81,-2,1.0,333
31R440,New Dorp High School,31,8,1,1,2806,1011,668,887,1.0,333
31R450,Curtis High School,31,8,1,1,1967,690,804,754,1.0,333
31R600,Ralph R. McKee Career and Technical Education High School,31,8,1,1,620,198,316,180,1.0,333
32K552,The Academy of Urban Planning and Engineering,32,8,1,1,737,128,113,-2,1.0,333
32K556,Bushwick Leaders High School for Academic Excellence,32,8,1,1,768,125,120,-2,1.0,333
25Q525,Townsend Harris High School,25,8,151,108,6780,4957,290,374,0.7152317880794702,4
14K561,Williamsburg Preparatory School,14,8,3,2,1131,226,180,236,0.6666666666666666,5
16K688,The Brooklyn Academy of Global Finance,16,8,3,2,469,56,108,-2,0.6666666666666666,5
19K639,Brooklyn Lab School,19,8,3,2,980,152,102,143,0.6666666666666666,5
24Q299,Bard High School Early College Queens,24,8,54,31,3866,2227,125,166,0.5740740740740741,8
01M696,Bard High School Early College,1,8,137,78,3946,2196,125,198,0.5693430656934306,9
04M435,Manhattan Center for Science and Mathematics,4,8,453,248,5010,1993,440,709,0.5474613686534217,10
03M479,Beacon High School,3,8,310,162,7891,4442,360,493,0.5225806451612903,11
02M394,Emma Lazarus High School,2,8,2,1,134,19,60,-1,0.5,12
02M550,Liberty High School Academy for Newcomers,2,8,2,1,99,16,50,6,0.5,12
02M551,Urban Assembly New York Harbor School,2,8,6,3,724,221,200,-2,0.5,12
02M586,Harvey Milk High School,2,8,2,1,40,3,45,-1,0.5,12
09X350,New Directions Secondary School,9,8,2,1,72,9,25,-2,0.5,12
14K071,Juan Morel Campos Secondary School,14,8,2,1,341,78,101,69,0.5,12
14K454,The Williamsburg High School of Art and Technology,14,8,2,1,893,129,116,120,0.5,12
15K667,Sunset Park High School,15,8,2,1,989,260,354,-2,0.5,12
16K765,Nelson Mandela High School,16,8,2,1,250,25,114,-2,0.5,12
17K600,Clara Barton High School,17,8,2,1,1276,355,434,-2,0.5,12
17K751,Academy for Health Careers,17,8,2,1,715,72,108,-2,0.5,12
18K566,Brooklyn Community High School for Excellence and Equity,18,8,2,1,448,61,75,-2,0.5,12
18K637,Academy for Conservation and the Environment,18,8,2,1,727,92,170,217,0.5,12
21K410,Abraham Lincoln High School,21,8,2,1,2225,539,741,604,0.5,12
21K468,Kingsborough Early College School,21,8,2,1,1229,429,110,122,0.5,12
22K555,Brooklyn College Academy,22,8,2,1,2698,911,170,228,0.5,12
23K644,Eagle Academy for Young Men II,23,8,4,2,554,179,92,139,0.5,12
24Q296,Pan American International High School,24,8,2,1,508,166,108,28,0.5,12
25Q263,Flushing International High School,25,8,2,1,576,182,90,90,0.5,12
26Q566,"Queens High School of Teaching, Liberal Arts and the Sciences",26,8,2,1,671,231,258,222,0.5,12
27Q308,Robert H. Goddard High School of Communication Arts and Technology,27,8,2,1,1222,468,140,181,0.5,12
27Q309,Academy of Medical Technology: A College Board School,27,8,2,1,626,120,105,109,0.5,12
28Q680,Queens Gateway to Health Sciences Secondary School,28,8,2,1,1238,384,108,147,0.5,12
29Q272,George Washington Carver High School for the Sciences,29,8,2,1,590,92,93,-2,0.5,12
29Q283,Preparatory Academy for Writers: A College Board School,29,8,2,1,177,47,90,69,0.5,12
30Q286,"Young Women's Leadership School, Astoria",30,8,2,1,453,156,81,103,0.5,12
31R445,Port Richmond High School,31,8,2,1,1267,334,564,435,0.5,12
31R460,Susan E. Wagner High School,31,8,2,1,2611,968,660,631,0.5,12
32K168,The Brooklyn School for Math and Research,32,8,2,1,710,99,108,148,0.5,12
32K545,EBC High School for Public Service - Bushwick,32,8,2,1,467,75,126,-2,0.5,12
03M541,Manhattan / Hunter Science High School,3,8,236,114,5406,2689,108,176,0.4830508474576271,42
12X641,Bard High School Early College Bronx,12,8,193,93,1391,613,100,106,0.48186528497409326,43
02M416,Eleanor Roosevelt High School,2,8,345,164,7699,3749,136,224,0.4753623188405797,44
01M539,"New Explorations into Science, Technology and Math High School",1,8,75,35,3743,2047,150,289,0.4666666666666667,45
09X231,Eagle Academy for Young Men,9,8,39,18,455,163,80,130,0.46153846153846156,46
02M630,Art and Design High School,2,8,134,61,3594,1359,385,523,0.4552238805970149,47
02M519,Talent Unlimited High School,2,8,69,30,1599,468,152,213,0.43478260869565216,48
27Q650,"High School for Construction Trades, Engineering and Architecture",27,8,14,6,3028,1209,247,311,0.42857142857142855,49
30Q501,Frank Sinatra School of the Arts High School,30,8,41,17,3557,1643,236,416,0.4146341463414634,50
15K519,Cobble Hill School of American Studies,15,8,5,2,481,62,278,-2,0.4,51
10X442,"Celia Cruz Bronx High School of Music, The",10,8,56,22,561,165,140,114,0.39285714285714285,52
08X269,Bronx Studio School for Writers and Artists,8,8,195,76,481,130,90,113,0.38974358974358975,53
02M414,N.Y.C. Museum School,2,8,53,20,3022,865,150,254,0.37735849056603776,54
19K660,W. H. Maxwell Career and Technical Education High School,19,8,8,3,991,185,305,164,0.375,55
24Q530,International High School at LaGuardia Community College,24,8,8,3,1236,505,119,114,0.375,55
02M411,Baruch College Campus High School,2,8,238,89,6773,2753,118,188,0.3739495798319328,57
05M362,Columbia Secondary School,5,8,209,75,4258,1769,112,175,0.3588516746411483,58
08X376,Antonia Pantoja Preparatory Academy: A College Board School,8,8,173,60,308,82,84,104,0.3468208092485549,59
26Q430,Francis Lewis High School,26,8,35,12,8708,3905,913,1030,0.34285714285714286,60
02M313,"James Baldwin School, The: A School for Expeditionary Learning",2,8,3,1,71,14,25,-2,0.3333333333333333,61
02M408,Professional Performing Arts High School,2,8,42,14,1255,378,128,180,0.3333333333333333,61
09X365,Academy for Language and Technology,9,8,33,11,773,224,92,89,0.3333333333333333,61
13K265,Dr. Susan S. McKinney Secondary School of the Arts,13,8,3,1,362,54,82,-2,0.3333333333333333,61
13K963,Design Works High School,13,8,3,1,607,86,81,-2,0.3333333333333333,61
14K614,Young Women's Leadership School of Brooklyn,14,8,3,1,251,47,93,59,0.3333333333333333,61
14K685,El Puente Academy for Peace and Justice,14,8,3,1,134,25,70,-2,0.3333333333333333,61
15K462,John Jay School for Law,15,8,6,2,1012,184,125,-2,0.3333333333333333,61
17K122,Pathways in Technology Early College High School (P-Tech),17,8,3,1,712,114,150,-2,0.3333333333333333,61
17K408,Academy of Hospitality and Tourism,17,8,3,1,571,89,118,-2,0.3333333333333333,61
17K528,The High School for Global Citizenship,17,8,3,1,524,55,100,63,0.3333333333333333,61
17K539,High School for Service & Learning at Erasmus,17,8,3,1,296,35,108,98,0.3333333333333333,61
17K546,High School for Public Service: Heroes of Tomorrow,17,8,3,1,656,69,130,-2,0.3333333333333333,61
18K567,Brooklyn Theatre Arts High School,18,8,3,1,352,39,125,-2,0.3333333333333333,61
18K617,High School for Innovation in Advertising and Media,18,8,3,1,522,101,81,91,0.3333333333333333,61
18K629,Cultural Academy for the Arts and Sciences,18,8,3,1,567,70,116,80,0.3333333333333333,61
20K445,New Utrecht High School,20,8,3,1,4568,1443,630,730,0.3333333333333333,61
21K348,High School of Sports Management,21,8,3,1,386,75,176,-2,0.3333333333333333,61
22K425,James Madison High School,22,8,3,1,6968,2801,837,940,0.3333333333333333,61
25Q281,East-West School of International Studies,25,8,3,1,766,290,89,113,0.3333333333333333,61
25Q285,World Journalism Preparatory: A College Board School,25,8,3,1,448,162,90,139,0.3333333333333333,61
27Q260,Frederick Douglass Academy VI High School,27,8,3,1,482,71,121,-2,0.3333333333333333,61
27Q323,Scholars' Academy,27,8,3,1,1065,580,154,186,0.3333333333333333,61
27Q400,August Martin High School,27,8,3,1,960,177,250,218,0.3333333333333333,61
29Q313,Benjamin Franklin High School for Finance & Information Technology,29,8,3,1,735,122,108,-2,0.3333333333333333,61
29Q326,Cambria Heights Academy,29,8,3,1,581,113,81,103,0.3333333333333333,61
30Q301,Academy for Careers in Television and Film,30,8,18,6,1410,330,151,200,0.3333333333333333,61
32K554,All City Leadership Secondary School,32,8,3,1,911,247,62,62,0.3333333333333333,61
07X495,University Heights Secondary School,7,8,392,129,2181,787,140,203,0.32908163265306123,89
02M135,The Urban Assembly Early College High School for Emergency Medicine,2,8,22,7,510,116,122,-2,0.3181818181818182,90
02M600,The High School of Fashion Industries,2,8,77,24,2046,720,475,395,0.3116883116883117,91
04M495,Park East High School,4,8,235,73,2653,739,100,166,0.31063829787234043,92
29Q492,"Mathematics, Science Research and Technology Magnet High School",29,8,13,4,782,146,150,-2,0.3076923076923077,93
04M555,Central Park East High School,4,8,377,114,4762,1538,125,215,0.30238726790450926,94
02M418,Millennium High School,2,8,141,42,5541,2290,176,286,0.2978723404255319,95
10X353,World View High School,10,8,78,23,1343,263,150,195,0.2948717948717949,96
02M376,NYC iSchool,2,8,45,13,2459,931,118,158,0.28888888888888886,97
05M148,Eagle Academy for Young Men of Harlem,5,8,7,2,257,46,120,88,0.2857142857142857,98
14K558,Williamsburg High School for Architecture and Design,14,8,7,2,1223,253,155,212,0.2857142857142857,98
12X684,Wings Academy,12,8,53,15,370,63,150,86,0.2830188679245283,100
02M393,Business Of Sports School,2,8,46,13,1151,248,129,210,0.2826086956521739,101
10X437,Fordham High School for the Arts,10,8,189,52,1826,399,130,158,0.2751322751322751,102
02M507,Urban Assembly Gateway School for Technology,2,8,55,15,1299,278,108,146,0.2727272727272727,103
02M439,Manhattan Village Academy,2,8,140,38,3002,860,100,201,0.2714285714285714,104
08X349,Bronx River High School,8,8,429,113,1172,196,108,168,0.2634032634032634,105
02M413,School of the Future High School,2,8,38,10,1741,485,108,152,0.2631578947368421,106
24Q610,Aviation Career & Technical Education High School,24,8,23,6,4123,1548,530,723,0.2608695652173913,107
08X312,Millennium Art Academy,8,8,223,58,625,136,112,117,0.2600896860986547,108
02M280,Manhattan Early College School for Advertising,2,8,31,8,572,88,112,-2,0.25806451612903225,109
02M489,High School of Economics and Finance,2,8,47,12,1374,223,230,-2,0.2553191489361702,110
08X367,"Archimedes Academy for Math, Science and Technology Applications",8,8,158,40,427,75,100,-2,0.25316455696202533,111
01M292,Orchard Collegiate Academy,1,8,4,1,280,71,90,-2,0.25,112
01M458,Forsyth Satellite Academy,1,8,4,1,60,12,28,-2,0.25,112
02M308,Lower Manhattan Arts Academy,2,8,8,2,524,69,95,-2,0.25,112
02M422,Quest to Learn,2,8,4,1,177,27,108,41,0.25,112
13K605,George Westinghouse Career and Technical Education High School,13,8,8,2,1254,203,254,194,0.25,112
17K745,Brooklyn Institute for Liberal Arts,17,8,4,1,761,109,175,158,0.25,112
21K525,Edward R. Murrow High School,21,8,4,1,6293,2283,933,1196,0.25,112
21K620,William E. Grady Career and Technical Education High School,21,8,4,1,970,205,305,214,0.25,112
25Q460,Flushing High School,25,8,24,6,1592,289,419,419,0.25,112
27Q314,Epic High School - South,27,8,4,1,618,154,95,138,0.25,112
28Q690,High School for Law Enforcement and Public Safety,28,8,4,1,396,91,165,109,0.25,112
30Q258,Energy Tech High School,30,8,4,1,1535,348,108,145,0.25,112
30Q580,Baccalaureate School for Global Education,30,8,12,3,1732,937,97,94,0.25,112
02M546,Academy for Software Engineering,2,8,118,29,1992,388,125,201,0.2457627118644068,125
08X432,Bronx Bridges High School,8,8,184,45,454,83,81,70,0.24456521739130435,126
08X530,Longwood Preparatory Academy,8,8,238,57,649,115,120,143,0.23949579831932774,127
01M450,East Side Community School,1,8,42,10,1142,328,95,117,0.23809523809523808,128
03M494,High School of Arts and Technology,3,8,38,9,1037,132,140,-2,0.23684210526315788,129
12X478,The Cinema School,12,8,136,32,618,139,81,117,0.23529411764705882,130
02M459,Manhattan International High School,2,8,30,7,738,151,85,73,0.23333333333333334,131
02M420,High School for Health Professions and Human Services,2,8,133,31,2991,776,477,590,0.23308270676691728,132
02M529,Jacqueline Kennedy Onassis High School,2,8,26,6,534,81,204,-2,0.23076923076923078,133
02M542,Manhattan Bridges High School,2,8,26,6,904,224,172,95,0.23076923076923078,133
28Q440,Forest Hills High School,28,8,13,3,7184,2477,702,851,0.23076923076923078,133
12X388,Pan American International High School at Monroe,12,8,61,14,310,71,108,43,0.22950819672131148,136
02M260,The Clinton School,2,8,31,7,2837,1151,134,221,0.22580645161290322,137
12X242,Mott Hall V,12,8,236,53,1001,282,81,91,0.2245762711864407,138
01M515,Lower East Side Preparatory High School,1,8,9,2,317,89,75,-2,0.2222222222222222,139
02M545,High School for Dual Language and Asian Studies,2,8,9,2,769,299,108,150,0.2222222222222222,139
24Q264,Academy of Finance and Enterprise,24,8,9,2,2163,546,124,151,0.2222222222222222,139
09X260,Bronx Center for Science and Mathematics,9,8,309,68,2530,621,108,201,0.22006472491909385,142
11X455,Harry S Truman High School,11,8,318,69,1891,390,913,-2,0.2169811320754717,143
09X568,Young Women's Leadership School of the Bronx,9,8,37,8,449,109,90,127,0.21621621621621623,144
11X542,Pelham Preparatory Academy,11,8,321,69,2331,448,130,211,0.21495327102803738,145
07X670,Health Opportunities High School,7,8,56,12,477,47,75,-2,0.21428571428571427,146
08X405,Herbert H. Lehman High School,8,8,663,140,2078,405,528,479,0.21116138763197587,147
05M499,Frederick Douglass Academy,5,8,43,9,903,195,325,214,0.20930232558139536,148
08X293,Renaissance High School for Musical Theater and the Arts,8,8,235,49,660,115,110,-2,0.20851063829787234,149
11X249,Bronx Health Sciences High School,11,8,183,38,1270,225,200,261,0.20765027322404372,150
02M500,Unity Center for Urban Technologies,2,8,29,6,274,48,95,136,0.20689655172413793,151
11X509,High School of Language and Innovation,11,8,34,7,299,56,108,36,0.20588235294117646,152
02M449,Vanguard High School,2,8,39,8,701,134,110,158,0.20512820512820512,153
10X374,Knowledge and Power Preparatory Academy International High School (Kappa),10,8,188,38,2279,431,120,179,0.20212765957446807,154
02M412,N.Y.C. Lab School for Collaborative Studies,2,8,50,10,3134,1067,109,161,0.2,155
04M372,Esperanza Preparatory Academy,4,8,10,2,322,114,106,120,0.2,155
06M293,City College Academy of the Arts,6,8,35,7,1028,337,81,95,0.2,155
07X221,South Bronx Preparatory: A College Board School,7,8,95,19,782,161,123,148,0.2,155
13K419,"Science Skills Center High School for Science, Technology and the Creative Arts",13,8,5,1,909,111,258,143,0.2,155
28Q284,York Early College Academy,28,8,10,2,1602,580,81,91,0.2,155
12X550,High School of World Cultures,12,8,112,22,380,49,108,36,0.19642857142857142,161
02M288,Food and Finance High School,2,8,51,10,1225,264,150,211,0.19607843137254902,162
11X418,Bronx High School for the Visual Arts,11,8,146,28,951,168,102,136,0.1917808219178082,163
07X500,Hostos-Lincoln Academy of Science,7,8,110,21,751,158,81,121,0.19090909090909092,164
11X270,Academy for Scholarship and Entrepreneurship: A College Board School,11,8,58,11,775,148,120,-2,0.1896551724137931,165
09X413,Bronx High School for Medical Science,9,8,106,20,1104,178,90,170,0.18867924528301888,166
10X141,Riverdale / Kingsbridge Academy (Middle School / High School 141),10,8,32,6,648,268,210,288,0.1875,167
15K684,Millennium Brooklyn HS,15,8,16,3,5385,2365,178,252,0.1875,167
06M540,A. Philip Randolph Campus High School,6,8,97,18,2050,408,471,379,0.18556701030927836,169
07X625,Bronx Legacy High School,7,8,71,13,690,97,90,-2,0.18309859154929578,170
11X288,Collegiate Institute for Math and Science,11,8,225,41,1764,317,133,200,0.18222222222222223,171
02M300,"Urban Assembly School of Design and Construction, The",2,8,11,2,346,43,108,-2,0.18181818181818182,172
14K610,A-Tech High School,14,8,11,2,1273,264,224,243,0.18181818181818182,172
07X259,"H.E.R.O. High (Health, Education, and Research Occupations High School)",7,8,171,31,862,174,250,182,0.18128654970760233,174
10X440,DeWitt Clinton High School,10,8,217,39,2901,586,385,492,0.17972350230414746,175
03M417,Frank McCourt High School,3,8,34,6,1253,345,120,170,0.17647058823529413,176
22K405,Midwood High School,22,8,17,3,11658,5495,910,1323,0.17647058823529413,176
09X297,Morris Academy for Collaborative Studies,9,8,74,13,568,80,123,-2,0.17567567567567569,178
10X439,Bronx High School for Law and Community Service,10,8,126,22,1467,220,108,163,0.1746031746031746,179
07X522,Bronx Design and Construction Academy,7,8,70,12,677,112,140,91,0.17142857142857143,180
10X225,Theatre Arts Production Company School,10,8,70,12,633,88,170,-2,0.17142857142857143,180
11X299,Astor Collegiate Academy,11,8,240,41,2199,342,120,189,0.17083333333333334,182
03M415,Wadleigh Secondary School for the Performing & Visual Arts,3,8,53,9,826,130,128,-2,0.16981132075471697,183
10X434,Belmont Preparatory High School,10,8,65,11,1447,203,108,176,0.16923076923076924,184
02M425,Leadership and Public Service High School,2,8,18,3,387,36,145,52,0.16666666666666666,185
03M291,West End Secondary School,3,8,12,2,1209,392,105,146,0.16666666666666666,185
10X268,Kingsbridge International High School,10,8,6,1,206,15,108,6,0.16666666666666666,185
10X342,International School for Liberal Arts,10,8,6,1,219,81,100,-2,0.16666666666666666,185
12X248,"Metropolitan High School, The",12,8,54,9,228,33,151,-2,0.16666666666666666,185
13K350,Urban Assembly School of Music and Art,13,8,12,2,494,52,108,-2,0.16666666666666666,185
13K412,Brooklyn Community Arts & Media High School (BCAM),13,8,6,1,702,113,142,-2,0.16666666666666666,185
13K483,The Urban Assembly School for Law and Justice,13,8,6,1,593,105,115,-2,0.16666666666666666,185
13K594,Gotham Professional Arts Academy,13,8,6,1,364,61,81,-2,0.16666666666666666,185
14K478,"The High School for Enterprise, Business and Technology",14,8,12,2,1197,144,249,130,0.16666666666666666,185
15K656,Brooklyn High School of the Arts,15,8,6,1,2104,574,254,272,0.16666666666666666,185
17K382,Academy for College Preparation and Career Exploration: A College Board School,17,8,6,1,837,124,108,-2,0.16666666666666666,185
19K404,Academy for Young Writers,19,8,6,1,559,71,92,82,0.16666666666666666,185
19K502,FDNY - Captain Vernon A. Richard High School for Fire and Life Safety,19,8,6,1,745,141,108,125,0.16666666666666666,185
20K490,Fort Hamilton High School,20,8,6,1,4983,1995,883,903,0.16666666666666666,185
24Q520,Middle College High School at LaGuardia Community College,24,8,6,1,1826,552,97,118,0.16666666666666666,185
24Q560,"Robert F. Wagner, Jr. Secondary School for Arts and Technology",24,8,6,1,1368,247,120,161,0.16666666666666666,185
27Q480,John Adams High School,27,8,6,1,2490,480,636,644,0.16666666666666666,185
32K403,Academy for Excellence in Leadership,32,8,6,1,653,76,108,-2,0.16666666666666666,185
08X561,Bronx Compass High School,8,8,259,43,520,70,130,-2,0.16602316602316602,204
07X600,Alfred E. Smith Career and Technical Education High School,7,8,115,19,1126,227,189,193,0.16521739130434782,205
12X446,Arturo A. Schomburg Satellite Academy Bronx,12,8,55,9,222,33,40,24,0.16363636363636364,206
12X271,East Bronx Academy for the Future,12,8,75,12,464,97,90,79,0.16,207
12X267,Bronx Latin,12,8,151,24,841,149,81,113,0.15894039735099338,208
11X513,New World High School,11,8,64,10,625,129,108,69,0.15625,209
02M139,Stephen T. Mather Building Arts & Craftsmanship High School,2,8,13,2,432,88,108,-2,0.15384615384615385,210
03M492,"High School for Law, Advocacy and Community Justice",3,8,39,6,920,170,220,-2,0.15384615384615385,210
07X223,The Laboratory School of Finance and Technology: X223,7,8,117,18,980,230,89,93,0.15384615384615385,210
09X324,Bronx Early College Academy for Teaching & Learning,9,8,52,8,549,93,81,133,0.15384615384615385,210
11X508,Bronxdale High School,11,8,224,34,1828,267,129,190,0.15178571428571427,214
02M047,47 The American Sign Language and English Secondary School,2,8,20,3,318,55,69,-2,0.15,215
08X558,Westchester Square Academy,8,8,370,55,788,106,135,114,0.14864864864864866,216
10X264,Bronx Academy for Software Engineering (BASE),10,8,122,18,1199,175,120,165,0.14754098360655737,217
12X682,Fannie Lou Hamer Freedom High School,12,8,96,14,388,73,110,83,0.14583333333333334,218
10X438,Fordham Leadership Academy,10,8,139,20,2416,416,108,155,0.14388489208633093,219
02M399,The High School For Language And Diplomacy,2,8,7,1,385,36,134,-2,0.14285714285714285,220
25Q240,Veritas Academy,25,8,7,1,526,96,130,-2,0.14285714285714285,220
26Q435,Martin Van Buren High School,26,8,7,1,1084,217,352,273,0.14285714285714285,220
09X505,"Bronx School for Law, Government and Justice",9,8,94,13,1132,259,120,154,0.13829787234042554,223
09X227,Bronx Collegiate Academy,9,8,51,7,1201,163,120,173,0.13725490196078433,224
12X521,The Metropolitan Soundview High School,12,8,146,20,453,67,120,74,0.136986301369863,225
07X548,Careers in Sports High School,7,8,95,13,1056,226,125,202,0.1368421052631579,226
02M407,Institute for Collaborative Education,2,8,15,2,836,263,61,73,0.13333333333333333,227
12X479,Bronx Career and College Preparatory High School,12,8,68,9,321,28,81,-2,0.1323529411764706,228
09X241,"Urban Assembly School for Applied Math and Science, The",9,8,46,6,561,117,90,99,0.13043478260869565,229
01M448,University Neighborhood High School,1,8,39,5,2248,447,125,185,0.1282051282051282,230
08X452,Gotham Collaborative High School,8,8,181,23,343,51,120,-2,0.1270718232044199,231
11X275,High School of Computers and Technology,11,8,79,10,715,115,181,156,0.12658227848101267,232
02M392,Manhattan Business Academy,2,8,48,6,1321,191,161,-2,0.125,233
02M531,Repertory Company High School for Theatre Arts,2,8,16,2,365,100,60,68,0.125,233
02M534,Harvest Collegiate High School,2,8,16,2,1116,115,116,-2,0.125,233
02M615,Chelsea Career and Technical Education High School,2,8,24,3,821,118,152,-2,0.125,233
03M402,The Urban Assembly School for Green Careers,3,8,8,1,494,39,120,45,0.125,233
03M859,Special Music School,3,8,8,1,482,165,50,64,0.125,233
08X348,Schuylerville Preparatory High School,8,8,176,22,286,30,108,-2,0.125,233
10X228,Jonas Bronck Academy,10,8,8,1,372,91,90,-2,0.125,233
13K670,Benjamin Banneker Academy,13,8,8,1,1912,451,225,318,0.125,233
13K674,"City Polytechnic High School of Engineering, Architecture, and Technology",13,8,8,1,1239,274,108,160,0.125,233
16K498,Brooklyn High School for Law and Technology,16,8,8,1,1730,296,151,-2,0.125,233
28Q505,Hillcrest High School,28,8,8,1,2316,496,730,517,0.125,233
31R455,Tottenville High School,31,8,8,1,3274,1627,1158,1357,0.125,233
07X527,Bronx Leadership Academy II High School,7,8,73,9,911,103,131,-2,0.1232876712328767,246
11X290,Bronx Academy of Health Careers,11,8,93,11,897,90,108,-2,0.11827956989247312,247
02M543,New Design High School,2,8,17,2,852,157,125,145,0.11764705882352941,248
08X282,Women's Academy of Excellence,8,8,85,10,172,27,108,-2,0.11764705882352941,248
09X403,Bronx International High School,9,8,78,9,537,54,135,12,0.11538461538461539,250
12X511,Bronx Envision Academy,12,8,61,7,459,44,108,-2,0.11475409836065574,251
02M316,"Urban Assembly School of Business for Young Women, the",2,8,9,1,165,17,120,-2,0.1111111111111111,252
02M438,International High School at Union Square,2,8,9,1,501,103,68,75,0.1111111111111111,252
19K507,Performing Arts and Technology High School,19,8,9,1,1103,157,125,163,0.1111111111111111,252
25Q241,Queens High School for Language Studies,25,8,9,1,371,90,125,76,0.1111111111111111,252
07X473,Mott Haven Village Preparatory High School,7,8,73,8,460,62,81,-2,0.1095890410958904,256
08X320,Pelham Lab High School,8,8,242,26,514,49,108,-2,0.10743801652892562,257
11X545,Bronx Aerospace High School,11,8,57,6,751,109,189,-2,0.10526315789473684,258
09X412,Bronx High School of Business,9,8,67,7,765,66,120,-2,0.1044776119402985,259
09X525,Bronx Leadership Academy High School,9,8,67,7,1027,107,105,123,0.1044776119402985,259
02M580,Richard R. Green High School of Teaching,2,8,10,1,1291,154,160,-2,0.1,261
06M346,Community Health Academy of the Heights,6,8,10,1,586,143,75,93,0.1,261
10X213,Bronx Engineering and Technology Academy,10,8,60,6,754,115,142,-2,0.1,261
13K595,Bedford Academy High School,13,8,10,1,2464,599,81,114,0.1,261
19K618,Academy of Innovative Technology,19,8,10,1,1048,183,115,169,0.1,261
24Q585,Maspeth High School,24,8,10,1,5045,1953,270,348,0.1,261
30Q445,William Cullen Bryant High School,30,8,10,1,1681,297,435,349,0.1,261
02M298,Pace High School,2,8,31,3,1172,169,190,177,0.0967741935483871,268
09X252,Mott Hall Bronx High School,9,8,114,11,1138,141,90,130,0.09649122807017543,269
02M395,A School Without Walls,2,8,11,1,178,36,100,-2,0.09090909090909091,270
03M860,Frederick Douglass Academy II Secondary School,3,8,11,1,309,55,95,105,0.09090909090909091,270
05M157,The Urban Assembly School for Global Commerce,5,8,11,1,207,26,81,-2,0.09090909090909091,270
06M348,Washington Heights Expeditionary Learning School,6,8,11,1,689,175,100,115,0.09090909090909091,270
06M462,The College Academy,6,8,22,2,814,121,121,129,0.09090909090909091,270
28Q620,Thomas A. Edison Career and Technical Education High School,28,8,11,1,6131,2355,473,583,0.09090909090909091,270
30Q450,Long Island City High School,30,8,11,1,1827,403,790,432,0.09090909090909091,270
30Q575,Academy of American Studies,30,8,11,1,2727,819,170,224,0.09090909090909091,270
02M303,"Facing History School, The",2,8,12,1,421,87,107,-2,0.08333333333333333,278
02M305,"Urban Assembly Academy of Government and Law, The",2,8,12,1,573,75,100,-2,0.08333333333333333,278
02M419,Landmark High School,2,8,12,1,457,37,100,-2,0.08333333333333333,278
03M307,"Urban Assembly School for Media Studies, The",3,8,12,1,328,71,126,109,0.08333333333333333,278
05M670,Thurgood Marshall Academy for Learning and Social Change,5,8,12,1,340,71,108,-2,0.08333333333333333,278
07X334,International Community High School,7,8,24,2,210,40,81,23,0.08333333333333333,278
10X351,Bronx Collaborative High School,10,8,12,1,582,47,150,-2,0.08333333333333333,278
24Q550,High School for Arts and Business,24,8,12,1,2257,552,191,255,0.08333333333333333,278
12X251,Explorations Academy H.S.,12,8,85,7,476,39,117,-2,0.08235294117647059,286
06M467,High School for Law and Public Service,6,8,26,2,643,95,167,84,0.07692307692307693,287
10X237,"The Marie Curie High School for Medicine, Nursing, and Health Professions",10,8,14,1,334,46,135,-2,0.07142857142857142,288
29Q498,"Health, Arts, Robotics, and Technology High School",29,8,14,1,1435,293,196,264,0.07142857142857142,288
02M605,Humanities Preparatory Academy,2,8,15,1,861,101,75,-2,0.06666666666666667,290
09X263,Validus Preparatory Academy,9,8,16,1,264,33,90,-2,0.0625,291
10X433,High School for Teaching and the Professions,10,8,17,1,344,61,102,-2,0.058823529411764705,292
02M374,Gramercy Arts High School,2,8,35,2,1038,129,204,78,0.05714285714285714,293
07X551,The Urban Assembly Bronx Academy of Letters,7,8,18,1,309,45,108,58,0.05555555555555555,294
03M610,Young Women's Leadership School,3,8,19,1,370,113,81,-2,0.05263157894736842,295
06M463,High School for Media and Communications,6,8,19,1,505,61,150,-2,0.05263157894736842,295
06M552,Gregorio Luperon High School for Science and Mathematics,6,8,19,1,573,165,150,45,0.05263157894736842,295
09X564,Claremont International HS,9,8,19,1,412,50,81,25,0.05263157894736842,295
10X368,In-Tech Academy (M.S. / High School 368),10,8,38,2,707,244,160,205,0.05263157894736842,295
25Q425,John Bowne High School,25,8,19,1,3116,720,783,809,0.05263157894736842,295
05M304,Mott Hall High School,5,8,20,1,455,53,108,-2,0.05,301
24Q600,Queens Technical High School,24,8,20,1,3942,1196,350,423,0.05,301
09X404,School for Excellence,9,8,21,1,134,13,116,-2,0.047619047619047616,303
11X514,The Bronxwood Preparatory Academy,11,8,21,1,668,93,120,150,0.047619047619047616,303
02M427,Manhattan Academy For Arts & Language,2,8,22,1,389,72,108,49,0.045454545454545456,305
05M369,Urban Assembly School for the Performing Arts,5,8,22,1,372,52,108,-2,0.045454545454545456,305
07X427,Community School for Social Justice,7,8,22,1,229,33,81,-2,0.045454545454545456,305
10X524,Crotona International High School,10,8,22,1,309,47,81,19,0.045454545454545456,305
03M403,The Global Learning Collaborative,3,8,23,1,754,90,108,-2,0.043478260869565216,309
10X549,Discovery High School,10,8,23,1,716,95,108,135,0.043478260869565216,309
02M294,Essex Street Academy,2,8,24,1,2478,562,90,125,0.041666666666666664,311
09X543,High School for Violin and Dance,9,8,24,1,149,19,108,-2,0.041666666666666664,311
02M282,Urban Assembly Maker Academy,2,8,25,1,1074,175,150,216,0.04,313
02M655,The High School for Climate Justice,2,8,25,1,298,60,152,105,0.04,313
08X636,Virtual Innovators Academy,8,8,25,1,113,31,80,-2,0.04,313
04M680,"Heritage School, The",4,8,27,1,482,60,80,-2,0.037037037037037035,316
06M211,Inwood Early College for Health and Information Technologies,6,8,27,1,745,156,111,-2,0.037037037037037035,316
11X265,Bronx Lab School,11,8,29,1,381,47,123,-2,0.034482758620689655,318
02M533,Union Square Academy for Health Sciences,2,8,31,1,834,154,163,143,0.03225806451612903,319
02M432,Murray Hill Academy,2,8,33,1,558,76,90,-2,0.030303030303030304,320
10X565,High School for Energy and Technology,10,8,34,1,503,51,120,-2,0.029411764705882353,321
10X284,Bronx School of Law and Finance,10,8,36,1,558,58,130,-2,0.027777777777777776,322
06M468,High School for Health Careers and Sciences,6,8,37,1,822,121,268,-2,0.02702702702702703,323
10X477,Marble Hill High School for International Studies,10,8,37,1,810,158,108,139,0.02702702702702703,323
09X327,Comprehensive Model School Project M.S. 327,9,8,38,1,706,224,90,103,0.02631578947368421,325
10X546,Bronx Theatre High School,10,8,38,1,414,45,128,-2,0.02631578947368421,325
09X329,DreamYard Preparatory School,9,8,43,1,522,57,108,64,0.023255813953488372,327
10X243,West Bronx Academy for the Future,10,8,43,1,917,136,90,109,0.023255813953488372,327
09X517,Frederick Douglass Academy III Secondary School,9,8,46,1,404,35,108,-2,0.021739130434782608,329
02M400,High School for Environmental Studies,2,8,50,1,2558,395,344,385,0.02,330
11X544,High School for Contemporary Arts,11,8,52,1,607,55,240,-2,0.019230769230769232,331
09X250,Eximius College Preparatory Academy: A College Board School,9,8,61,1,761,90,108,-2,0.01639344262295082,332
02M313,"James Baldwin School, The: A School for Expeditionary Learning",2,9,1,1,71,14,25,-2,1.0,334
02M586,Harvey Milk High School,2,9,1,1,40,3,45,-1,1.0,334
13K265,Dr. Susan S. McKinney Secondary School of the Arts,13,9,1,1,362,54,82,-2,1.0,334
13K439,Brooklyn International High School,13,9,1,1,409,71,81,53,1.0,334
13K594,Gotham Professional Arts Academy,13,9,1,1,364,61,81,-2,1.0,334
14K558,Williamsburg High School for Architecture and Design,14,9,3,3,1223,253,155,212,1.0,1
14K586,Lyons Community School,14,9,1,1,174,32,81,-2,1.0,334
14K685,El Puente Academy for Peace and Justice,14,9,1,1,134,25,70,-2,1.0,334
15K429,Digital Arts and Cinema Technology High School,15,9,1,1,579,105,90,94,1.0,334
15K448,Brooklyn Collaborative Studies,15,9,1,1,693,99,90,110,1.0,334
15K463,Cyberarts Studio Academy,15,9,1,1,256,30,125,-2,1.0,334
15K464,Park Slope Collegiate,15,9,1,1,613,115,102,130,1.0,334
15K667,Sunset Park High School,15,9,1,1,989,260,354,-2,1.0,334
16K455,Boys and Girls High School,16,9,1,1,712,68,369,96,1.0,334
16K688,The Brooklyn Academy of Global Finance,16,9,1,1,469,56,108,-2,1.0,334
16K765,Nelson Mandela High School,16,9,1,1,250,25,114,-2,1.0,334
17K122,Pathways in Technology Early College High School (P-Tech),17,9,1,1,712,114,150,-2,1.0,334
17K548,Brooklyn School for Music & Theatre,17,9,1,1,522,74,108,-2,1.0,334
17K590,Medgar Evers College Preparatory School,17,9,2,2,2078,676,220,237,1.0,1
18K566,Brooklyn Community High School for Excellence and Equity,18,9,1,1,448,61,75,-2,1.0,334
18K576,Victory Collegiate High School,18,9,1,1,305,61,140,-2,1.0,334
19K583,Multicultural High School,19,9,1,1,320,88,111,64,1.0,334
19K639,Brooklyn Lab School,19,9,1,1,980,152,102,143,1.0,334
20K485,High School of Telecommunication Arts and Technology,20,9,1,1,2973,1210,310,363,1.0,334
20K505,Franklin Delano Roosevelt High School,20,9,1,1,3723,924,710,852,1.0,334
21K525,Edward R. Murrow High School,21,9,1,1,6293,2283,933,1196,1.0,334
21K572,Leaders High School,21,9,1,1,462,119,110,141,1.0,334
22K425,James Madison High School,22,9,1,1,6968,2801,837,940,1.0,334
23K493,Brooklyn Collegiate: A College Board School,23,9,1,1,727,113,120,-2,1.0,334
23K514,Frederick Douglass Academy VII High School,23,9,1,1,532,76,108,85,1.0,334
23K697,Teachers Preparatory High School,23,9,1,1,187,35,90,-2,1.0,334
25Q670,Robert F. Kennedy Community High School,25,9,1,1,1012,254,150,223,1.0,334
26Q415,Benjamin N. Cardozo High School,26,9,1,1,4527,1666,684,926,1.0,334
26Q435,Martin Van Buren High School,26,9,1,1,1084,217,352,273,1.0,334
26Q566,"Queens High School of Teaching, Liberal Arts and the Sciences",26,9,1,1,671,231,258,222,1.0,334
27Q324,Rockaway Park High School for Environmental Sustainability,27,9,2,2,164,25,108,51,1.0,1
28Q167,Metropolitan Expeditionary Learning School,28,9,1,1,1254,467,125,141,1.0,334
28Q328,High School for Community Leadership,28,9,1,1,671,160,150,231,1.0,334
28Q680,Queens Gateway to Health Sciences Secondary School,28,9,1,1,1238,384,108,147,1.0,334
28Q690,High School for Law Enforcement and Public Safety,28,9,1,1,396,91,165,109,1.0,334
30Q417,Gotham Tech High School,30,9,1,1,631,96,90,-2,1.0,334
30Q575,Academy of American Studies,30,9,1,1,2727,819,170,224,1.0,334
30Q580,Baccalaureate School for Global Education,30,9,2,2,1732,937,97,94,1.0,1
31R450,Curtis High School,31,9,1,1,1967,690,804,754,1.0,334
31R455,Tottenville High School,31,9,1,1,3274,1627,1158,1357,1.0,334
31R600,Ralph R. McKee Career and Technical Education High School,31,9,1,1,620,198,316,180,1.0,334
32K549,The Brooklyn School for Social Justice,32,9,1,1,425,47,120,-2,1.0,334
24Q520,Middle College High School at LaGuardia Community College,24,9,4,3,1826,552,97,118,0.75,5
13K674,"City Polytechnic High School of Engineering, Architecture, and Technology",13,9,6,4,1239,274,108,160,0.6666666666666666,6
16K498,Brooklyn High School for Law and Technology,16,9,5,3,1730,296,151,-2,0.6,7
03M479,Beacon High School,3,9,312,172,7891,4442,360,493,0.5512820512820513,8
03M859,Special Music School,3,9,11,6,482,165,50,64,0.5454545454545454,9
01M515,Lower East Side Preparatory High School,1,9,2,1,317,89,75,-2,0.5,10
02M550,Liberty High School Academy for Newcomers,2,9,2,1,99,16,50,6,0.5,10
03M299,The Maxine Greene HS for Imaginative Inquiry,3,9,2,1,77,10,120,-2,0.5,10
08X348,Schuylerville Preparatory High School,8,9,2,1,286,30,108,-2,0.5,10
13K412,Brooklyn Community Arts & Media High School (BCAM),13,9,2,1,702,113,142,-2,0.5,10
13K419,"Science Skills Center High School for Science, Technology and the Creative Arts",13,9,2,1,909,111,258,143,0.5,10
13K527,Urban Assembly Institute of Math and Science for Young Women,13,9,2,1,237,54,81,60,0.5,10
13K605,George Westinghouse Career and Technical Education High School,13,9,2,1,1254,203,254,194,0.5,10
14K474,PROGRESS High School for Professional Careers,14,9,2,1,506,81,153,-2,0.5,10
15K519,Cobble Hill School of American Studies,15,9,2,1,481,62,278,-2,0.5,10
15K592,Khalil Gibran International Academy,15,9,2,1,101,19,81,-2,0.5,10
17K547,Brooklyn Academy of Science and the Environment,17,9,2,1,373,53,108,-2,0.5,10
17K745,Brooklyn Institute for Liberal Arts,17,9,2,1,761,109,175,158,0.5,10
18K617,High School for Innovation in Advertising and Media,18,9,2,1,522,101,81,91,0.5,10
19K422,Spring Creek Community School,19,9,2,1,341,50,73,-2,0.5,10
19K507,Performing Arts and Technology High School,19,9,2,1,1103,157,125,163,0.5,10
19K510,World Academy for Total Community Health High School,19,9,2,1,417,29,98,-2,0.5,10
19K615,Transit Tech Career and Technical Education High School,19,9,2,1,1168,225,315,-2,0.5,10
19K660,W. H. Maxwell Career and Technical Education High School,19,9,2,1,991,185,305,164,0.5,10
19K953,The East New York Arts and Civics High School,19,9,2,1,169,23,68,-2,0.5,10
21K410,Abraham Lincoln High School,21,9,2,1,2225,539,741,604,0.5,10
21K468,Kingsborough Early College School,21,9,2,1,1229,429,110,122,0.5,10
21K540,John Dewey High School,21,9,2,1,2573,622,553,577,0.5,10
22K535,Leon M. Goldstein High School for the Sciences,22,9,2,1,3985,2007,258,429,0.5,10
22K555,Brooklyn College Academy,22,9,2,1,2698,911,170,228,0.5,10
24Q585,Maspeth High School,24,9,2,1,5045,1953,270,348,0.5,10
25Q285,World Journalism Preparatory: A College Board School,25,9,2,1,448,162,90,139,0.5,10
25Q425,John Bowne High School,25,9,6,3,3116,720,783,809,0.5,10
26Q495,Bayside High School,26,9,2,1,6914,2765,851,1041,0.5,10
27Q262,Channel View School for Research,27,9,2,1,755,267,194,212,0.5,10
27Q309,Academy of Medical Technology: A College Board School,27,9,2,1,626,120,105,109,0.5,10
28Q284,York Early College Academy,28,9,2,1,1602,580,81,91,0.5,10
28Q440,Forest Hills High School,28,9,2,1,7184,2477,702,851,0.5,10
28Q686,Queens Metropolitan High School,28,9,2,1,2321,931,279,279,0.5,10
29Q259,Pathways College Preparatory School: A College Board School,29,9,2,1,440,145,186,167,0.5,10
30Q258,Energy Tech High School,30,9,2,1,1535,348,108,145,0.5,10
30Q445,William Cullen Bryant High School,30,9,2,1,1681,297,435,349,0.5,10
31R440,New Dorp High School,31,9,2,1,2806,1011,668,887,0.5,10
32K552,The Academy of Urban Planning and Engineering,32,9,2,1,737,128,113,-2,0.5,10
01M696,Bard High School Early College,1,9,87,40,3946,2196,125,198,0.45977011494252873,49
03M541,Manhattan / Hunter Science High School,3,9,231,102,5406,2689,108,176,0.44155844155844154,50
07X495,University Heights Secondary School,7,9,414,178,2181,787,140,203,0.42995169082125606,51
24Q299,Bard High School Early College Queens,24,9,17,7,3866,2227,125,166,0.4117647058823529,52
12X641,Bard High School Early College Bronx,12,9,192,78,1391,613,100,106,0.40625,53
02M139,Stephen T. Mather Building Arts & Craftsmanship High School,2,9,30,12,432,88,108,-2,0.4,54
14K561,Williamsburg Preparatory School,14,9,5,2,1131,226,180,236,0.4,54
15K462,John Jay School for Law,15,9,5,2,1012,184,125,-2,0.4,54
23K644,Eagle Academy for Young Men II,23,9,5,2,554,179,92,139,0.4,54
09X327,Comprehensive Model School Project M.S. 327,9,9,473,187,706,224,90,103,0.3953488372093023,58
04M435,Manhattan Center for Science and Mathematics,4,9,325,122,5010,1993,440,709,0.37538461538461537,59
02M551,Urban Assembly New York Harbor School,2,9,8,3,724,221,200,-2,0.375,60
12X682,Fannie Lou Hamer Freedom High School,12,9,24,9,388,73,110,83,0.375,60
14K610,A-Tech High School,14,9,8,3,1273,264,224,243,0.375,60
02M411,Baruch College Campus High School,2,9,203,76,6773,2753,118,188,0.37438423645320196,63
04M555,Central Park East High School,4,9,354,131,4762,1538,125,215,0.3700564971751412,64
05M362,Columbia Secondary School,5,9,230,84,4258,1769,112,175,0.3652173913043478,65
30Q301,Academy for Careers in Television and Film,30,9,11,4,1410,330,151,200,0.36363636363636365,66
01M539,"New Explorations into Science, Technology and Math High School",1,9,50,18,3743,2047,150,289,0.36,67
03M307,"Urban Assembly School for Media Studies, The",3,9,28,10,328,71,126,109,0.35714285714285715,68
02M543,New Design High School,2,9,37,13,852,157,125,145,0.35135135135135137,69
09X365,Academy for Language and Technology,9,9,260,87,773,224,92,89,0.3346153846153846,70
01M458,Forsyth Satellite Academy,1,9,3,1,60,12,28,-2,0.3333333333333333,71
02M376,NYC iSchool,2,9,51,17,2459,931,118,158,0.3333333333333333,71
02M520,Murry Bergtraum High School for Business Careers,2,9,3,1,222,38,240,-2,0.3333333333333333,71
02M545,High School for Dual Language and Asian Studies,2,9,6,2,769,299,108,150,0.3333333333333333,71
04M372,Esperanza Preparatory Academy,4,9,9,3,322,114,106,120,0.3333333333333333,71
13K483,The Urban Assembly School for Law and Justice,13,9,3,1,593,105,115,-2,0.3333333333333333,71
13K670,Benjamin Banneker Academy,13,9,3,1,1912,451,225,318,0.3333333333333333,71
14K071,Juan Morel Campos Secondary School,14,9,3,1,341,78,101,69,0.3333333333333333,71
14K477,East Williamsburg Scholars Academy,14,9,3,1,650,90,234,-2,0.3333333333333333,71
14K614,Young Women's Leadership School of Brooklyn,14,9,3,1,251,47,93,59,0.3333333333333333,71
15K497,The Boerum Hill School for International Studies,15,9,3,1,801,155,125,-2,0.3333333333333333,71
15K684,Millennium Brooklyn HS,15,9,6,2,5385,2365,178,252,0.3333333333333333,71
17K543,"Science, Technology and Research Early College High School at Erasmus",17,9,3,1,790,197,130,145,0.3333333333333333,71
17K546,High School for Public Service: Heroes of Tomorrow,17,9,3,1,656,69,130,-2,0.3333333333333333,71
17K600,Clara Barton High School,17,9,6,2,1276,355,434,-2,0.3333333333333333,71
18K633,High School for Medical Professions,18,9,3,1,666,99,108,116,0.3333333333333333,71
18K637,Academy for Conservation and the Environment,18,9,3,1,727,92,170,217,0.3333333333333333,71
19K764,The Urban Assembly School for Collaborative Healthcare,19,9,3,1,419,71,81,-2,0.3333333333333333,71
20K445,New Utrecht High School,20,9,3,1,4568,1443,630,730,0.3333333333333333,71
20K490,Fort Hamilton High School,20,9,3,1,4983,1995,883,903,0.3333333333333333,71
21K348,High School of Sports Management,21,9,3,1,386,75,176,-2,0.3333333333333333,71
21K620,William E. Grady Career and Technical Education High School,21,9,3,1,970,205,305,214,0.3333333333333333,71
25Q460,Flushing High School,25,9,3,1,1592,289,419,419,0.3333333333333333,71
26Q430,Francis Lewis High School,26,9,6,2,8708,3905,913,1030,0.3333333333333333,71
27Q302,"Queens High School for Information, Research, and Technology",27,9,3,1,671,160,130,177,0.3333333333333333,71
27Q480,John Adams High School,27,9,3,1,2490,480,636,644,0.3333333333333333,71
28Q310,Queens Collegiate: A College Board School,28,9,3,1,453,67,115,77,0.3333333333333333,71
28Q350,Jamaica Gateway to the Sciences,28,9,3,1,1005,210,150,184,0.3333333333333333,71
28Q505,Hillcrest High School,28,9,3,1,2316,496,730,517,0.3333333333333333,71
29Q248,Queens Preparatory Academy,29,9,3,1,383,62,100,-2,0.3333333333333333,71
29Q265,Excelsior Preparatory High School,29,9,3,1,353,58,108,95,0.3333333333333333,71
29Q326,Cambria Heights Academy,29,9,3,1,581,113,81,103,0.3333333333333333,71
30Q286,"Young Women's Leadership School, Astoria",30,9,3,1,453,156,81,103,0.3333333333333333,71
31R460,Susan E. Wagner High School,31,9,3,1,2611,968,660,631,0.3333333333333333,71
32K556,Bushwick Leaders High School for Academic Excellence,32,9,3,1,768,125,120,-2,0.3333333333333333,71
09X505,"Bronx School for Law, Government and Justice",9,9,452,148,1132,259,120,154,0.3274336283185841,106
09X231,Eagle Academy for Young Men,9,9,89,29,455,163,80,130,0.3258426966292135,107
02M600,The High School of Fashion Industries,2,9,102,33,2046,720,475,395,0.3235294117647059,108
24Q610,Aviation Career & Technical Education High School,24,9,19,6,4123,1548,530,723,0.3157894736842105,109
02M408,Professional Performing Arts High School,2,9,29,9,1255,378,128,180,0.3103448275862069,110
10X442,"Celia Cruz Bronx High School of Music, The",10,9,56,17,561,165,140,114,0.30357142857142855,111
02M416,Eleanor Roosevelt High School,2,9,248,74,7699,3749,136,224,0.29838709677419356,112
04M495,Park East High School,4,9,191,56,2653,739,100,166,0.2931937172774869,113
02M533,Union Square Academy for Health Sciences,2,9,58,17,834,154,163,143,0.29310344827586204,114
07X548,Careers in Sports High School,7,9,266,76,1056,226,125,202,0.2857142857142857,115
09X568,Young Women's Leadership School of the Bronx,9,9,158,45,449,109,90,127,0.2848101265822785,116
05M670,Thurgood Marshall Academy for Learning and Social Change,5,9,25,7,340,71,108,-2,0.28,117
02M418,Millennium High School,2,9,79,22,5541,2290,176,286,0.27848101265822783,118
22K405,Midwood High School,22,9,18,5,11658,5495,910,1323,0.2777777777777778,119
02M546,Academy for Software Engineering,2,9,100,27,1992,388,125,201,0.27,120
09X241,"Urban Assembly School for Applied Math and Science, The",9,9,256,68,561,117,90,99,0.265625,121
02M542,Manhattan Bridges High School,2,9,73,19,904,224,172,95,0.2602739726027397,122
08X293,Renaissance High School for Musical Theater and the Arts,8,9,43,11,660,115,110,-2,0.2558139534883721,123
06M552,Gregorio Luperon High School for Science and Mathematics,6,9,67,17,573,165,150,45,0.2537313432835821,124
09X260,Bronx Center for Science and Mathematics,9,9,651,164,2530,621,108,201,0.2519201228878648,125
02M420,High School for Health Professions and Human Services,2,9,135,34,2991,776,477,590,0.2518518518518518,126
02M260,The Clinton School,2,9,28,7,2837,1151,134,221,0.25,127
02M422,Quest to Learn,2,9,4,1,177,27,108,41,0.25,127
02M439,Manhattan Village Academy,2,9,132,33,3002,860,100,201,0.25,127
03M610,Young Women's Leadership School,3,9,24,6,370,113,81,-2,0.25,127
12X388,Pan American International High School at Monroe,12,9,36,9,310,71,108,43,0.25,127
17K528,The High School for Global Citizenship,17,9,4,1,524,55,100,63,0.25,127
27Q323,Scholars' Academy,27,9,4,1,1065,580,154,186,0.25,127
27Q400,August Martin High School,27,9,4,1,960,177,250,218,0.25,127
31R445,Port Richmond High School,31,9,4,1,1267,334,564,435,0.25,127
06M293,City College Academy of the Arts,6,9,102,25,1028,337,81,95,0.24509803921568626,136
02M630,Art and Design High School,2,9,151,36,3594,1359,385,523,0.23841059602649006,137
10X342,International School for Liberal Arts,10,9,38,9,219,81,100,-2,0.23684210526315788,138
02M300,"Urban Assembly School of Design and Construction, The",2,9,30,7,346,43,108,-2,0.23333333333333334,139
02M519,Talent Unlimited High School,2,9,60,14,1599,468,152,213,0.23333333333333334,139
25Q525,Townsend Harris High School,25,9,22,5,6780,4957,290,374,0.22727272727272727,141
02M288,Food and Finance High School,2,9,89,20,1225,264,150,211,0.2247191011235955,142
02M534,Harvest Collegiate High School,2,9,32,7,1116,115,116,-2,0.21875,143
03M291,West End Secondary School,3,9,32,7,1209,392,105,146,0.21875,143
08X269,Bronx Studio School for Writers and Artists,8,9,60,13,481,130,90,113,0.21666666666666667,145
02M507,Urban Assembly Gateway School for Technology,2,9,51,11,1299,278,108,146,0.21568627450980393,146
10X438,Fordham Leadership Academy,10,9,349,75,2416,416,108,155,0.2148997134670487,147
09X324,Bronx Early College Academy for Teaching & Learning,9,9,252,54,549,93,81,133,0.21428571428571427,148
11X508,Bronxdale High School,11,9,159,34,1828,267,129,190,0.2138364779874214,149
09X413,Bronx High School for Medical Science,9,9,383,81,1104,178,90,170,0.21148825065274152,150
02M412,N.Y.C. Lab School for Collaborative Studies,2,9,57,12,3134,1067,109,161,0.21052631578947367,151
03M417,Frank McCourt High School,3,9,43,9,1253,345,120,170,0.20930232558139536,152
07X600,Alfred E. Smith Career and Technical Education High School,7,9,246,51,1126,227,189,193,0.2073170731707317,153
11X288,Collegiate Institute for Math and Science,11,9,121,25,1764,317,133,200,0.2066115702479339,154
01M292,Orchard Collegiate Academy,1,9,5,1,280,71,90,-2,0.2,155
13K963,Design Works High School,13,9,5,1,607,86,81,-2,0.2,155
14K488,Brooklyn Preparatory High School,14,9,5,1,1061,174,153,-2,0.2,155
18K629,Cultural Academy for the Arts and Sciences,18,9,5,1,567,70,116,80,0.2,155
28Q620,Thomas A. Edison Career and Technical Education High School,28,9,10,2,6131,2355,473,583,0.2,155
29Q498,"Health, Arts, Robotics, and Technology High School",29,9,5,1,1435,293,196,264,0.2,155
07X522,Bronx Design and Construction Academy,7,9,137,27,677,112,140,91,0.19708029197080293,161
05M499,Frederick Douglass Academy,5,9,144,28,903,195,325,214,0.19444444444444445,162
06M348,Washington Heights Expeditionary Learning School,6,9,156,30,689,175,100,115,0.19230769230769232,163
10X437,Fordham High School for the Arts,10,9,256,49,1826,399,130,158,0.19140625,164
10X353,World View High School,10,9,209,40,1343,263,150,195,0.19138755980861244,165
03M415,Wadleigh Secondary School for the Performing & Visual Arts,3,9,68,13,826,130,128,-2,0.19117647058823528,166
07X259,"H.E.R.O. High (Health, Education, and Research Occupations High School)",7,9,128,24,862,174,250,182,0.1875,167
10X433,High School for Teaching and the Professions,10,9,48,9,344,61,102,-2,0.1875,167
06M540,A. Philip Randolph Campus High School,6,9,257,48,2050,408,471,379,0.1867704280155642,169
10X213,Bronx Engineering and Technology Academy,10,9,134,25,754,115,142,-2,0.1865671641791045,170
11X545,Bronx Aerospace High School,11,9,65,12,751,109,189,-2,0.18461538461538463,171
08X312,Millennium Art Academy,8,9,49,9,625,136,112,117,0.1836734693877551,172
02M438,International High School at Union Square,2,9,11,2,501,103,68,75,0.18181818181818182,173
02M400,High School for Environmental Studies,2,9,94,17,2558,395,344,385,0.18085106382978725,174
07X223,The Laboratory School of Finance and Technology: X223,7,9,124,22,980,230,89,93,0.1774193548387097,175
30Q501,Frank Sinatra School of the Arts High School,30,9,17,3,3557,1643,236,416,0.17647058823529413,176
10X374,Knowledge and Power Preparatory Academy International High School (Kappa),10,9,387,68,2279,431,120,179,0.17571059431524547,177
05M304,Mott Hall High School,5,9,57,10,455,53,108,-2,0.17543859649122806,178
06M346,Community Health Academy of the Heights,6,9,57,10,586,143,75,93,0.17543859649122806,178
06M468,High School for Health Careers and Sciences,6,9,114,20,822,121,268,-2,0.17543859649122806,178
01M448,University Neighborhood High School,1,9,46,8,2248,447,125,185,0.17391304347826086,181
10X440,DeWitt Clinton High School,10,9,432,75,2901,586,385,492,0.1736111111111111,182
09X263,Validus Preparatory Academy,9,9,125,21,264,33,90,-2,0.168,183
02M294,Essex Street Academy,2,9,36,6,2478,562,90,125,0.16666666666666666,184
02M655,The High School for Climate Justice,2,9,12,2,298,60,152,105,0.16666666666666666,184
05M157,The Urban Assembly School for Global Commerce,5,9,6,1,207,26,81,-2,0.16666666666666666,184
06M211,Inwood Early College for Health and Information Technologies,6,9,72,12,745,156,111,-2,0.16666666666666666,184
08X282,Women's Academy of Excellence,8,9,6,1,172,27,108,-2,0.16666666666666666,184
17K408,Academy of Hospitality and Tourism,17,9,6,1,571,89,118,-2,0.16666666666666666,184
19K404,Academy for Young Writers,19,9,6,1,559,71,92,82,0.16666666666666666,184
24Q485,Grover Cleveland High School,24,9,6,1,1552,359,420,437,0.16666666666666666,184
24Q560,"Robert F. Wagner, Jr. Secondary School for Arts and Technology",24,9,6,1,1368,247,120,161,0.16666666666666666,184
26Q315,Business Technology Early College High School,26,9,6,1,1032,289,180,272,0.16666666666666666,184
27Q650,"High School for Construction Trades, Engineering and Architecture",27,9,6,1,3028,1209,247,311,0.16666666666666666,184
29Q272,George Washington Carver High School for the Sciences,29,9,6,1,590,92,93,-2,0.16666666666666666,184
30Q450,Long Island City High School,30,9,6,1,1827,403,790,432,0.16666666666666666,184
32K168,The Brooklyn School for Math and Research,32,9,6,1,710,99,108,148,0.16666666666666666,184
32K554,All City Leadership Secondary School,32,9,6,1,911,247,62,62,0.16666666666666666,184
02M615,Chelsea Career and Technical Education High School,2,9,43,7,821,118,152,-2,0.16279069767441862,199
12X267,Bronx Latin,12,9,197,32,841,149,81,113,0.16243654822335024,200
02M280,Manhattan Early College School for Advertising,2,9,37,6,572,88,112,-2,0.16216216216216217,201
02M298,Pace High School,2,9,74,12,1172,169,190,177,0.16216216216216217,201
10X225,Theatre Arts Production Company School,10,9,107,17,633,88,170,-2,0.1588785046728972,203
09X252,Mott Hall Bronx High School,9,9,404,64,1138,141,90,130,0.15841584158415842,204
07X334,International Community High School,7,9,51,8,210,40,81,23,0.1568627450980392,205
05M369,Urban Assembly School for the Performing Arts,5,9,45,7,372,52,108,-2,0.15555555555555556,206
02M580,Richard R. Green High School of Teaching,2,9,13,2,1291,154,160,-2,0.15384615384615385,207
10X141,Riverdale / Kingsbridge Academy (Middle School / High School 141),10,9,39,6,648,268,210,288,0.15384615384615385,207
09X227,Bronx Collegiate Academy,9,9,534,82,1201,163,120,173,0.15355805243445692,209
03M492,"High School for Law, Advocacy and Community Justice",3,9,61,9,920,170,220,-2,0.14754098360655737,210
10X237,"The Marie Curie High School for Medicine, Nursing, and Health Professions",10,9,41,6,334,46,135,-2,0.14634146341463414,211
10X565,High School for Energy and Technology,10,9,62,9,503,51,120,-2,0.14516129032258066,212
07X625,Bronx Legacy High School,7,9,174,25,690,97,90,-2,0.14367816091954022,213
09X564,Claremont International HS,9,9,188,27,412,50,81,25,0.14361702127659576,214
02M395,A School Without Walls,2,9,7,1,178,36,100,-2,0.14285714285714285,215
02M425,Leadership and Public Service High School,2,9,14,2,387,36,145,52,0.14285714285714285,215
02M500,Unity Center for Urban Technologies,2,9,14,2,274,48,95,136,0.14285714285714285,215
13K595,Bedford Academy High School,13,9,7,1,2464,599,81,114,0.14285714285714285,215
17K537,High School for Youth and Community Development at Erasmus,17,9,7,1,488,82,140,-2,0.14285714285714285,215
27Q260,Frederick Douglass Academy VI High School,27,9,7,1,482,71,121,-2,0.14285714285714285,215
11X542,Pelham Preparatory Academy,11,9,176,25,2331,448,130,211,0.14204545454545456,221
07X500,Hostos-Lincoln Academy of Science,7,9,113,16,751,158,81,121,0.1415929203539823,222
08X561,Bronx Compass High School,8,9,50,7,520,70,130,-2,0.14,223
02M414,N.Y.C. Museum School,2,9,51,7,3022,865,150,254,0.13725490196078433,224
11X455,Harry S Truman High School,11,9,157,21,1891,390,913,-2,0.1337579617834395,225
08X405,Herbert H. Lehman High School,8,9,152,20,2078,405,528,479,0.13157894736842105,226
10X243,West Bronx Academy for the Future,10,9,130,17,917,136,90,109,0.13076923076923078,227
10X368,In-Tech Academy (M.S. / High School 368),10,9,55,7,707,244,160,205,0.12727272727272726,228
07X670,Health Opportunities High School,7,9,79,10,477,47,75,-2,0.12658227848101267,229
15K656,Brooklyn High School of the Arts,15,9,8,1,2104,574,254,272,0.125,230
17K382,Academy for College Preparation and Career Exploration: A College Board School,17,9,8,1,837,124,108,-2,0.125,230
10X477,Marble Hill High School for International Studies,10,9,113,14,810,158,108,139,0.12389380530973451,232
06M463,High School for Media and Communications,6,9,74,9,505,61,150,-2,0.12162162162162163,233
10X439,Bronx High School for Law and Community Service,10,9,222,27,1467,220,108,163,0.12162162162162163,233
09X329,DreamYard Preparatory School,9,9,217,26,522,57,108,64,0.11981566820276497,235
11X290,Bronx Academy of Health Careers,11,9,109,13,897,90,108,-2,0.11926605504587157,236
07X473,Mott Haven Village Preparatory High School,7,9,68,8,460,62,81,-2,0.11764705882352941,237
09X404,School for Excellence,9,9,51,6,134,13,116,-2,0.11764705882352941,237
10X264,Bronx Academy for Software Engineering (BASE),10,9,170,20,1199,175,120,165,0.11764705882352941,237
11X249,Bronx Health Sciences High School,11,9,163,19,1270,225,200,261,0.1165644171779141,240
09X525,Bronx Leadership Academy High School,9,9,372,43,1027,107,105,123,0.11559139784946236,241
03M494,High School of Arts and Technology,3,9,78,9,1037,132,140,-2,0.11538461538461539,242
06M462,The College Academy,6,9,132,15,814,121,121,129,0.11363636363636363,243
02M393,Business Of Sports School,2,9,90,10,1151,248,129,210,0.1111111111111111,244
02M407,Institute for Collaborative Education,2,9,9,1,836,263,61,73,0.1111111111111111,244
11X275,High School of Computers and Technology,11,9,54,6,715,115,181,156,0.1111111111111111,244
24Q530,International High School at LaGuardia Community College,24,9,9,1,1236,505,119,114,0.1111111111111111,244
24Q600,Queens Technical High School,24,9,9,1,3942,1196,350,423,0.1111111111111111,244
07X527,Bronx Leadership Academy II High School,7,9,319,35,911,103,131,-2,0.109717868338558,249
09X297,Morris Academy for Collaborative Studies,9,9,228,25,568,80,123,-2,0.10964912280701754,250
10X434,Belmont Preparatory High School,10,9,226,24,1447,203,108,176,0.10619469026548672,251
09X403,Bronx International High School,9,9,155,16,537,54,135,12,0.1032258064516129,252
09X517,Frederick Douglass Academy III Secondary School,9,9,156,16,404,35,108,-2,0.10256410256410256,253
08X349,Bronx River High School,8,9,80,8,1172,196,108,168,0.1,254
24Q550,High School for Arts and Business,24,9,10,1,2257,552,191,255,0.1,254
29Q327,Eagle Academy for Young Men III,29,9,10,1,324,112,120,-2,0.1,254
07X221,South Bronx Preparatory: A College Board School,7,9,134,13,782,161,123,148,0.09701492537313433,257
09X250,Eximius College Preparatory Academy: A College Board School,9,9,299,29,761,90,108,-2,0.09698996655518395,258
02M489,High School of Economics and Finance,2,9,62,6,1374,223,230,-2,0.0967741935483871,259
02M392,Manhattan Business Academy,2,9,76,7,1321,191,161,-2,0.09210526315789473,260
02M437,Hudson High School of Learning Technologies,2,9,11,1,353,48,119,-2,0.09090909090909091,261
08X452,Gotham Collaborative High School,8,9,11,1,343,51,120,-2,0.09090909090909091,261
24Q264,Academy of Finance and Enterprise,24,9,11,1,2163,546,124,151,0.09090909090909091,261
10X546,Bronx Theatre High School,10,9,78,7,414,45,128,-2,0.08974358974358974,264
12X511,Bronx Envision Academy,12,9,68,6,459,44,108,-2,0.08823529411764706,265
10X284,Bronx School of Law and Finance,10,9,82,7,558,58,130,-2,0.08536585365853659,266
12X478,The Cinema School,12,9,71,6,618,139,81,117,0.08450704225352113,267
13K350,Urban Assembly School of Music and Art,13,9,12,1,494,52,108,-2,0.08333333333333333,268
17K751,Academy for Health Careers,17,9,12,1,715,72,108,-2,0.08333333333333333,268
32K403,Academy for Excellence in Leadership,32,9,12,1,653,76,108,-2,0.08333333333333333,268
11X299,Astor Collegiate Academy,11,9,160,13,2199,342,120,189,0.08125,271
05M148,Eagle Academy for Young Men of Harlem,5,9,25,2,257,46,120,88,0.08,272
10X549,Discovery High School,10,9,88,7,716,95,108,135,0.07954545454545454,273
12X242,Mott Hall V,12,9,89,7,1001,282,81,91,0.07865168539325842,274
09X412,Bronx High School of Business,9,9,293,23,765,66,120,-2,0.07849829351535836,275
02M316,"Urban Assembly School of Business for Young Women, the",2,9,13,1,165,17,120,-2,0.07692307692307693,276
08X320,Pelham Lab High School,8,9,13,1,514,49,108,-2,0.07692307692307693,276
08X376,Antonia Pantoja Preparatory Academy: A College Board School,8,9,13,1,308,82,84,104,0.07692307692307693,276
11X265,Bronx Lab School,11,9,26,2,381,47,123,-2,0.07692307692307693,276
29Q492,"Mathematics, Science Research and Technology Magnet High School",29,9,13,1,782,146,150,-2,0.07692307692307693,276
02M282,Urban Assembly Maker Academy,2,9,27,2,1074,175,150,216,0.07407407407407407,281
14K478,"The High School for Enterprise, Business and Technology",14,9,14,1,1197,144,249,130,0.07142857142857142,282
19K618,Academy of Innovative Technology,19,9,14,1,1048,183,115,169,0.07142857142857142,282
11X513,New World High School,11,9,29,2,625,129,108,69,0.06896551724137931,284
02M531,Repertory Company High School for Theatre Arts,2,9,15,1,365,100,60,68,0.06666666666666667,285
12X521,The Metropolitan Soundview High School,12,9,15,1,453,67,120,74,0.06666666666666667,285
02M399,The High School For Language And Diplomacy,2,9,16,1,385,36,134,-2,0.0625,287
08X636,Virtual Innovators Academy,8,9,17,1,113,31,80,-2,0.058823529411764705,288
11X509,High School of Language and Innovation,11,9,18,1,299,56,108,36,0.05555555555555555,289
02M427,Manhattan Academy For Arts & Language,2,9,19,1,389,72,108,49,0.05263157894736842,290
02M432,Murray Hill Academy,2,9,19,1,558,76,90,-2,0.05263157894736842,290
03M860,Frederick Douglass Academy II Secondary School,3,9,19,1,309,55,95,105,0.05263157894736842,290
08X367,"Archimedes Academy for Math, Science and Technology Applications",8,9,38,2,427,75,100,-2,0.05263157894736842,290
02M374,Gramercy Arts High School,2,9,40,2,1038,129,204,78,0.05,294
07X427,Community School for Social Justice,7,9,43,2,229,33,81,-2,0.046511627906976744,295
02M296,High School of Hospitality Management,2,9,22,1,269,35,135,-2,0.045454545454545456,296
02M308,Lower Manhattan Arts Academy,2,9,22,1,524,69,95,-2,0.045454545454545456,296
10X268,Kingsbridge International High School,10,9,22,1,206,15,108,6,0.045454545454545456,296
02M305,"Urban Assembly Academy of Government and Law, The",2,9,23,1,573,75,100,-2,0.043478260869565216,299
08X558,Westchester Square Academy,8,9,23,1,788,106,135,114,0.043478260869565216,299
02M047,47 The American Sign Language and English Secondary School,2,9,25,1,318,55,69,-2,0.04,301
03M403,The Global Learning Collaborative,3,9,25,1,754,90,108,-2,0.04,301
09X543,High School for Violin and Dance,9,9,26,1,149,19,108,-2,0.038461538461538464,303
02M135,The Urban Assembly Early College High School for Emergency Medicine,2,9,27,1,510,116,122,-2,0.037037037037037035,304
02M529,Jacqueline Kennedy Onassis High School,2,9,27,1,534,81,204,-2,0.037037037037037035,304
02M413,School of the Future High School,2,9,28,1,1741,485,108,152,0.03571428571428571,306
02M419,Landmark High School,2,9,28,1,457,37,100,-2,0.03571428571428571,306
10X228,Jonas Bronck Academy,10,9,29,1,372,91,90,-2,0.034482758620689655,308
11X514,The Bronxwood Preparatory Academy,11,9,29,1,668,93,120,150,0.034482758620689655,308
01M450,East Side Community School,1,9,30,1,1142,328,95,117,0.03333333333333333,310
12X550,High School of World Cultures,12,9,30,1,380,49,108,36,0.03333333333333333,310
02M303,"Facing History School, The",2,9,31,1,421,87,107,-2,0.03225806451612903,312
03M402,The Urban Assembly School for Green Careers,3,9,31,1,494,39,120,45,0.03225806451612903,312
04M680,"Heritage School, The",4,9,31,1,482,60,80,-2,0.03225806451612903,312
02M449,Vanguard High School,2,9,33,1,701,134,110,158,0.030303030303030304,315
12X248,"Metropolitan High School, The",12,9,33,1,228,33,151,-2,0.030303030303030304,315
12X271,East Bronx Academy for the Future,12,9,33,1,464,97,90,79,0.030303030303030304,315
12X446,Arturo A. Schomburg Satellite Academy Bronx,12,9,34,1,222,33,40,24,0.029411764705882353,318
02M605,Humanities Preparatory Academy,2,9,38,1,861,101,75,-2,0.02631578947368421,319
02M459,Manhattan International High School,2,9,39,1,738,151,85,73,0.02564102564102564,320
12X684,Wings Academy,12,9,39,1,370,63,150,86,0.02564102564102564,320
09X350,New Directions Secondary School,9,9,42,1,72,9,25,-2,0.023809523809523808,322
10X524,Crotona International High School,10,9,42,1,309,47,81,19,0.023809523809523808,322
08X432,Bronx Bridges High School,8,9,43,1,454,83,81,70,0.023255813953488372,324
08X530,Longwood Preparatory Academy,8,9,45,1,649,115,120,143,0.022222222222222223,325
11X270,Academy for Scholarship and Entrepreneurship: A College Board School,11,9,46,1,775,148,120,-2,0.021739130434782608,326
11X544,High School for Contemporary Arts,11,9,56,1,607,55,240,-2,0.017857142857142856,327
06M467,High School for Law and Public Service,6,9,57,1,643,95,167,84,0.017543859649122806,328
07X551,The Urban Assembly Bronx Academy of Letters,7,9,59,1,309,45,108,58,0.01694915254237288,329
12X479,Bronx Career and College Preparatory High School,12,9,64,1,321,28,81,-2,0.015625,330
12X251,Explorations Academy H.S.,12,9,66,1,476,39,117,-2,0.015151515151515152,331
10X351,Bronx Collaborative High School,10,9,80,1,582,47,150,-2,0.0125,332
11X418,Bronx High School for the Visual Arts,11,9,85,1,951,168,102,136,0.011764705882352941,333
01M292,Orchard Collegiate Academy,1,10,1,1,280,71,90,-2,1.0,325
02M313,"James Baldwin School, The: A School for Expeditionary Learning",2,10,1,1,71,14,25,-2,1.0,325
13K412,Brooklyn Community Arts & Media High School (BCAM),13,10,1,1,702,113,142,-2,1.0,325
13K419,"Science Skills Center High School for Science, Technology and the Creative Arts",13,10,1,1,909,111,258,143,1.0,325
13K439,Brooklyn International High School,13,10,1,1,409,71,81,53,1.0,325
13K483,The Urban Assembly School for Law and Justice,13,10,2,2,593,105,115,-2,1.0,1
13K594,Gotham Professional Arts Academy,13,10,1,1,364,61,81,-2,1.0,325
13K670,Benjamin Banneker Academy,13,10,1,1,1912,451,225,318,1.0,325
14K561,Williamsburg Preparatory School,14,10,1,1,1131,226,180,236,1.0,325
14K614,Young Women's Leadership School of Brooklyn,14,10,1,1,251,47,93,59,1.0,325
14K685,El Puente Academy for Peace and Justice,14,10,1,1,134,25,70,-2,1.0,325
15K448,Brooklyn Collaborative Studies,15,10,1,1,693,99,90,110,1.0,325
15K667,Sunset Park High School,15,10,2,2,989,260,354,-2,1.0,1
16K498,Brooklyn High School for Law and Technology,16,10,2,2,1730,296,151,-2,1.0,1
17K122,Pathways in Technology Early College High School (P-Tech),17,10,1,1,712,114,150,-2,1.0,325
17K408,Academy of Hospitality and Tourism,17,10,1,1,571,89,118,-2,1.0,325
17K547,Brooklyn Academy of Science and the Environment,17,10,1,1,373,53,108,-2,1.0,325
17K590,Medgar Evers College Preparatory School,17,10,1,1,2078,676,220,237,1.0,325
18K629,Cultural Academy for the Arts and Sciences,18,10,1,1,567,70,116,80,1.0,325
18K633,High School for Medical Professions,18,10,1,1,666,99,108,116,1.0,325
19K409,East New York Family Academy,19,10,1,1,416,159,125,147,1.0,325
19K502,FDNY - Captain Vernon A. Richard High School for Fire and Life Safety,19,10,2,2,745,141,108,125,1.0,1
19K583,Multicultural High School,19,10,1,1,320,88,111,64,1.0,325
19K639,Brooklyn Lab School,19,10,1,1,980,152,102,143,1.0,325
21K348,High School of Sports Management,21,10,1,1,386,75,176,-2,1.0,325
24Q236,International High School for Health Sciences,24,10,1,1,485,112,81,68,1.0,325
24Q293,Civic Leadership Academy,24,10,1,1,1157,291,142,191,1.0,325
24Q296,Pan American International High School,24,10,1,1,508,166,108,28,1.0,325
25Q240,Veritas Academy,25,10,1,1,526,96,130,-2,1.0,325
25Q241,Queens High School for Language Studies,25,10,1,1,371,90,125,76,1.0,325
25Q263,Flushing International High School,25,10,1,1,576,182,90,90,1.0,325
25Q281,East-West School of International Studies,25,10,1,1,766,290,89,113,1.0,325
25Q285,World Journalism Preparatory: A College Board School,25,10,1,1,448,162,90,139,1.0,325
27Q262,Channel View School for Research,27,10,1,1,755,267,194,212,1.0,325
27Q308,Robert H. Goddard High School of Communication Arts and Technology,27,10,1,1,1222,468,140,181,1.0,325
28Q328,High School for Community Leadership,28,10,1,1,671,160,150,231,1.0,325
28Q686,Queens Metropolitan High School,28,10,1,1,2321,931,279,279,1.0,325
28Q896,"Young Women's Leadership School, Queens",28,10,1,1,350,99,81,119,1.0,325
29Q248,Queens Preparatory Academy,29,10,1,1,383,62,100,-2,1.0,325
29Q283,Preparatory Academy for Writers: A College Board School,29,10,1,1,177,47,90,69,1.0,325
30Q367,Motion Picture Tech High School,30,10,1,1,538,133,200,-2,1.0,325
30Q502,Information Technology High School,30,10,1,1,944,190,227,-2,1.0,325
31R028,The Eagle Academy for Young Men of Staten Island,31,10,1,1,94,26,81,-2,1.0,325
31R064,Gaynor McCown Expeditionary Learning School,31,10,1,1,777,364,146,171,1.0,325
31R600,Ralph R. McKee Career and Technical Education High School,31,10,1,1,620,198,316,180,1.0,325
15K684,Millennium Brooklyn HS,15,10,4,3,5385,2365,178,252,0.75,5
24Q520,Middle College High School at LaGuardia Community College,24,10,4,3,1826,552,97,118,0.75,5
16K688,The Brooklyn Academy of Global Finance,16,10,3,2,469,56,108,-2,0.6666666666666666,7
21K410,Abraham Lincoln High School,21,10,3,2,2225,539,741,604,0.6666666666666666,7
25Q525,Townsend Harris High School,25,10,17,11,6780,4957,290,374,0.6470588235294118,9
24Q299,Bard High School Early College Queens,24,10,31,20,3866,2227,125,166,0.6451612903225806,10
01M696,Bard High School Early College,1,10,124,71,3946,2196,125,198,0.5725806451612904,11
03M479,Beacon High School,3,10,428,244,7891,4442,360,493,0.5700934579439252,12
02M545,High School for Dual Language and Asian Studies,2,10,6,3,769,299,108,150,0.5,13
05M157,The Urban Assembly School for Global Commerce,5,10,2,1,207,26,81,-2,0.5,13
08X636,Virtual Innovators Academy,8,10,2,1,113,31,80,-2,0.5,13
13K674,"City Polytechnic High School of Engineering, Architecture, and Technology",13,10,2,1,1239,274,108,160,0.5,13
13K963,Design Works High School,13,10,2,1,607,86,81,-2,0.5,13
14K071,Juan Morel Campos Secondary School,14,10,2,1,341,78,101,69,0.5,13
14K474,PROGRESS High School for Professional Careers,14,10,2,1,506,81,153,-2,0.5,13
14K558,Williamsburg High School for Architecture and Design,14,10,4,2,1223,253,155,212,0.5,13
15K429,Digital Arts and Cinema Technology High School,15,10,2,1,579,105,90,94,0.5,13
15K463,Cyberarts Studio Academy,15,10,2,1,256,30,125,-2,0.5,13
15K497,The Boerum Hill School for International Studies,15,10,2,1,801,155,125,-2,0.5,13
17K537,High School for Youth and Community Development at Erasmus,17,10,2,1,488,82,140,-2,0.5,13
17K539,High School for Service & Learning at Erasmus,17,10,2,1,296,35,108,98,0.5,13
18K576,Victory Collegiate High School,18,10,2,1,305,61,140,-2,0.5,13
19K659,Cypress Hills Collegiate Preparatory School,19,10,2,1,581,86,99,-2,0.5,13
20K445,New Utrecht High School,20,10,2,1,4568,1443,630,730,0.5,13
21K540,John Dewey High School,21,10,2,1,2573,622,553,577,0.5,13
21K559,Life Academy High School for Film and Music,21,10,2,1,145,21,81,49,0.5,13
22K555,Brooklyn College Academy,22,10,2,1,2698,911,170,228,0.5,13
23K493,Brooklyn Collegiate: A College Board School,23,10,2,1,727,113,120,-2,0.5,13
23K514,Frederick Douglass Academy VII High School,23,10,2,1,532,76,108,85,0.5,13
24Q485,Grover Cleveland High School,24,10,2,1,1552,359,420,437,0.5,13
24Q560,"Robert F. Wagner, Jr. Secondary School for Arts and Technology",24,10,2,1,1368,247,120,161,0.5,13
26Q415,Benjamin N. Cardozo High School,26,10,2,1,4527,1666,684,926,0.5,13
26Q495,Bayside High School,26,10,2,1,6914,2765,851,1041,0.5,13
29Q265,Excelsior Preparatory High School,29,10,2,1,353,58,108,95,0.5,13
29Q498,"Health, Arts, Robotics, and Technology High School",29,10,2,1,1435,293,196,264,0.5,13
30Q445,William Cullen Bryant High School,30,10,2,1,1681,297,435,349,0.5,13
31R445,Port Richmond High School,31,10,2,1,1267,334,564,435,0.5,13
32K554,All City Leadership Secondary School,32,10,2,1,911,247,62,62,0.5,13
10X141,Riverdale / Kingsbridge Academy (Middle School / High School 141),10,10,472,223,648,268,210,288,0.4724576271186441,43
01M539,"New Explorations into Science, Technology and Math High School",1,10,68,32,3743,2047,150,289,0.47058823529411764,44
03M541,Manhattan / Hunter Science High School,3,10,312,145,5406,2689,108,176,0.46474358974358976,45
03M307,"Urban Assembly School for Media Studies, The",3,10,27,12,328,71,126,109,0.4444444444444444,46
10X368,In-Tech Academy (M.S. / High School 368),10,10,439,195,707,244,160,205,0.44419134396355353,47
12X641,Bard High School Early College Bronx,12,10,153,67,1391,613,100,106,0.43790849673202614,48
10X342,International School for Liberal Arts,10,10,157,68,219,81,100,-2,0.43312101910828027,49
05M362,Columbia Secondary School,5,10,331,141,4258,1769,112,175,0.4259818731117825,50
02M600,The High School of Fashion Industries,2,10,149,61,2046,720,475,395,0.40939597315436244,51
04M435,Manhattan Center for Science and Mathematics,4,10,372,150,5010,1993,440,709,0.4032258064516129,52
32K552,The Academy of Urban Planning and Engineering,32,10,5,2,737,128,113,-2,0.4,53
02M411,Baruch College Campus High School,2,10,292,116,6773,2753,118,188,0.3972602739726027,54
09X231,Eagle Academy for Young Men,9,10,122,48,455,163,80,130,0.39344262295081966,55
02M630,Art and Design High School,2,10,199,76,3594,1359,385,523,0.38190954773869346,56
02M416,Eleanor Roosevelt High School,2,10,370,141,7699,3749,136,224,0.3810810810810811,57
02M519,Talent Unlimited High School,2,10,79,30,1599,468,152,213,0.379746835443038,58
02M376,NYC iSchool,2,10,75,28,2459,931,118,158,0.37333333333333335,59
03M859,Special Music School,3,10,19,7,482,165,50,64,0.3684210526315789,60
30Q501,Frank Sinatra School of the Arts High School,30,10,60,22,3557,1643,236,416,0.36666666666666664,61
24Q600,Queens Technical High School,24,10,11,4,3942,1196,350,423,0.36363636363636365,62
07X495,University Heights Secondary School,7,10,289,105,2181,787,140,203,0.3633217993079585,63
03M291,West End Secondary School,3,10,58,21,1209,392,105,146,0.3620689655172414,64
02M408,Professional Performing Arts High School,2,10,47,17,1255,378,128,180,0.3617021276595745,65
04M555,Central Park East High School,4,10,456,153,4762,1538,125,215,0.3355263157894737,66
02M420,High School for Health Professions and Human Services,2,10,164,55,2991,776,477,590,0.3353658536585366,67
01M515,Lower East Side Preparatory High School,1,10,3,1,317,89,75,-2,0.3333333333333333,68
02M394,Emma Lazarus High School,2,10,3,1,134,19,60,-1,0.3333333333333333,68
02M395,A School Without Walls,2,10,3,1,178,36,100,-2,0.3333333333333333,68
02M550,Liberty High School Academy for Newcomers,2,10,3,1,99,16,50,6,0.3333333333333333,68
02M586,Harvey Milk High School,2,10,3,1,40,3,45,-1,0.3333333333333333,68
14K454,The Williamsburg High School of Art and Technology,14,10,3,1,893,129,116,120,0.3333333333333333,68
15K462,John Jay School for Law,15,10,6,2,1012,184,125,-2,0.3333333333333333,68
17K543,"Science, Technology and Research Early College High School at Erasmus",17,10,3,1,790,197,130,145,0.3333333333333333,68
17K600,Clara Barton High School,17,10,3,1,1276,355,434,-2,0.3333333333333333,68
17K751,Academy for Health Careers,17,10,3,1,715,72,108,-2,0.3333333333333333,68
18K642,Urban Action Academy,18,10,3,1,231,44,107,-2,0.3333333333333333,68
19K404,Academy for Young Writers,19,10,3,1,559,71,92,82,0.3333333333333333,68
19K507,Performing Arts and Technology High School,19,10,3,1,1103,157,125,163,0.3333333333333333,68
19K660,W. H. Maxwell Career and Technical Education High School,19,10,6,2,991,185,305,164,0.3333333333333333,68
20K490,Fort Hamilton High School,20,10,3,1,4983,1995,883,903,0.3333333333333333,68
21K468,Kingsborough Early College School,21,10,3,1,1229,429,110,122,0.3333333333333333,68
21K525,Edward R. Murrow High School,21,10,3,1,6293,2283,933,1196,0.3333333333333333,68
22K535,Leon M. Goldstein High School for the Sciences,22,10,3,1,3985,2007,258,429,0.3333333333333333,68
23K644,Eagle Academy for Young Men II,23,10,3,1,554,179,92,139,0.3333333333333333,68
24Q610,Aviation Career & Technical Education High School,24,10,18,6,4123,1548,530,723,0.3333333333333333,68
25Q460,Flushing High School,25,10,3,1,1592,289,419,419,0.3333333333333333,68
25Q670,Robert F. Kennedy Community High School,25,10,3,1,1012,254,150,223,0.3333333333333333,68
27Q334,Epic High School - North,27,10,3,1,735,169,70,91,0.3333333333333333,68
28Q167,Metropolitan Expeditionary Learning School,28,10,3,1,1254,467,125,141,0.3333333333333333,68
28Q310,Queens Collegiate: A College Board School,28,10,3,1,453,67,115,77,0.3333333333333333,68
28Q350,Jamaica Gateway to the Sciences,28,10,3,1,1005,210,150,184,0.3333333333333333,68
28Q690,High School for Law Enforcement and Public Safety,28,10,3,1,396,91,165,109,0.3333333333333333,68
29Q272,George Washington Carver High School for the Sciences,29,10,3,1,590,92,93,-2,0.3333333333333333,68
29Q327,Eagle Academy for Young Men III,29,10,3,1,324,112,120,-2,0.3333333333333333,68
30Q580,Baccalaureate School for Global Education,30,10,9,3,1732,937,97,94,0.3333333333333333,68
31R440,New Dorp High School,31,10,3,1,2806,1011,668,887,0.3333333333333333,68
31R450,Curtis High School,31,10,3,1,1967,690,804,754,0.3333333333333333,68
31R455,Tottenville High School,31,10,3,1,3274,1627,1158,1357,0.3333333333333333,68
32K556,Bushwick Leaders High School for Academic Excellence,32,10,3,1,768,125,120,-2,0.3333333333333333,68
02M418,Millennium High School,2,10,145,48,5541,2290,176,286,0.3310344827586207,102
09X365,Academy for Language and Technology,9,10,312,95,773,224,92,89,0.30448717948717946,103
03M417,Frank McCourt High School,3,10,102,31,1253,345,120,170,0.30392156862745096,104
02M439,Manhattan Village Academy,2,10,177,52,3002,860,100,201,0.2937853107344633,105
14K478,"The High School for Enterprise, Business and Technology",14,10,7,2,1197,144,249,130,0.2857142857142857,106
22K405,Midwood High School,22,10,7,2,11658,5495,910,1323,0.2857142857142857,106
02M507,Urban Assembly Gateway School for Technology,2,10,62,17,1299,278,108,146,0.27419354838709675,108
10X228,Jonas Bronck Academy,10,10,287,78,372,91,90,-2,0.27177700348432055,109
02M298,Pace High School,2,10,53,14,1172,169,190,177,0.2641509433962264,110
04M495,Park East High School,4,10,218,57,2653,739,100,166,0.26146788990825687,111
02M542,Manhattan Bridges High School,2,10,66,17,904,224,172,95,0.25757575757575757,112
10X442,"Celia Cruz Bronx High School of Music, The",10,10,175,45,561,165,140,114,0.2571428571428571,113
06M552,Gregorio Luperon High School for Science and Mathematics,6,10,84,21,573,165,150,45,0.25,114
08X348,Schuylerville Preparatory High School,8,10,8,2,286,30,108,-2,0.25,114
17K546,High School for Public Service: Heroes of Tomorrow,17,10,4,1,656,69,130,-2,0.25,114
19K615,Transit Tech Career and Technical Education High School,19,10,4,1,1168,225,315,-2,0.25,114
20K505,Franklin Delano Roosevelt High School,20,10,4,1,3723,924,710,852,0.25,114
25Q425,John Bowne High School,25,10,4,1,3116,720,783,809,0.25,114
26Q430,Francis Lewis High School,26,10,4,1,8708,3905,913,1030,0.25,114
27Q480,John Adams High School,27,10,4,1,2490,480,636,644,0.25,114
28Q440,Forest Hills High School,28,10,8,2,7184,2477,702,851,0.25,114
29Q313,Benjamin Franklin High School for Finance & Information Technology,29,10,4,1,735,122,108,-2,0.25,114
29Q492,"Mathematics, Science Research and Technology Magnet High School",29,10,4,1,782,146,150,-2,0.25,114
09X568,Young Women's Leadership School of the Bronx,9,10,101,25,449,109,90,127,0.24752475247524752,125
02M288,Food and Finance High School,2,10,78,19,1225,264,150,211,0.24358974358974358,126
02M303,"Facing History School, The",2,10,66,16,421,87,107,-2,0.24242424242424243,127
02M412,N.Y.C. Lab School for Collaborative Studies,2,10,90,21,3134,1067,109,161,0.23333333333333334,128
06M467,High School for Law and Public Service,6,10,60,14,643,95,167,84,0.23333333333333334,128
07X548,Careers in Sports High School,7,10,168,39,1056,226,125,202,0.23214285714285715,130
03M403,The Global Learning Collaborative,3,10,52,12,754,90,108,-2,0.23076923076923078,131
07X625,Bronx Legacy High School,7,10,153,35,690,97,90,-2,0.22875816993464052,132
02M260,The Clinton School,2,10,57,13,2837,1151,134,221,0.22807017543859648,133
08X312,Millennium Art Academy,8,10,44,10,625,136,112,117,0.22727272727272727,134
10X353,World View High School,10,10,651,147,1343,263,150,195,0.22580645161290322,135
10X440,DeWitt Clinton High School,10,10,921,207,2901,586,385,492,0.2247557003257329,136
02M551,Urban Assembly New York Harbor School,2,10,9,2,724,221,200,-2,0.2222222222222222,137
07X600,Alfred E. Smith Career and Technical Education High School,7,10,180,40,1126,227,189,193,0.2222222222222222,137
27Q650,"High School for Construction Trades, Engineering and Architecture",27,10,9,2,3028,1209,247,311,0.2222222222222222,137
02M393,Business Of Sports School,2,10,119,26,1151,248,129,210,0.2184873949579832,140
06M293,City College Academy of the Arts,6,10,144,31,1028,337,81,95,0.2152777777777778,141
11X275,High School of Computers and Technology,11,10,168,36,715,115,181,156,0.21428571428571427,142
09X260,Bronx Center for Science and Mathematics,9,10,480,102,2530,621,108,201,0.2125,143
06M540,A. Philip Randolph Campus High School,6,10,242,51,2050,408,471,379,0.21074380165289255,144
02M489,High School of Economics and Finance,2,10,81,17,1374,223,230,-2,0.20987654320987653,145
07X522,Bronx Design and Construction Academy,7,10,86,18,677,112,140,91,0.20930232558139536,146
02M294,Essex Street Academy,2,10,82,17,2478,562,90,125,0.2073170731707317,147
08X405,Herbert H. Lehman High School,8,10,174,36,2078,405,528,479,0.20689655172413793,148
10X477,Marble Hill High School for International Studies,10,10,457,93,810,158,108,139,0.20350109409190373,149
26Q435,Martin Van Buren High School,26,10,5,1,1084,217,352,273,0.2,150
28Q505,Hillcrest High School,28,10,5,1,2316,496,730,517,0.2,150
30Q417,Gotham Tech High School,30,10,5,1,631,96,90,-2,0.2,150
02M546,Academy for Software Engineering,2,10,151,30,1992,388,125,201,0.1986754966887417,153
02M400,High School for Environmental Studies,2,10,242,48,2558,395,344,385,0.19834710743801653,154
10X437,Fordham High School for the Arts,10,10,529,104,1826,399,130,158,0.19659735349716445,155
06M468,High School for Health Careers and Sciences,6,10,117,23,822,121,268,-2,0.19658119658119658,156
09X327,Comprehensive Model School Project M.S. 327,9,10,103,20,706,224,90,103,0.1941747572815534,157
06M348,Washington Heights Expeditionary Learning School,6,10,93,18,689,175,100,115,0.1935483870967742,158
02M432,Murray Hill Academy,2,10,42,8,558,76,90,-2,0.19047619047619047,159
09X250,Eximius College Preparatory Academy: A College Board School,9,10,74,14,761,90,108,-2,0.1891891891891892,160
10X243,West Bronx Academy for the Future,10,10,483,90,917,136,90,109,0.18633540372670807,161
11X455,Harry S Truman High School,11,10,247,46,1891,390,913,-2,0.1862348178137652,162
09X297,Morris Academy for Collaborative Studies,9,10,65,12,568,80,123,-2,0.18461538461538463,163
10X374,Knowledge and Power Preparatory Academy International High School (Kappa),10,10,770,142,2279,431,120,179,0.18441558441558442,164
06M211,Inwood Early College for Health and Information Technologies,6,10,159,29,745,156,111,-2,0.18238993710691823,165
02M500,Unity Center for Urban Technologies,2,10,11,2,274,48,95,136,0.18181818181818182,166
30Q301,Academy for Careers in Television and Film,30,10,11,2,1410,330,151,200,0.18181818181818182,166
09X241,"Urban Assembly School for Applied Math and Science, The",9,10,100,18,561,117,90,99,0.18,168
02M413,School of the Future High School,2,10,56,10,1741,485,108,152,0.17857142857142858,169
05M499,Frederick Douglass Academy,5,10,56,10,903,195,325,214,0.17857142857142858,169
02M449,Vanguard High School,2,10,79,14,701,134,110,158,0.17721518987341772,171
02M139,Stephen T. Mather Building Arts & Craftsmanship High School,2,10,17,3,432,88,108,-2,0.17647058823529413,172
12X511,Bronx Envision Academy,12,10,57,10,459,44,108,-2,0.17543859649122806,173
02M533,Union Square Academy for Health Sciences,2,10,40,7,834,154,163,143,0.175,174
10X524,Crotona International High School,10,10,127,22,309,47,81,19,0.1732283464566929,175
10X438,Fordham Leadership Academy,10,10,935,161,2416,416,108,155,0.17219251336898395,176
02M543,New Design High School,2,10,59,10,852,157,125,145,0.1694915254237288,177
10X433,High School for Teaching and the Professions,10,10,201,34,344,61,102,-2,0.1691542288557214,178
03M415,Wadleigh Secondary School for the Performing & Visual Arts,3,10,77,13,826,130,128,-2,0.16883116883116883,179
01M458,Forsyth Satellite Academy,1,10,6,1,60,12,28,-2,0.16666666666666666,180
02M316,"Urban Assembly School of Business for Young Women, the",2,10,6,1,165,17,120,-2,0.16666666666666666,180
02M438,International High School at Union Square,2,10,12,2,501,103,68,75,0.16666666666666666,180
02M520,Murry Bergtraum High School for Business Careers,2,10,6,1,222,38,240,-2,0.16666666666666666,180
02M529,Jacqueline Kennedy Onassis High School,2,10,42,7,534,81,204,-2,0.16666666666666666,180
03M299,The Maxine Greene HS for Imaginative Inquiry,3,10,6,1,77,10,120,-2,0.16666666666666666,180
03M610,Young Women's Leadership School,3,10,18,3,370,113,81,-2,0.16666666666666666,180
09X350,New Directions Secondary School,9,10,6,1,72,9,25,-2,0.16666666666666666,180
13K265,Dr. Susan S. McKinney Secondary School of the Arts,13,10,6,1,362,54,82,-2,0.16666666666666666,180
18K637,Academy for Conservation and the Environment,18,10,6,1,727,92,170,217,0.16666666666666666,180
19K618,Academy of Innovative Technology,19,10,6,1,1048,183,115,169,0.16666666666666666,180
24Q585,Maspeth High School,24,10,6,1,5045,1953,270,348,0.16666666666666666,180
26Q315,Business Technology Early College High School,26,10,6,1,1032,289,180,272,0.16666666666666666,180
27Q400,August Martin High School,27,10,6,1,960,177,250,218,0.16666666666666666,180
28Q620,Thomas A. Edison Career and Technical Education High School,28,10,6,1,6131,2355,473,583,0.16666666666666666,180
30Q450,Long Island City High School,30,10,6,1,1827,403,790,432,0.16666666666666666,180
32K403,Academy for Excellence in Leadership,32,10,6,1,653,76,108,-2,0.16666666666666666,180
02M414,N.Y.C. Museum School,2,10,73,12,3022,865,150,254,0.1643835616438356,197
10X439,Bronx High School for Law and Community Service,10,10,568,93,1467,220,108,163,0.1637323943661972,198
01M450,East Side Community School,1,10,43,7,1142,328,95,117,0.16279069767441862,199
01M448,University Neighborhood High School,1,10,37,6,2248,447,125,185,0.16216216216216217,200
10X213,Bronx Engineering and Technology Academy,10,10,296,47,754,115,142,-2,0.15878378378378377,201
07X259,"H.E.R.O. High (Health, Education, and Research Occupations High School)",7,10,89,14,862,174,250,182,0.15730337078651685,202
10X434,Belmont Preparatory High School,10,10,669,104,1447,203,108,176,0.1554559043348281,203
02M392,Manhattan Business Academy,2,10,84,13,1321,191,161,-2,0.15476190476190477,204
04M372,Esperanza Preparatory Academy,4,10,13,2,322,114,106,120,0.15384615384615385,205
11X418,Bronx High School for the Visual Arts,11,10,117,18,951,168,102,136,0.15384615384615385,205
10X549,Discovery High School,10,10,484,74,716,95,108,135,0.15289256198347106,207
12X242,Mott Hall V,12,10,46,7,1001,282,81,91,0.15217391304347827,208
10X237,"The Marie Curie High School for Medicine, Nursing, and Health Professions",10,10,125,19,334,46,135,-2,0.152,209
11X542,Pelham Preparatory Academy,11,10,336,51,2331,448,130,211,0.15178571428571427,210
11X265,Bronx Lab School,11,10,86,13,381,47,123,-2,0.1511627906976744,211
02M615,Chelsea Career and Technical Education High School,2,10,53,8,821,118,152,-2,0.1509433962264151,212
09X564,Claremont International HS,9,10,100,15,412,50,81,25,0.15,213
12X271,East Bronx Academy for the Future,12,10,60,9,464,97,90,79,0.15,213
11X545,Bronx Aerospace High School,11,10,147,22,751,109,189,-2,0.14965986394557823,215
02M422,Quest to Learn,2,10,7,1,177,27,108,41,0.14285714285714285,216
05M670,Thurgood Marshall Academy for Learning and Social Change,5,10,7,1,340,71,108,-2,0.14285714285714285,216
08X282,Women's Academy of Excellence,8,10,7,1,172,27,108,-2,0.14285714285714285,216
11X509,High School of Language and Innovation,11,10,63,9,299,56,108,36,0.14285714285714285,216
13K605,George Westinghouse Career and Technical Education High School,13,10,7,1,1254,203,254,194,0.14285714285714285,216
24Q264,Academy of Finance and Enterprise,24,10,7,1,2163,546,124,151,0.14285714285714285,216
27Q309,Academy of Medical Technology: A College Board School,27,10,7,1,626,120,105,109,0.14285714285714285,216
10X264,Bronx Academy for Software Engineering (BASE),10,10,384,54,1199,175,120,165,0.140625,223
09X227,Bronx Collegiate Academy,9,10,289,40,1201,163,120,173,0.1384083044982699,224
03M492,"High School for Law, Advocacy and Community Justice",3,10,80,11,920,170,220,-2,0.1375,225
11X249,Bronx Health Sciences High School,11,10,226,31,1270,225,200,261,0.13716814159292035,226
02M407,Institute for Collaborative Education,2,10,22,3,836,263,61,73,0.13636363636363635,227
10X225,Theatre Arts Production Company School,10,10,184,25,633,88,170,-2,0.1358695652173913,228
11X299,Astor Collegiate Academy,11,10,376,49,2199,342,120,189,0.13031914893617022,229
24Q550,High School for Arts and Business,24,10,8,1,2257,552,191,255,0.125,230
10X284,Bronx School of Law and Finance,10,10,251,31,558,58,130,-2,0.12350597609561753,231
07X223,The Laboratory School of Finance and Technology: X223,7,10,81,10,980,230,89,93,0.12345679012345678,232
10X565,High School for Energy and Technology,10,10,176,21,503,51,120,-2,0.11931818181818182,233
10X546,Bronx Theatre High School,10,10,152,18,414,45,128,-2,0.11842105263157894,234
02M531,Repertory Company High School for Theatre Arts,2,10,17,2,365,100,60,68,0.11764705882352941,235
02M374,Gramercy Arts High School,2,10,60,7,1038,129,204,78,0.11666666666666667,236
11X513,New World High School,11,10,104,12,625,129,108,69,0.11538461538461539,237
11X288,Collegiate Institute for Math and Science,11,10,240,27,1764,317,133,200,0.1125,238
09X252,Mott Hall Bronx High School,9,10,214,24,1138,141,90,130,0.11214953271028037,239
09X413,Bronx High School for Medical Science,9,10,234,26,1104,178,90,170,0.1111111111111111,240
12X684,Wings Academy,12,10,54,6,370,63,150,86,0.1111111111111111,240
13K350,Urban Assembly School of Music and Art,13,10,9,1,494,52,108,-2,0.1111111111111111,240
17K382,Academy for College Preparation and Career Exploration: A College Board School,17,10,9,1,837,124,108,-2,0.1111111111111111,240
27Q260,Frederick Douglass Academy VI High School,27,10,9,1,482,71,121,-2,0.1111111111111111,240
09X403,Bronx International High School,9,10,83,9,537,54,135,12,0.10843373493975904,245
09X324,Bronx Early College Academy for Teaching & Learning,9,10,74,8,549,93,81,133,0.10810810810810811,246
11X508,Bronxdale High School,11,10,278,30,1828,267,129,190,0.1079136690647482,247
02M135,The Urban Assembly Early College High School for Emergency Medicine,2,10,28,3,510,116,122,-2,0.10714285714285714,248
09X517,Frederick Douglass Academy III Secondary School,9,10,94,10,404,35,108,-2,0.10638297872340426,249
02M534,Harvest Collegiate High School,2,10,66,7,1116,115,116,-2,0.10606060606060606,250
07X334,International Community High School,7,10,19,2,210,40,81,23,0.10526315789473684,251
14K610,A-Tech High School,14,10,19,2,1273,264,224,243,0.10526315789473684,251
03M494,High School of Arts and Technology,3,10,87,9,1037,132,140,-2,0.10344827586206896,253
09X505,"Bronx School for Law, Government and Justice",9,10,174,18,1132,259,120,154,0.10344827586206896,253
02M399,The High School For Language And Diplomacy,2,10,10,1,385,36,134,-2,0.1,255
30Q575,Academy of American Studies,30,10,10,1,2727,819,170,224,0.1,255
07X221,South Bronx Preparatory: A College Board School,7,10,62,6,782,161,123,148,0.0967741935483871,257
10X351,Bronx Collaborative High School,10,10,311,30,582,47,150,-2,0.09646302250803858,258
11X290,Bronx Academy of Health Careers,11,10,209,20,897,90,108,-2,0.09569377990430622,259
12X267,Bronx Latin,12,10,95,9,841,149,81,113,0.09473684210526316,260
06M346,Community Health Academy of the Heights,6,10,64,6,586,143,75,93,0.09375,261
02M300,"Urban Assembly School of Design and Construction, The",2,10,11,1,346,43,108,-2,0.09090909090909091,262
02M655,The High School for Climate Justice,2,10,11,1,298,60,152,105,0.09090909090909091,262
08X376,Antonia Pantoja Preparatory Academy: A College Board School,8,10,11,1,308,82,84,104,0.09090909090909091,262
09X525,Bronx Leadership Academy High School,9,10,286,26,1027,107,105,123,0.09090909090909091,262
13K595,Bedford Academy High School,13,10,11,1,2464,599,81,114,0.09090909090909091,262
24Q530,International High School at LaGuardia Community College,24,10,11,1,1236,505,119,114,0.09090909090909091,262
30Q258,Energy Tech High School,30,10,11,1,1535,348,108,145,0.09090909090909091,262
07X527,Bronx Leadership Academy II High School,7,10,107,9,911,103,131,-2,0.08411214953271028,269
02M580,Richard R. Green High School of Teaching,2,10,12,1,1291,154,160,-2,0.08333333333333333,270
09X404,School for Excellence,9,10,12,1,134,13,116,-2,0.08333333333333333,270
12X248,"Metropolitan High School, The",12,10,12,1,228,33,151,-2,0.08333333333333333,270
09X329,DreamYard Preparatory School,9,10,101,8,522,57,108,64,0.07920792079207921,273
11X544,High School for Contemporary Arts,11,10,115,9,607,55,240,-2,0.0782608695652174,274
15K656,Brooklyn High School of the Arts,15,10,13,1,2104,574,254,272,0.07692307692307693,275
06M462,The College Academy,6,10,105,8,814,121,121,129,0.0761904761904762,276
02M296,High School of Hospitality Management,2,10,14,1,269,35,135,-2,0.07142857142857142,277
02M437,Hudson High School of Learning Technologies,2,10,14,1,353,48,119,-2,0.07142857142857142,277
05M369,Urban Assembly School for the Performing Arts,5,10,29,2,372,52,108,-2,0.06896551724137931,279
05M148,Eagle Academy for Young Men of Harlem,5,10,15,1,257,46,120,88,0.06666666666666667,280
07X551,The Urban Assembly Bronx Academy of Letters,7,10,16,1,309,45,108,58,0.0625,281
09X412,Bronx High School of Business,9,10,144,9,765,66,120,-2,0.0625,281
03M860,Frederick Douglass Academy II Secondary School,3,10,17,1,309,55,95,105,0.058823529411764705,283
08X367,"Archimedes Academy for Math, Science and Technology Applications",8,10,17,1,427,75,100,-2,0.058823529411764705,283
12X521,The Metropolitan Soundview High School,12,10,17,1,453,67,120,74,0.058823529411764705,283
02M459,Manhattan International High School,2,10,35,2,738,151,85,73,0.05714285714285714,286
08X452,Gotham Collaborative High School,8,10,18,1,343,51,120,-2,0.05555555555555555,287
02M427,Manhattan Academy For Arts & Language,2,10,19,1,389,72,108,49,0.05263157894736842,288
07X427,Community School for Social Justice,7,10,19,1,229,33,81,-2,0.05263157894736842,288
08X561,Bronx Compass High School,8,10,19,1,520,70,130,-2,0.05263157894736842,288
02M282,Urban Assembly Maker Academy,2,10,39,2,1074,175,150,216,0.05128205128205128,291
12X479,Bronx Career and College Preparatory High School,12,10,20,1,321,28,81,-2,0.05,292
08X320,Pelham Lab High School,8,10,21,1,514,49,108,-2,0.047619047619047616,293
12X388,Pan American International High School at Monroe,12,10,21,1,310,71,108,43,0.047619047619047616,293
12X446,Arturo A. Schomburg Satellite Academy Bronx,12,10,22,1,222,33,40,24,0.045454545454545456,295
08X269,Bronx Studio School for Writers and Artists,8,10,23,1,481,130,90,113,0.043478260869565216,296
10X268,Kingsbridge International High School,10,10,139,6,206,15,108,6,0.04316546762589928,297
02M308,Lower Manhattan Arts Academy,2,10,24,1,524,69,95,-2,0.041666666666666664,298
02M425,Leadership and Public Service High School,2,10,24,1,387,36,145,52,0.041666666666666664,298
02M047,47 The American Sign Language and English Secondary School,2,10,26,1,318,55,69,-2,0.038461538461538464,300
04M680,"Heritage School, The",4,10,26,1,482,60,80,-2,0.038461538461538464,300
05M304,Mott Hall High School,5,10,26,1,455,53,108,-2,0.038461538461538464,300
09X543,High School for Violin and Dance,9,10,26,1,149,19,108,-2,0.038461538461538464,300
07X473,Mott Haven Village Preparatory High School,7,10,29,1,460,62,81,-2,0.034482758620689655,304
08X558,Westchester Square Academy,8,10,29,1,788,106,135,114,0.034482758620689655,304
02M305,"Urban Assembly Academy of Government and Law, The",2,10,32,1,573,75,100,-2,0.03125,306
08X530,Longwood Preparatory Academy,8,10,32,1,649,115,120,143,0.03125,306
12X682,Fannie Lou Hamer Freedom High School,12,10,32,1,388,73,110,83,0.03125,306
02M280,Manhattan Early College School for Advertising,2,10,35,1,572,88,112,-2,0.02857142857142857,309
02M605,Humanities Preparatory Academy,2,10,35,1,861,101,75,-2,0.02857142857142857,309
07X670,Health Opportunities High School,7,10,35,1,477,47,75,-2,0.02857142857142857,309
12X550,High School of World Cultures,12,10,38,1,380,49,108,36,0.02631578947368421,312
09X263,Validus Preparatory Academy,9,10,39,1,264,33,90,-2,0.02564102564102564,313
02M419,Landmark High School,2,10,40,1,457,37,100,-2,0.025,314
12X478,The Cinema School,12,10,44,1,618,139,81,117,0.022727272727272728,315
07X500,Hostos-Lincoln Academy of Science,7,10,51,1,751,158,81,121,0.0196078431372549,316
08X293,Renaissance High School for Musical Theater and the Arts,8,10,51,1,660,115,110,-2,0.0196078431372549,316
08X432,Bronx Bridges High School,8,10,52,1,454,83,81,70,0.019230769230769232,318
11X514,The Bronxwood Preparatory Academy,11,10,54,1,668,93,120,150,0.018518518518518517,319
12X251,Explorations Academy H.S.,12,10,57,1,476,39,117,-2,0.017543859649122806,320
06M463,High School for Media and Communications,6,10,61,1,505,61,150,-2,0.01639344262295082,321
03M402,The Urban Assembly School for Green Careers,3,10,62,1,494,39,120,45,0.016129032258064516,322
11X270,Academy for Scholarship and Entrepreneurship: A College Board School,11,10,65,1,775,148,120,-2,0.015384615384615385,323
08X349,Bronx River High School,8,10,70,1,1172,196,108,168,0.014285714285714285,324
02M313,"James Baldwin School, The: A School for Expeditionary Learning",2,11,1,1,71,14,25,-2,1.0,332
02M545,High School for Dual Language and Asian Studies,2,11,1,1,769,299,108,150,1.0,332
03M299,The Maxine Greene HS for Imaginative Inquiry,3,11,1,1,77,10,120,-2,1.0,332
04M372,Esperanza Preparatory Academy,4,11,1,1,322,114,106,120,1.0,332
05M157,The Urban Assembly School for Global Commerce,5,11,1,1,207,26,81,-2,1.0,332
09X350,New Directions Secondary School,9,11,1,1,72,9,25,-2,1.0,332
13K439,Brooklyn International High School,13,11,1,1,409,71,81,53,1.0,332
14K586,Lyons Community School,14,11,1,1,174,32,81,-2,1.0,332
15K448,Brooklyn Collaborative Studies,15,11,1,1,693,99,90,110,1.0,332
17K590,Medgar Evers College Preparatory School,17,11,1,1,2078,676,220,237,1.0,332
17K745,Brooklyn Institute for Liberal Arts,17,11,1,1,761,109,175,158,1.0,332
18K567,Brooklyn Theatre Arts High School,18,11,1,1,352,39,125,-2,1.0,332
18K576,Victory Collegiate High School,18,11,1,1,305,61,140,-2,1.0,332
18K617,High School for Innovation in Advertising and Media,18,11,1,1,522,101,81,91,1.0,332
19K953,The East New York Arts and Civics High School,19,11,1,1,169,23,68,-2,1.0,332
20K445,New Utrecht High School,20,11,1,1,4568,1443,630,730,1.0,332
21K540,John Dewey High School,21,11,1,1,2573,622,553,577,1.0,332
22K535,Leon M. Goldstein High School for the Sciences,22,11,1,1,3985,2007,258,429,1.0,332
24Q293,Civic Leadership Academy,24,11,1,1,1157,291,142,191,1.0,332
24Q485,Grover Cleveland High School,24,11,1,1,1552,359,420,437,1.0,332
25Q241,Queens High School for Language Studies,25,11,1,1,371,90,125,76,1.0,332
26Q495,Bayside High School,26,11,1,1,6914,2765,851,1041,1.0,332
27Q302,"Queens High School for Information, Research, and Technology",27,11,1,1,671,160,130,177,1.0,332
28Q686,Queens Metropolitan High School,28,11,1,1,2321,931,279,279,1.0,332
29Q248,Queens Preparatory Academy,29,11,1,1,383,62,100,-2,1.0,332
29Q313,Benjamin Franklin High School for Finance & Information Technology,29,11,1,1,735,122,108,-2,1.0,332
31R028,The Eagle Academy for Young Men of Staten Island,31,11,1,1,94,26,81,-2,1.0,332
31R445,Port Richmond High School,31,11,1,1,1267,334,564,435,1.0,332
31R455,Tottenville High School,31,11,1,1,3274,1627,1158,1357,1.0,332
32K549,The Brooklyn School for Social Justice,32,11,1,1,425,47,120,-2,1.0,332
32K554,All City Leadership Secondary School,32,11,2,2,911,247,62,62,1.0,1
25Q525,Townsend Harris High School,25,11,116,83,6780,4957,290,374,0.7155172413793104,2
14K558,Williamsburg High School for Architecture and Design,14,11,3,2,1223,253,155,212,0.6666666666666666,3
15K667,Sunset Park High School,15,11,3,2,989,260,354,-2,0.6666666666666666,3
23K644,Eagle Academy for Young Men II,23,11,3,2,554,179,92,139,0.6666666666666666,3
32K552,The Academy of Urban Planning and Engineering,32,11,3,2,737,128,113,-2,0.6666666666666666,3
01M696,Bard High School Early College,1,11,181,102,3946,2196,125,198,0.56353591160221,7
03M541,Manhattan / Hunter Science High School,3,11,329,180,5406,2689,108,176,0.547112462006079,8
04M435,Manhattan Center for Science and Mathematics,4,11,398,215,5010,1993,440,709,0.5402010050251256,9
03M479,Beacon High School,3,11,353,184,7891,4442,360,493,0.5212464589235127,10
02M416,Eleanor Roosevelt High School,2,11,379,193,7699,3749,136,224,0.5092348284960422,11
01M458,Forsyth Satellite Academy,1,11,2,1,60,12,28,-2,0.5,12
01M515,Lower East Side Preparatory High School,1,11,2,1,317,89,75,-2,0.5,12
02M394,Emma Lazarus High School,2,11,2,1,134,19,60,-1,0.5,12
02M422,Quest to Learn,2,11,2,1,177,27,108,41,0.5,12
02M586,Harvey Milk High School,2,11,2,1,40,3,45,-1,0.5,12
06M348,Washington Heights Expeditionary Learning School,6,11,2,1,689,175,100,115,0.5,12
13K670,Benjamin Banneker Academy,13,11,4,2,1912,451,225,318,0.5,12
14K071,Juan Morel Campos Secondary School,14,11,2,1,341,78,101,69,0.5,12
14K477,East Williamsburg Scholars Academy,14,11,2,1,650,90,234,-2,0.5,12
14K488,Brooklyn Preparatory High School,14,11,2,1,1061,174,153,-2,0.5,12
15K429,Digital Arts and Cinema Technology High School,15,11,2,1,579,105,90,94,0.5,12
16K688,The Brooklyn Academy of Global Finance,16,11,2,1,469,56,108,-2,0.5,12
17K524,International High School at Prospect Heights,17,11,2,1,338,61,108,45,0.5,12
17K528,The High School for Global Citizenship,17,11,2,1,524,55,100,63,0.5,12
17K547,Brooklyn Academy of Science and the Environment,17,11,2,1,373,53,108,-2,0.5,12
18K563,It Takes a Village Academy,18,11,2,1,353,23,135,-2,0.5,12
18K629,Cultural Academy for the Arts and Sciences,18,11,2,1,567,70,116,80,0.5,12
19K639,Brooklyn Lab School,19,11,6,3,980,152,102,143,0.5,12
21K468,Kingsborough Early College School,21,11,2,1,1229,429,110,122,0.5,12
21K559,Life Academy High School for Film and Music,21,11,2,1,145,21,81,49,0.5,12
23K493,Brooklyn Collegiate: A College Board School,23,11,2,1,727,113,120,-2,0.5,12
23K514,Frederick Douglass Academy VII High School,23,11,2,1,532,76,108,85,0.5,12
23K697,Teachers Preparatory High School,23,11,2,1,187,35,90,-2,0.5,12
24Q236,International High School for Health Sciences,24,11,2,1,485,112,81,68,0.5,12
25Q281,East-West School of International Studies,25,11,2,1,766,290,89,113,0.5,12
26Q435,Martin Van Buren High School,26,11,2,1,1084,217,352,273,0.5,12
26Q566,"Queens High School of Teaching, Liberal Arts and the Sciences",26,11,2,1,671,231,258,222,0.5,12
27Q314,Epic High School - South,27,11,2,1,618,154,95,138,0.5,12
27Q323,Scholars' Academy,27,11,2,1,1065,580,154,186,0.5,12
28Q690,High School for Law Enforcement and Public Safety,28,11,2,1,396,91,165,109,0.5,12
29Q243,Institute for Health Professions at Cambria Heights,29,11,2,1,416,79,108,132,0.5,12
29Q326,Cambria Heights Academy,29,11,2,1,581,113,81,103,0.5,12
30Q286,"Young Women's Leadership School, Astoria",30,11,2,1,453,156,81,103,0.5,12
30Q367,Motion Picture Tech High School,30,11,2,1,538,133,200,-2,0.5,12
31R450,Curtis High School,31,11,2,1,1967,690,804,754,0.5,12
31R460,Susan E. Wagner High School,31,11,2,1,2611,968,660,631,0.5,12
32K556,Bushwick Leaders High School for Academic Excellence,32,11,2,1,768,125,120,-2,0.5,12
01M539,"New Explorations into Science, Technology and Math High School",1,11,95,46,3743,2047,150,289,0.4842105263157895,49
02M500,Unity Center for Urban Technologies,2,11,13,6,274,48,95,136,0.46153846153846156,50
12X641,Bard High School Early College Bronx,12,11,325,150,1391,613,100,106,0.46153846153846156,50
02M411,Baruch College Campus High School,2,11,289,132,6773,2753,118,188,0.45674740484429066,52
17K408,Academy of Hospitality and Tourism,17,11,7,3,571,89,118,-2,0.42857142857142855,53
02M412,N.Y.C. Lab School for Collaborative Studies,2,11,78,33,3134,1067,109,161,0.4230769230769231,54
07X495,University Heights Secondary School,7,11,300,126,2181,787,140,203,0.42,55
05M362,Columbia Secondary School,5,11,230,95,4258,1769,112,175,0.41304347826086957,56
24Q299,Bard High School Early College Queens,24,11,39,16,3866,2227,125,166,0.41025641025641024,57
02M630,Art and Design High School,2,11,160,64,3594,1359,385,523,0.4,58
02M439,Manhattan Village Academy,2,11,157,61,3002,860,100,201,0.3885350318471338,59
02M449,Vanguard High School,2,11,31,12,701,134,110,158,0.3870967741935484,60
02M600,The High School of Fashion Industries,2,11,109,42,2046,720,475,395,0.3853211009174312,61
02M418,Millennium High School,2,11,163,62,5541,2290,176,286,0.3803680981595092,62
02M294,Essex Street Academy,2,11,16,6,2478,562,90,125,0.375,63
08X282,Women's Academy of Excellence,8,11,27,10,172,27,108,-2,0.37037037037037035,64
07X427,Community School for Social Justice,7,11,11,4,229,33,81,-2,0.36363636363636365,65
04M555,Central Park East High School,4,11,429,145,4762,1538,125,215,0.337995337995338,66
01M292,Orchard Collegiate Academy,1,11,3,1,280,71,90,-2,0.3333333333333333,67
10X342,International School for Liberal Arts,10,11,3,1,219,81,100,-2,0.3333333333333333,67
13K265,Dr. Susan S. McKinney Secondary School of the Arts,13,11,3,1,362,54,82,-2,0.3333333333333333,67
13K412,Brooklyn Community Arts & Media High School (BCAM),13,11,3,1,702,113,142,-2,0.3333333333333333,67
13K419,"Science Skills Center High School for Science, Technology and the Creative Arts",13,11,3,1,909,111,258,143,0.3333333333333333,67
13K605,George Westinghouse Career and Technical Education High School,13,11,6,2,1254,203,254,194,0.3333333333333333,67
14K561,Williamsburg Preparatory School,14,11,3,1,1131,226,180,236,0.3333333333333333,67
17K122,Pathways in Technology Early College High School (P-Tech),17,11,3,1,712,114,150,-2,0.3333333333333333,67
17K548,Brooklyn School for Music & Theatre,17,11,3,1,522,74,108,-2,0.3333333333333333,67
18K566,Brooklyn Community High School for Excellence and Equity,18,11,3,1,448,61,75,-2,0.3333333333333333,67
19K510,World Academy for Total Community Health High School,19,11,3,1,417,29,98,-2,0.3333333333333333,67
19K615,Transit Tech Career and Technical Education High School,19,11,3,1,1168,225,315,-2,0.3333333333333333,67
20K485,High School of Telecommunication Arts and Technology,20,11,3,1,2973,1210,310,363,0.3333333333333333,67
21K620,William E. Grady Career and Technical Education High School,21,11,3,1,970,205,305,214,0.3333333333333333,67
26Q315,Business Technology Early College High School,26,11,3,1,1032,289,180,272,0.3333333333333333,67
29Q327,Eagle Academy for Young Men III,29,11,3,1,324,112,120,-2,0.3333333333333333,67
04M495,Park East High School,4,11,247,81,2653,739,100,166,0.32793522267206476,83
10X442,"Celia Cruz Bronx High School of Music, The",10,11,114,37,561,165,140,114,0.32456140350877194,84
10X141,Riverdale / Kingsbridge Academy (Middle School / High School 141),10,11,87,28,648,268,210,288,0.3218390804597701,85
09X231,Eagle Academy for Young Men,9,11,67,21,455,163,80,130,0.31343283582089554,86
30Q301,Academy for Careers in Television and Film,30,11,16,5,1410,330,151,200,0.3125,87
02M414,N.Y.C. Museum School,2,11,104,32,3022,865,150,254,0.3076923076923077,88
03M417,Frank McCourt High School,3,11,55,16,1253,345,120,170,0.2909090909090909,89
10X368,In-Tech Academy (M.S. / High School 368),10,11,80,23,707,244,160,205,0.2875,90
13K595,Bedford Academy High School,13,11,7,2,2464,599,81,114,0.2857142857142857,91
30Q580,Baccalaureate School for Global Education,30,11,14,4,1732,937,97,94,0.2857142857142857,91
02M408,Professional Performing Arts High School,2,11,50,14,1255,378,128,180,0.28,93
02M260,The Clinton School,2,11,43,12,2837,1151,134,221,0.27906976744186046,94
02M135,The Urban Assembly Early College High School for Emergency Medicine,2,11,22,6,510,116,122,-2,0.2727272727272727,95
27Q650,"High School for Construction Trades, Engineering and Architecture",27,11,11,3,3028,1209,247,311,0.2727272727272727,95
02M519,Talent Unlimited High School,2,11,85,23,1599,468,152,213,0.27058823529411763,97
02M139,Stephen T. Mather Building Arts & Craftsmanship High School,2,11,15,4,432,88,108,-2,0.26666666666666666,98
11X509,High School of Language and Innovation,11,11,144,38,299,56,108,36,0.2638888888888889,99
02M531,Repertory Company High School for Theatre Arts,2,11,27,7,365,100,60,68,0.25925925925925924,100
05M499,Frederick Douglass Academy,5,11,43,11,903,195,325,214,0.2558139534883721,101
02M376,NYC iSchool,2,11,59,15,2459,931,118,158,0.2542372881355932,102
02M438,International High School at Union Square,2,11,4,1,501,103,68,75,0.25,103
12X267,Bronx Latin,12,11,68,17,841,149,81,113,0.25,103
17K600,Clara Barton High School,17,11,4,1,1276,355,434,-2,0.25,103
18K637,Academy for Conservation and the Environment,18,11,4,1,727,92,170,217,0.25,103
19K502,FDNY - Captain Vernon A. Richard High School for Fire and Life Safety,19,11,4,1,745,141,108,125,0.25,103
24Q560,"Robert F. Wagner, Jr. Secondary School for Arts and Technology",24,11,4,1,1368,247,120,161,0.25,103
28Q505,Hillcrest High School,28,11,4,1,2316,496,730,517,0.25,103
28Q680,Queens Gateway to Health Sciences Secondary School,28,11,4,1,1238,384,108,147,0.25,103
32K168,The Brooklyn School for Math and Research,32,11,4,1,710,99,108,148,0.25,103
11X270,Academy for Scholarship and Entrepreneurship: A College Board School,11,11,459,114,775,148,120,-2,0.24836601307189543,112
11X513,New World High School,11,11,376,93,625,129,108,69,0.2473404255319149,113
09X260,Bronx Center for Science and Mathematics,9,11,381,94,2530,621,108,201,0.24671916010498687,114
02M298,Pace High School,2,11,37,9,1172,169,190,177,0.24324324324324326,115
10X228,Jonas Bronck Academy,10,11,25,6,372,91,90,-2,0.24,116
10X437,Fordham High School for the Arts,10,11,389,93,1826,399,130,158,0.2390745501285347,117
11X455,Harry S Truman High School,11,11,850,202,1891,390,913,-2,0.2376470588235294,118
07X259,"H.E.R.O. High (Health, Education, and Research Occupations High School)",7,11,118,27,862,174,250,182,0.2288135593220339,119
02M507,Urban Assembly Gateway School for Technology,2,11,40,9,1299,278,108,146,0.225,120
02M419,Landmark High School,2,11,9,2,457,37,100,-2,0.2222222222222222,121
15K684,Millennium Brooklyn HS,15,11,9,2,5385,2365,178,252,0.2222222222222222,121
16K498,Brooklyn High School for Law and Technology,16,11,9,2,1730,296,151,-2,0.2222222222222222,121
11X542,Pelham Preparatory Academy,11,11,1207,268,2331,448,130,211,0.22203811101905552,124
11X418,Bronx High School for the Visual Arts,11,11,403,89,951,168,102,136,0.22084367245657568,125
12X684,Wings Academy,12,11,88,19,370,63,150,86,0.2159090909090909,126
02M288,Food and Finance High School,2,11,56,12,1225,264,150,211,0.21428571428571427,127
02M300,"Urban Assembly School of Design and Construction, The",2,11,14,3,346,43,108,-2,0.21428571428571427,127
02M392,Manhattan Business Academy,2,11,42,9,1321,191,161,-2,0.21428571428571427,127
24Q264,Academy of Finance and Enterprise,24,11,14,3,2163,546,124,151,0.21428571428571427,127
11X249,Bronx Health Sciences High School,11,11,456,95,1270,225,200,261,0.20833333333333334,131
11X288,Collegiate Institute for Math and Science,11,11,948,197,1764,317,133,200,0.20780590717299577,132
06M293,City College Academy of the Arts,6,11,39,8,1028,337,81,95,0.20512820512820512,133
07X600,Alfred E. Smith Career and Technical Education High School,7,11,138,28,1126,227,189,193,0.2028985507246377,134
02M407,Institute for Collaborative Education,2,11,15,3,836,263,61,73,0.2,135
03M859,Special Music School,3,11,15,3,482,165,50,64,0.2,135
09X241,"Urban Assembly School for Applied Math and Science, The",9,11,40,8,561,117,90,99,0.2,135
13K350,Urban Assembly School of Music and Art,13,11,15,3,494,52,108,-2,0.2,135
13K674,"City Polytechnic High School of Engineering, Architecture, and Technology",13,11,5,1,1239,274,108,160,0.2,135
16K455,Boys and Girls High School,16,11,5,1,712,68,369,96,0.2,135
17K539,High School for Service & Learning at Erasmus,17,11,5,1,296,35,108,98,0.2,135
28Q284,York Early College Academy,28,11,5,1,1602,580,81,91,0.2,135
28Q440,Forest Hills High School,28,11,15,3,7184,2477,702,851,0.2,135
30Q445,William Cullen Bryant High School,30,11,5,1,1681,297,435,349,0.2,135
10X374,Knowledge and Power Preparatory Academy International High School (Kappa),10,11,523,103,2279,431,120,179,0.19694072657743786,145
02M420,High School for Health Professions and Human Services,2,11,138,27,2991,776,477,590,0.1956521739130435,146
01M448,University Neighborhood High School,1,11,37,7,2248,447,125,185,0.1891891891891892,147
02M489,High School of Economics and Finance,2,11,74,14,1374,223,230,-2,0.1891891891891892,147
08X405,Herbert H. Lehman High School,8,11,775,146,2078,405,528,479,0.18838709677419355,149
14K610,A-Tech High School,14,11,16,3,1273,264,224,243,0.1875,150
10X477,Marble Hill High School for International Studies,10,11,98,18,810,158,108,139,0.1836734693877551,151
10X440,DeWitt Clinton High School,10,11,837,153,2901,586,385,492,0.1827956989247312,152
02M580,Richard R. Green High School of Teaching,2,11,11,2,1291,154,160,-2,0.18181818181818182,153
03M494,High School of Arts and Technology,3,11,39,7,1037,132,140,-2,0.1794871794871795,154
02M546,Academy for Software Engineering,2,11,101,18,1992,388,125,201,0.1782178217821782,155
08X452,Gotham Collaborative High School,8,11,51,9,343,51,120,-2,0.17647058823529413,156
11X299,Astor Collegiate Academy,11,11,1167,203,2199,342,120,189,0.17395029991431019,157
10X439,Bronx High School for Law and Community Service,10,11,279,48,1467,220,108,163,0.17204301075268819,158
02M282,Urban Assembly Maker Academy,2,11,18,3,1074,175,150,216,0.16666666666666666,159
02M399,The High School For Language And Diplomacy,2,11,6,1,385,36,134,-2,0.16666666666666666,159
02M655,The High School for Climate Justice,2,11,6,1,298,60,152,105,0.16666666666666666,159
12X478,The Cinema School,12,11,90,15,618,139,81,117,0.16666666666666666,159
15K462,John Jay School for Law,15,11,12,2,1012,184,125,-2,0.16666666666666666,159
18K633,High School for Medical Professions,18,11,6,1,666,99,108,116,0.16666666666666666,159
19K507,Performing Arts and Technology High School,19,11,6,1,1103,157,125,163,0.16666666666666666,159
19K618,Academy of Innovative Technology,19,11,6,1,1048,183,115,169,0.16666666666666666,159
19K764,The Urban Assembly School for Collaborative Healthcare,19,11,6,1,419,71,81,-2,0.16666666666666666,159
21K348,High School of Sports Management,21,11,6,1,386,75,176,-2,0.16666666666666666,159
24Q520,Middle College High School at LaGuardia Community College,24,11,6,1,1826,552,97,118,0.16666666666666666,159
25Q240,Veritas Academy,25,11,6,1,526,96,130,-2,0.16666666666666666,159
25Q460,Flushing High School,25,11,6,1,1592,289,419,419,0.16666666666666666,159
25Q670,Robert F. Kennedy Community High School,25,11,6,1,1012,254,150,223,0.16666666666666666,159
29Q272,George Washington Carver High School for the Sciences,29,11,6,1,590,92,93,-2,0.16666666666666666,159
30Q450,Long Island City High School,30,11,6,1,1827,403,790,432,0.16666666666666666,159
31R440,New Dorp High School,31,11,6,1,2806,1011,668,887,0.16666666666666666,159
09X568,Young Women's Leadership School of the Bronx,9,11,61,10,449,109,90,127,0.16393442622950818,176
30Q501,Frank Sinatra School of the Arts High School,30,11,55,9,3557,1643,236,416,0.16363636363636364,177
02M413,School of the Future High School,2,11,37,6,1741,485,108,152,0.16216216216216217,178
06M468,High School for Health Careers and Sciences,6,11,56,9,822,121,268,-2,0.16071428571428573,179
09X413,Bronx High School for Medical Science,9,11,120,19,1104,178,90,170,0.15833333333333333,180
11X514,The Bronxwood Preparatory Academy,11,11,514,81,668,93,120,150,0.1575875486381323,181
03M492,"High School for Law, Advocacy and Community Justice",3,11,51,8,920,170,220,-2,0.1568627450980392,182
09X329,DreamYard Preparatory School,9,11,45,7,522,57,108,64,0.15555555555555556,183
11X508,Bronxdale High School,11,11,979,152,1828,267,129,190,0.15526046986721145,184
07X548,Careers in Sports High School,7,11,84,13,1056,226,125,202,0.15476190476190477,185
24Q600,Queens Technical High School,24,11,13,2,3942,1196,350,423,0.15384615384615385,186
02M393,Business Of Sports School,2,11,46,7,1151,248,129,210,0.15217391304347827,187
10X438,Fordham Leadership Academy,10,11,568,86,2416,416,108,155,0.15140845070422534,188
11X275,High School of Computers and Technology,11,11,266,40,715,115,181,156,0.15037593984962405,189
02M543,New Design High School,2,11,20,3,852,157,125,145,0.15,190
08X293,Renaissance High School for Musical Theater and the Arts,8,11,175,26,660,115,110,-2,0.14857142857142858,191
02M047,47 The American Sign Language and English Secondary School,2,11,14,2,318,55,69,-2,0.14285714285714285,192
08X530,Longwood Preparatory Academy,8,11,77,11,649,115,120,143,0.14285714285714285,192
10X213,Bronx Engineering and Technology Academy,10,11,119,17,754,115,142,-2,0.14285714285714285,192
12X271,East Bronx Academy for the Future,12,11,49,7,464,97,90,79,0.14285714285714285,192
17K543,"Science, Technology and Research Early College High School at Erasmus",17,11,7,1,790,197,130,145,0.14285714285714285,192
20K490,Fort Hamilton High School,20,11,7,1,4983,1995,883,903,0.14285714285714285,192
28Q620,Thomas A. Edison Career and Technical Education High School,28,11,7,1,6131,2355,473,583,0.14285714285714285,192
30Q258,Energy Tech High School,30,11,7,1,1535,348,108,145,0.14285714285714285,192
10X264,Bronx Academy for Software Engineering (BASE),10,11,254,36,1199,175,120,165,0.14173228346456693,200
07X221,South Bronx Preparatory: A College Board School,7,11,57,8,782,161,123,148,0.14035087719298245,201
02M459,Manhattan International High School,2,11,22,3,738,151,85,73,0.13636363636363635,202
03M291,West End Secondary School,3,11,22,3,1209,392,105,146,0.13636363636363635,202
10X433,High School for Teaching and the Professions,10,11,44,6,344,61,102,-2,0.13636363636363635,202
06M540,A. Philip Randolph Campus High School,6,11,119,16,2050,408,471,379,0.13445378151260504,205
02M303,"Facing History School, The",2,11,15,2,421,87,107,-2,0.13333333333333333,206
11X545,Bronx Aerospace High School,11,11,370,49,751,109,189,-2,0.13243243243243244,207
07X500,Hostos-Lincoln Academy of Science,7,11,54,7,751,158,81,121,0.12962962962962962,208
08X432,Bronx Bridges High School,8,11,54,7,454,83,81,70,0.12962962962962962,208
02M296,High School of Hospitality Management,2,11,8,1,269,35,135,-2,0.125,210
02M316,"Urban Assembly School of Business for Young Women, the",2,11,8,1,165,17,120,-2,0.125,210
02M395,A School Without Walls,2,11,8,1,178,36,100,-2,0.125,210
03M610,Young Women's Leadership School,3,11,24,3,370,113,81,-2,0.125,210
06M462,The College Academy,6,11,32,4,814,121,121,129,0.125,210
10X353,World View High School,10,11,312,39,1343,263,150,195,0.125,210
15K656,Brooklyn High School of the Arts,15,11,8,1,2104,574,254,272,0.125,210
19K660,W. H. Maxwell Career and Technical Education High School,19,11,8,1,991,185,305,164,0.125,210
22K555,Brooklyn College Academy,22,11,8,1,2698,911,170,228,0.125,210
24Q550,High School for Arts and Business,24,11,8,1,2257,552,191,255,0.125,210
24Q585,Maspeth High School,24,11,8,1,5045,1953,270,348,0.125,210
24Q610,Aviation Career & Technical Education High School,24,11,24,3,4123,1548,530,723,0.125,210
29Q492,"Mathematics, Science Research and Technology Magnet High School",29,11,16,2,782,146,150,-2,0.125,210
30Q575,Academy of American Studies,30,11,8,1,2727,819,170,224,0.125,210
12X242,Mott Hall V,12,11,105,13,1001,282,81,91,0.12380952380952381,224
09X505,"Bronx School for Law, Government and Justice",9,11,97,12,1132,259,120,154,0.12371134020618557,225
09X412,Bronx High School of Business,9,11,73,9,765,66,120,-2,0.1232876712328767,226
07X522,Bronx Design and Construction Academy,7,11,100,12,677,112,140,91,0.12,227
08X558,Westchester Square Academy,8,11,252,29,788,106,135,114,0.11507936507936507,228
10X434,Belmont Preparatory High School,10,11,245,28,1447,203,108,176,0.11428571428571428,229
02M400,High School for Environmental Studies,2,11,54,6,2558,395,344,385,0.1111111111111111,230
02M427,Manhattan Academy For Arts & Language,2,11,9,1,389,72,108,49,0.1111111111111111,230
02M529,Jacqueline Kennedy Onassis High School,2,11,18,2,534,81,204,-2,0.1111111111111111,230
07X334,International Community High School,7,11,9,1,210,40,81,23,0.1111111111111111,230
08X312,Millennium Art Academy,8,11,108,12,625,136,112,117,0.1111111111111111,230
08X636,Virtual Innovators Academy,8,11,9,1,113,31,80,-2,0.1111111111111111,230
12X248,"Metropolitan High School, The",12,11,9,1,228,33,151,-2,0.1111111111111111,230
17K382,Academy for College Preparation and Career Exploration: A College Board School,17,11,9,1,837,124,108,-2,0.1111111111111111,230
17K546,High School for Public Service: Heroes of Tomorrow,17,11,9,1,656,69,130,-2,0.1111111111111111,230
27Q480,John Adams High School,27,11,9,1,2490,480,636,644,0.1111111111111111,230
09X252,Mott Hall Bronx High School,9,11,100,11,1138,141,90,130,0.11,240
10X225,Theatre Arts Production Company School,10,11,94,10,633,88,170,-2,0.10638297872340426,241
08X349,Bronx River High School,8,11,358,37,1172,196,108,168,0.10335195530726257,242
02M437,Hudson High School of Learning Technologies,2,11,10,1,353,48,119,-2,0.1,243
02M520,Murry Bergtraum High School for Business Careers,2,11,10,1,222,38,240,-2,0.1,243
02M551,Urban Assembly New York Harbor School,2,11,10,1,724,221,200,-2,0.1,243
03M415,Wadleigh Secondary School for the Performing & Visual Arts,3,11,60,6,826,130,128,-2,0.1,243
05M670,Thurgood Marshall Academy for Learning and Social Change,5,11,10,1,340,71,108,-2,0.1,243
07X223,The Laboratory School of Finance and Technology: X223,7,11,70,7,980,230,89,93,0.1,243
09X543,High School for Violin and Dance,9,11,10,1,149,19,108,-2,0.1,243
11X290,Bronx Academy of Health Careers,11,11,320,32,897,90,108,-2,0.1,243
17K537,High School for Youth and Community Development at Erasmus,17,11,10,1,488,82,140,-2,0.1,243
19K404,Academy for Young Writers,19,11,10,1,559,71,92,82,0.1,243
24Q530,International High School at LaGuardia Community College,24,11,10,1,1236,505,119,114,0.1,243
27Q260,Frederick Douglass Academy VI High School,27,11,10,1,482,71,121,-2,0.1,243
27Q309,Academy of Medical Technology: A College Board School,27,11,10,1,626,120,105,109,0.1,243
27Q400,August Martin High School,27,11,10,1,960,177,250,218,0.1,243
32K403,Academy for Excellence in Leadership,32,11,10,1,653,76,108,-2,0.1,243
06M467,High School for Law and Public Service,6,11,31,3,643,95,167,84,0.0967741935483871,258
10X546,Bronx Theatre High School,10,11,62,6,414,45,128,-2,0.0967741935483871,258
11X544,High School for Contemporary Arts,11,11,222,21,607,55,240,-2,0.0945945945945946,260
11X265,Bronx Lab School,11,11,203,19,381,47,123,-2,0.09359605911330049,261
02M533,Union Square Academy for Health Sciences,2,11,33,3,834,154,163,143,0.09090909090909091,262
03M307,"Urban Assembly School for Media Studies, The",3,11,11,1,328,71,126,109,0.09090909090909091,262
03M860,Frederick Douglass Academy II Secondary School,3,11,11,1,309,55,95,105,0.09090909090909091,262
06M346,Community Health Academy of the Heights,6,11,11,1,586,143,75,93,0.09090909090909091,262
17K751,Academy for Health Careers,17,11,11,1,715,72,108,-2,0.09090909090909091,262
29Q498,"Health, Arts, Robotics, and Technology High School",29,11,11,1,1435,293,196,264,0.09090909090909091,262
10X549,Discovery High School,10,11,67,6,716,95,108,135,0.08955223880597014,268
01M450,East Side Community School,1,11,24,2,1142,328,95,117,0.08333333333333333,269
09X404,School for Excellence,9,11,12,1,134,13,116,-2,0.08333333333333333,269
14K478,"The High School for Enterprise, Business and Technology",14,11,12,1,1197,144,249,130,0.08333333333333333,269
08X320,Pelham Lab High School,8,11,198,16,514,49,108,-2,0.08080808080808081,272
02M432,Murray Hill Academy,2,11,13,1,558,76,90,-2,0.07692307692307693,273
05M148,Eagle Academy for Young Men of Harlem,5,11,13,1,257,46,120,88,0.07692307692307693,273
22K405,Midwood High School,22,11,13,1,11658,5495,910,1323,0.07692307692307693,273
25Q425,John Bowne High School,25,11,13,1,3116,720,783,809,0.07692307692307693,273
10X243,West Bronx Academy for the Future,10,11,152,11,917,136,90,109,0.07236842105263158,277
09X227,Bronx Collegiate Academy,9,11,125,9,1201,163,120,173,0.072,278
04M680,"Heritage School, The",4,11,14,1,482,60,80,-2,0.07142857142857142,279
02M534,Harvest Collegiate High School,2,11,29,2,1116,115,116,-2,0.06896551724137931,280
02M542,Manhattan Bridges High School,2,11,15,1,904,224,172,95,0.06666666666666667,281
07X551,The Urban Assembly Bronx Academy of Letters,7,11,15,1,309,45,108,58,0.06666666666666667,281
09X525,Bronx Leadership Academy High School,9,11,90,6,1027,107,105,123,0.06666666666666667,281
09X564,Claremont International HS,9,11,15,1,412,50,81,25,0.06666666666666667,281
10X268,Kingsbridge International High School,10,11,15,1,206,15,108,6,0.06666666666666667,281
26Q430,Francis Lewis High School,26,11,15,1,8708,3905,913,1030,0.06666666666666667,281
31R080,The Michael J. Petrides School,31,11,75,5,724,274,128,188,0.06666666666666667,281
02M605,Humanities Preparatory Academy,2,11,31,2,861,101,75,-2,0.06451612903225806,288
03M402,The Urban Assembly School for Green Careers,3,11,16,1,494,39,120,45,0.0625,289
06M552,Gregorio Luperon High School for Science and Mathematics,6,11,16,1,573,165,150,45,0.0625,289
05M304,Mott Hall High School,5,11,17,1,455,53,108,-2,0.058823529411764705,291
07X473,Mott Haven Village Preparatory High School,7,11,17,1,460,62,81,-2,0.058823529411764705,291
09X263,Validus Preparatory Academy,9,11,17,1,264,33,90,-2,0.058823529411764705,291
10X565,High School for Energy and Technology,10,11,104,6,503,51,120,-2,0.057692307692307696,294
05M369,Urban Assembly School for the Performing Arts,5,11,18,1,372,52,108,-2,0.05555555555555555,295
09X327,Comprehensive Model School Project M.S. 327,9,11,18,1,706,224,90,103,0.05555555555555555,295
10X351,Bronx Collaborative High School,10,11,112,6,582,47,150,-2,0.05357142857142857,297
02M305,"Urban Assembly Academy of Government and Law, The",2,11,21,1,573,75,100,-2,0.047619047619047616,298
02M308,Lower Manhattan Arts Academy,2,11,21,1,524,69,95,-2,0.047619047619047616,298
02M425,Leadership and Public Service High School,2,11,21,1,387,36,145,52,0.047619047619047616,298
12X446,Arturo A. Schomburg Satellite Academy Bronx,12,11,21,1,222,33,40,24,0.047619047619047616,298
06M463,High School for Media and Communications,6,11,22,1,505,61,150,-2,0.045454545454545456,302
09X517,Frederick Douglass Academy III Secondary School,9,11,22,1,404,35,108,-2,0.045454545454545456,302
03M403,The Global Learning Collaborative,3,11,23,1,754,90,108,-2,0.043478260869565216,304
12X388,Pan American International High School at Monroe,12,11,24,1,310,71,108,43,0.041666666666666664,305
10X524,Crotona International High School,10,11,25,1,309,47,81,19,0.04,306
02M280,Manhattan Early College School for Advertising,2,11,26,1,572,88,112,-2,0.038461538461538464,307
08X269,Bronx Studio School for Writers and Artists,8,11,32,1,481,130,90,113,0.03125,308
09X324,Bronx Early College Academy for Teaching & Learning,9,11,33,1,549,93,81,133,0.030303030303030304,309
09X365,Academy for Language and Technology,9,11,33,1,773,224,92,89,0.030303030303030304,309
02M615,Chelsea Career and Technical Education High School,2,11,34,1,821,118,152,-2,0.029411764705882353,311
12X550,High School of World Cultures,12,11,34,1,380,49,108,36,0.029411764705882353,311
06M211,Inwood Early College for Health and Information Technologies,6,11,35,1,745,156,111,-2,0.02857142857142857,313
12X682,Fannie Lou Hamer Freedom High School,12,11,35,1,388,73,110,83,0.02857142857142857,313
12X521,The Metropolitan Soundview High School,12,11,36,1,453,67,120,74,0.027777777777777776,315
08X376,Antonia Pantoja Preparatory Academy: A College Board School,8,11,39,1,308,82,84,104,0.02564102564102564,316
09X403,Bronx International High School,9,11,42,1,537,54,135,12,0.023809523809523808,317
12X479,Bronx Career and College Preparatory High School,12,11,43,1,321,28,81,-2,0.023255813953488372,318
09X297,Morris Academy for Collaborative Studies,9,11,44,1,568,80,123,-2,0.022727272727272728,319
10X237,"The Marie Curie High School for Medicine, Nursing, and Health Professions",10,11,47,1,334,46,135,-2,0.02127659574468085,320
02M374,Gramercy Arts High School,2,11,49,1,1038,129,204,78,0.02040816326530612,321
07X625,Bronx Legacy High School,7,11,51,1,690,97,90,-2,0.0196078431372549,322
08X367,"Archimedes Academy for Math, Science and Technology Applications",8,11,53,1,427,75,100,-2,0.018867924528301886,323
07X670,Health Opportunities High School,7,11,57,1,477,47,75,-2,0.017543859649122806,324
07X527,Bronx Leadership Academy II High School,7,11,58,1,911,103,131,-2,0.017241379310344827,325
09X250,Eximius College Preparatory Academy: A College Board School,9,11,65,1,761,90,108,-2,0.015384615384615385,326
10X284,Bronx School of Law and Finance,10,11,66,1,558,58,130,-2,0.015151515151515152,327
12X511,Bronx Envision Academy,12,11,68,1,459,44,108,-2,0.014705882352941176,328
12X251,Explorations Academy H.S.,12,11,71,1,476,39,117,-2,0.014084507042253521,329
08X348,Schuylerville Preparatory High School,8,11,80,1,286,30,108,-2,0.0125,330
08X561,Bronx Compass High School,8,11,89,1,520,70,130,-2,0.011235955056179775,331
02M313,"James Baldwin School, The: A School for Expeditionary Learning",2,12,1,1,71,14,25,-2,1.0,314
02M422,Quest to Learn,2,12,1,1,177,27,108,41,1.0,314
02M438,International High School at Union Square,2,12,1,1,501,103,68,75,1.0,314
02M550,Liberty High School Academy for Newcomers,2,12,1,1,99,16,50,6,1.0,314
14K071,Juan Morel Campos Secondary School,14,12,1,1,341,78,101,69,1.0,314
14K474,PROGRESS High School for Professional Careers,14,12,1,1,506,81,153,-2,1.0,314
14K477,East Williamsburg Scholars Academy,14,12,1,1,650,90,234,-2,1.0,314
14K561,Williamsburg Preparatory School,14,12,1,1,1131,226,180,236,1.0,314
14K614,Young Women's Leadership School of Brooklyn,14,12,1,1,251,47,93,59,1.0,314
15K448,Brooklyn Collaborative Studies,15,12,1,1,693,99,90,110,1.0,314
15K462,John Jay School for Law,15,12,2,2,1012,184,125,-2,1.0,1
17K528,The High School for Global Citizenship,17,12,1,1,524,55,100,63,1.0,314
17K546,High School for Public Service: Heroes of Tomorrow,17,12,1,1,656,69,130,-2,1.0,314
18K563,It Takes a Village Academy,18,12,1,1,353,23,135,-2,1.0,314
18K617,High School for Innovation in Advertising and Media,18,12,1,1,522,101,81,91,1.0,314
18K633,High School for Medical Professions,18,12,1,1,666,99,108,116,1.0,314
19K422,Spring Creek Community School,19,12,1,1,341,50,73,-2,1.0,314
19K502,FDNY - Captain Vernon A. Richard High School for Fire and Life Safety,19,12,1,1,745,141,108,125,1.0,314
19K583,Multicultural High School,19,12,1,1,320,88,111,64,1.0,314
19K618,Academy of Innovative Technology,19,12,1,1,1048,183,115,169,1.0,314
19K660,W. H. Maxwell Career and Technical Education High School,19,12,1,1,991,185,305,164,1.0,314
19K764,The Urban Assembly School for Collaborative Healthcare,19,12,1,1,419,71,81,-2,1.0,314
20K490,Fort Hamilton High School,20,12,1,1,4983,1995,883,903,1.0,314
21K348,High School of Sports Management,21,12,1,1,386,75,176,-2,1.0,314
21K410,Abraham Lincoln High School,21,12,1,1,2225,539,741,604,1.0,314
21K468,Kingsborough Early College School,21,12,1,1,1229,429,110,122,1.0,314
22K425,James Madison High School,22,12,2,2,6968,2801,837,940,1.0,1
24Q267,High School of Applied Communication,24,12,1,1,557,75,145,-2,1.0,314
24Q455,Newtown High School,24,12,1,1,1328,243,419,346,1.0,314
24Q485,Grover Cleveland High School,24,12,1,1,1552,359,420,437,1.0,314
25Q241,Queens High School for Language Studies,25,12,2,2,371,90,125,76,1.0,1
25Q281,East-West School of International Studies,25,12,1,1,766,290,89,113,1.0,314
26Q415,Benjamin N. Cardozo High School,26,12,1,1,4527,1666,684,926,1.0,314
28Q310,Queens Collegiate: A College Board School,28,12,1,1,453,67,115,77,1.0,314
28Q328,High School for Community Leadership,28,12,1,1,671,160,150,231,1.0,314
28Q686,Queens Metropolitan High School,28,12,1,1,2321,931,279,279,1.0,314
29Q498,"Health, Arts, Robotics, and Technology High School",29,12,2,2,1435,293,196,264,1.0,1
30Q367,Motion Picture Tech High School,30,12,1,1,538,133,200,-2,1.0,314
30Q417,Gotham Tech High School,30,12,1,1,631,96,90,-2,1.0,314
30Q445,William Cullen Bryant High School,30,12,1,1,1681,297,435,349,1.0,314
31R455,Tottenville High School,31,12,1,1,3274,1627,1158,1357,1.0,314
32K168,The Brooklyn School for Math and Research,32,12,1,1,710,99,108,148,1.0,314
32K403,Academy for Excellence in Leadership,32,12,1,1,653,76,108,-2,1.0,314
32K554,All City Leadership Secondary School,32,12,1,1,911,247,62,62,1.0,314
02M545,High School for Dual Language and Asian Studies,2,12,4,3,769,299,108,150,0.75,5
25Q525,Townsend Harris High School,25,12,60,42,6780,4957,290,374,0.7,6
13K595,Bedford Academy High School,13,12,3,2,2464,599,81,114,0.6666666666666666,7
17K600,Clara Barton High School,17,12,3,2,1276,355,434,-2,0.6666666666666666,7
27Q650,"High School for Construction Trades, Engineering and Architecture",27,12,3,2,3028,1209,247,311,0.6666666666666666,7
01M539,"New Explorations into Science, Technology and Math High School",1,12,51,28,3743,2047,150,289,0.5490196078431373,10
01M696,Bard High School Early College,1,12,90,46,3946,2196,125,198,0.5111111111111111,11
04M435,Manhattan Center for Science and Mathematics,4,12,235,120,5010,1993,440,709,0.5106382978723404,12
03M541,Manhattan / Hunter Science High School,3,12,149,75,5406,2689,108,176,0.5033557046979866,13
01M458,Forsyth Satellite Academy,1,12,2,1,60,12,28,-2,0.5,14
02M437,Hudson High School of Learning Technologies,2,12,2,1,353,48,119,-2,0.5,14
02M551,Urban Assembly New York Harbor School,2,12,4,2,724,221,200,-2,0.5,14
02M586,Harvey Milk High School,2,12,2,1,40,3,45,-1,0.5,14
03M299,The Maxine Greene HS for Imaginative Inquiry,3,12,2,1,77,10,120,-2,0.5,14
10X342,International School for Liberal Arts,10,12,2,1,219,81,100,-2,0.5,14
13K412,Brooklyn Community Arts & Media High School (BCAM),13,12,2,1,702,113,142,-2,0.5,14
13K439,Brooklyn International High School,13,12,2,1,409,71,81,53,0.5,14
13K670,Benjamin Banneker Academy,13,12,4,2,1912,451,225,318,0.5,14
14K558,Williamsburg High School for Architecture and Design,14,12,2,1,1223,253,155,212,0.5,14
15K684,Millennium Brooklyn HS,15,12,2,1,5385,2365,178,252,0.5,14
16K498,Brooklyn High School for Law and Technology,16,12,2,1,1730,296,151,-2,0.5,14
17K382,Academy for College Preparation and Career Exploration: A College Board School,17,12,2,1,837,124,108,-2,0.5,14
17K539,High School for Service & Learning at Erasmus,17,12,2,1,296,35,108,98,0.5,14
17K543,"Science, Technology and Research Early College High School at Erasmus",17,12,2,1,790,197,130,145,0.5,14
18K567,Brooklyn Theatre Arts High School,18,12,2,1,352,39,125,-2,0.5,14
18K629,Cultural Academy for the Arts and Sciences,18,12,2,1,567,70,116,80,0.5,14
18K637,Academy for Conservation and the Environment,18,12,2,1,727,92,170,217,0.5,14
19K409,East New York Family Academy,19,12,2,1,416,159,125,147,0.5,14
19K507,Performing Arts and Technology High School,19,12,2,1,1103,157,125,163,0.5,14
19K639,Brooklyn Lab School,19,12,2,1,980,152,102,143,0.5,14
20K445,New Utrecht High School,20,12,2,1,4568,1443,630,730,0.5,14
21K572,Leaders High School,21,12,2,1,462,119,110,141,0.5,14
22K555,Brooklyn College Academy,22,12,4,2,2698,911,170,228,0.5,14
23K514,Frederick Douglass Academy VII High School,23,12,2,1,532,76,108,85,0.5,14
23K644,Eagle Academy for Young Men II,23,12,2,1,554,179,92,139,0.5,14
24Q296,Pan American International High School,24,12,2,1,508,166,108,28,0.5,14
24Q299,Bard High School Early College Queens,24,12,26,13,3866,2227,125,166,0.5,14
24Q585,Maspeth High School,24,12,4,2,5045,1953,270,348,0.5,14
25Q670,Robert F. Kennedy Community High School,25,12,2,1,1012,254,150,223,0.5,14
26Q435,Martin Van Buren High School,26,12,2,1,1084,217,352,273,0.5,14
26Q495,Bayside High School,26,12,2,1,6914,2765,851,1041,0.5,14
27Q302,"Queens High School for Information, Research, and Technology",27,12,2,1,671,160,130,177,0.5,14
27Q400,August Martin High School,27,12,2,1,960,177,250,218,0.5,14
28Q350,Jamaica Gateway to the Sciences,28,12,2,1,1005,210,150,184,0.5,14
28Q505,Hillcrest High School,28,12,2,1,2316,496,730,517,0.5,14
28Q690,High School for Law Enforcement and Public Safety,28,12,2,1,396,91,165,109,0.5,14
29Q259,Pathways College Preparatory School: A College Board School,29,12,2,1,440,145,186,167,0.5,14
30Q258,Energy Tech High School,30,12,2,1,1535,348,108,145,0.5,14
30Q450,Long Island City High School,30,12,2,1,1827,403,790,432,0.5,14
32K552,The Academy of Urban Planning and Engineering,32,12,4,2,737,128,113,-2,0.5,14
32K556,Bushwick Leaders High School for Academic Excellence,32,12,2,1,768,125,120,-2,0.5,14
02M416,Eleanor Roosevelt High School,2,12,208,102,7699,3749,136,224,0.49038461538461536,56
03M479,Beacon High School,3,12,220,107,7891,4442,360,493,0.4863636363636364,57
06M348,Washington Heights Expeditionary Learning School,6,12,17,8,689,175,100,115,0.47058823529411764,58
02M542,Manhattan Bridges High School,2,12,25,11,904,224,172,95,0.44,59
10X442,"Celia Cruz Bronx High School of Music, The",10,12,57,25,561,165,140,114,0.43859649122807015,60
22K405,Midwood High School,22,12,7,3,11658,5495,910,1323,0.42857142857142855,61
30Q301,Academy for Careers in Television and Film,30,12,7,3,1410,330,151,200,0.42857142857142855,61
12X242,Mott Hall V,12,12,459,196,1001,282,81,91,0.42701525054466233,63
12X641,Bard High School Early College Bronx,12,12,252,105,1391,613,100,106,0.4166666666666667,64
02M411,Baruch College Campus High School,2,12,173,70,6773,2753,118,188,0.4046242774566474,65
04M555,Central Park East High School,4,12,301,121,4762,1538,125,215,0.4019933554817276,66
07X495,University Heights Secondary School,7,12,299,120,2181,787,140,203,0.4013377926421405,67
02M418,Millennium High School,2,12,95,38,5541,2290,176,286,0.4,68
02M439,Manhattan Village Academy,2,12,115,46,3002,860,100,201,0.4,68
07X427,Community School for Social Justice,7,12,20,8,229,33,81,-2,0.4,68
24Q520,Middle College High School at LaGuardia Community College,24,12,5,2,1826,552,97,118,0.4,68
05M362,Columbia Secondary School,5,12,145,57,4258,1769,112,175,0.3931034482758621,72
02M412,N.Y.C. Lab School for Collaborative Studies,2,12,39,15,3134,1067,109,161,0.38461538461538464,73
04M495,Park East High School,4,12,190,71,2653,739,100,166,0.3736842105263158,74
02M376,NYC iSchool,2,12,27,10,2459,931,118,158,0.37037037037037035,75
02M630,Art and Design High School,2,12,81,30,3594,1359,385,523,0.37037037037037035,75
02M414,N.Y.C. Museum School,2,12,41,15,3022,865,150,254,0.36585365853658536,77
09X231,Eagle Academy for Young Men,9,12,73,26,455,163,80,130,0.3561643835616438,78
30Q501,Frank Sinatra School of the Arts High School,30,12,26,9,3557,1643,236,416,0.34615384615384615,79
12X478,The Cinema School,12,12,209,71,618,139,81,117,0.3397129186602871,80
02M296,High School of Hospitality Management,2,12,3,1,269,35,135,-2,0.3333333333333333,81
02M303,"Facing History School, The",2,12,9,3,421,87,107,-2,0.3333333333333333,81
02M395,A School Without Walls,2,12,3,1,178,36,100,-2,0.3333333333333333,81
02M520,Murry Bergtraum High School for Business Careers,2,12,3,1,222,38,240,-2,0.3333333333333333,81
02M580,Richard R. Green High School of Teaching,2,12,3,1,1291,154,160,-2,0.3333333333333333,81
04M372,Esperanza Preparatory Academy,4,12,6,2,322,114,106,120,0.3333333333333333,81
13K605,George Westinghouse Career and Technical Education High School,13,12,3,1,1254,203,254,194,0.3333333333333333,81
14K454,The Williamsburg High School of Art and Technology,14,12,3,1,893,129,116,120,0.3333333333333333,81
15K519,Cobble Hill School of American Studies,15,12,3,1,481,62,278,-2,0.3333333333333333,81
15K656,Brooklyn High School of the Arts,15,12,6,2,2104,574,254,272,0.3333333333333333,81
16K765,Nelson Mandela High School,16,12,3,1,250,25,114,-2,0.3333333333333333,81
17K122,Pathways in Technology Early College High School (P-Tech),17,12,3,1,712,114,150,-2,0.3333333333333333,81
17K548,Brooklyn School for Music & Theatre,17,12,3,1,522,74,108,-2,0.3333333333333333,81
19K404,Academy for Young Writers,19,12,3,1,559,71,92,82,0.3333333333333333,81
19K615,Transit Tech Career and Technical Education High School,19,12,3,1,1168,225,315,-2,0.3333333333333333,81
21K525,Edward R. Murrow High School,21,12,3,1,6293,2283,933,1196,0.3333333333333333,81
21K540,John Dewey High School,21,12,3,1,2573,622,553,577,0.3333333333333333,81
21K559,Life Academy High School for Film and Music,21,12,3,1,145,21,81,49,0.3333333333333333,81
21K690,Brooklyn Studio Secondary School,21,12,3,1,844,281,102,133,0.3333333333333333,81
24Q530,International High School at LaGuardia Community College,24,12,6,2,1236,505,119,114,0.3333333333333333,81
24Q560,"Robert F. Wagner, Jr. Secondary School for Arts and Technology",24,12,3,1,1368,247,120,161,0.3333333333333333,81
26Q315,Business Technology Early College High School,26,12,3,1,1032,289,180,272,0.3333333333333333,81
27Q314,Epic High School - South,27,12,3,1,618,154,95,138,0.3333333333333333,81
28Q620,Thomas A. Edison Career and Technical Education High School,28,12,3,1,6131,2355,473,583,0.3333333333333333,81
29Q272,George Washington Carver High School for the Sciences,29,12,3,1,590,92,93,-2,0.3333333333333333,81
29Q283,Preparatory Academy for Writers: A College Board School,29,12,3,1,177,47,90,69,0.3333333333333333,81
31R440,New Dorp High School,31,12,3,1,2806,1011,668,887,0.3333333333333333,81
02M600,The High School of Fashion Industries,2,12,69,22,2046,720,475,395,0.3188405797101449,108
12X388,Pan American International High School at Monroe,12,12,115,36,310,71,108,43,0.3130434782608696,109
09X568,Young Women's Leadership School of the Bronx,9,12,45,14,449,109,90,127,0.3111111111111111,110
08X312,Millennium Art Academy,8,12,104,30,625,136,112,117,0.28846153846153844,111
09X260,Bronx Center for Science and Mathematics,9,12,348,99,2530,621,108,201,0.28448275862068967,112
12X271,East Bronx Academy for the Future,12,12,227,64,464,97,90,79,0.28193832599118945,113
02M459,Manhattan International High School,2,12,32,9,738,151,85,73,0.28125,114
12X267,Bronx Latin,12,12,170,47,841,149,81,113,0.27647058823529413,115
02M260,The Clinton School,2,12,29,8,2837,1151,134,221,0.27586206896551724,116
02M280,Manhattan Early College School for Advertising,2,12,29,8,572,88,112,-2,0.27586206896551724,116
07X259,"H.E.R.O. High (Health, Education, and Research Occupations High School)",7,12,124,34,862,174,250,182,0.27419354838709675,118
01M450,East Side Community School,1,12,22,6,1142,328,95,117,0.2727272727272727,119
09X365,Academy for Language and Technology,9,12,44,12,773,224,92,89,0.2727272727272727,119
10X477,Marble Hill High School for International Studies,10,12,22,6,810,158,108,139,0.2727272727272727,119
07X600,Alfred E. Smith Career and Technical Education High School,7,12,118,32,1126,227,189,193,0.2711864406779661,122
02M519,Talent Unlimited High School,2,12,41,11,1599,468,152,213,0.2682926829268293,123
02M393,Business Of Sports School,2,12,34,9,1151,248,129,210,0.2647058823529412,124
10X440,DeWitt Clinton High School,10,12,199,50,2901,586,385,492,0.25125628140703515,125
01M292,Orchard Collegiate Academy,1,12,4,1,280,71,90,-2,0.25,126
02M135,The Urban Assembly Early College High School for Emergency Medicine,2,12,36,9,510,116,122,-2,0.25,126
02M298,Pace High School,2,12,16,4,1172,169,190,177,0.25,126
02M534,Harvest Collegiate High School,2,12,8,2,1116,115,116,-2,0.25,126
02M543,New Design High School,2,12,12,3,852,157,125,145,0.25,126
02M546,Academy for Software Engineering,2,12,60,15,1992,388,125,201,0.25,126
06M293,City College Academy of the Arts,6,12,28,7,1028,337,81,95,0.25,126
13K265,Dr. Susan S. McKinney Secondary School of the Arts,13,12,4,1,362,54,82,-2,0.25,126
13K674,"City Polytechnic High School of Engineering, Architecture, and Technology",13,12,4,1,1239,274,108,160,0.25,126
14K488,Brooklyn Preparatory High School,14,12,4,1,1061,174,153,-2,0.25,126
15K429,Digital Arts and Cinema Technology High School,15,12,4,1,579,105,90,94,0.25,126
17K537,High School for Youth and Community Development at Erasmus,17,12,4,1,488,82,140,-2,0.25,126
21K620,William E. Grady Career and Technical Education High School,21,12,4,1,970,205,305,214,0.25,126
24Q550,High School for Arts and Business,24,12,4,1,2257,552,191,255,0.25,126
27Q262,Channel View School for Research,27,12,4,1,755,267,194,212,0.25,126
06M540,A. Philip Randolph Campus High School,6,12,97,24,2050,408,471,379,0.24742268041237114,141
10X437,Fordham High School for the Arts,10,12,238,58,1826,399,130,158,0.24369747899159663,142
02M408,Professional Performing Arts High School,2,12,29,7,1255,378,128,180,0.2413793103448276,143
08X269,Bronx Studio School for Writers and Artists,8,12,100,24,481,130,90,113,0.24,144
08X376,Antonia Pantoja Preparatory Academy: A College Board School,8,12,47,11,308,82,84,104,0.23404255319148937,145
02M282,Urban Assembly Maker Academy,2,12,39,9,1074,175,150,216,0.23076923076923078,146
02M413,School of the Future High School,2,12,26,6,1741,485,108,152,0.23076923076923078,146
10X353,World View High School,10,12,39,9,1343,263,150,195,0.23076923076923078,146
09X297,Morris Academy for Collaborative Studies,9,12,83,19,568,80,123,-2,0.2289156626506024,149
02M489,High School of Economics and Finance,2,12,22,5,1374,223,230,-2,0.22727272727272727,150
12X682,Fannie Lou Hamer Freedom High School,12,12,175,39,388,73,110,83,0.22285714285714286,151
30Q580,Baccalaureate School for Global Education,30,12,9,2,1732,937,97,94,0.2222222222222222,152
11X455,Harry S Truman High School,11,12,160,35,1891,390,913,-2,0.21875,153
02M420,High School for Health Professions and Human Services,2,12,87,19,2991,776,477,590,0.21839080459770116,154
09X505,"Bronx School for Law, Government and Justice",9,12,69,15,1132,259,120,154,0.21739130434782608,155
07X548,Careers in Sports High School,7,12,102,22,1056,226,125,202,0.21568627450980393,156
07X223,The Laboratory School of Finance and Technology: X223,7,12,52,11,980,230,89,93,0.21153846153846154,157
08X405,Herbert H. Lehman High School,8,12,186,39,2078,405,528,479,0.20967741935483872,158
11X275,High School of Computers and Technology,11,12,43,9,715,115,181,156,0.20930232558139536,159
02M392,Manhattan Business Academy,2,12,48,10,1321,191,161,-2,0.20833333333333334,160
12X248,"Metropolitan High School, The",12,12,69,14,228,33,151,-2,0.2028985507246377,161
08X432,Bronx Bridges High School,8,12,104,21,454,83,81,70,0.20192307692307693,162
09X250,Eximius College Preparatory Academy: A College Board School,9,12,189,38,761,90,108,-2,0.20105820105820105,163
02M531,Repertory Company High School for Theatre Arts,2,12,10,2,365,100,60,68,0.2,164
02M605,Humanities Preparatory Academy,2,12,15,3,861,101,75,-2,0.2,164
05M148,Eagle Academy for Young Men of Harlem,5,12,10,2,257,46,120,88,0.2,164
13K419,"Science Skills Center High School for Science, Technology and the Creative Arts",13,12,5,1,909,111,258,143,0.2,164
13K483,The Urban Assembly School for Law and Justice,13,12,5,1,593,105,115,-2,0.2,164
17K408,Academy of Hospitality and Tourism,17,12,5,1,571,89,118,-2,0.2,164
27Q309,Academy of Medical Technology: A College Board School,27,12,5,1,626,120,105,109,0.2,164
27Q480,John Adams High School,27,12,10,2,2490,480,636,644,0.2,164
29Q492,"Mathematics, Science Research and Technology Magnet High School",29,12,5,1,782,146,150,-2,0.2,164
10X374,Knowledge and Power Preparatory Academy International High School (Kappa),10,12,268,51,2279,431,120,179,0.19029850746268656,173
12X521,The Metropolitan Soundview High School,12,12,207,39,453,67,120,74,0.18840579710144928,174
02M400,High School for Environmental Studies,2,12,32,6,2558,395,344,385,0.1875,175
10X524,Crotona International High School,10,12,82,15,309,47,81,19,0.18292682926829268,176
02M425,Leadership and Public Service High School,2,12,11,2,387,36,145,52,0.18181818181818182,177
02M529,Jacqueline Kennedy Onassis High School,2,12,22,4,534,81,204,-2,0.18181818181818182,177
03M492,"High School for Law, Advocacy and Community Justice",3,12,33,6,920,170,220,-2,0.18181818181818182,177
07X500,Hostos-Lincoln Academy of Science,7,12,55,10,751,158,81,121,0.18181818181818182,177
24Q264,Academy of Finance and Enterprise,24,12,11,2,2163,546,124,151,0.18181818181818182,177
30Q575,Academy of American Studies,30,12,11,2,2727,819,170,224,0.18181818181818182,177
10X264,Bronx Academy for Software Engineering (BASE),10,12,138,25,1199,175,120,165,0.18115942028985507,183
08X530,Longwood Preparatory Academy,8,12,145,26,649,115,120,143,0.1793103448275862,184
10X438,Fordham Leadership Academy,10,12,277,49,2416,416,108,155,0.17689530685920576,185
07X522,Bronx Design and Construction Academy,7,12,91,16,677,112,140,91,0.17582417582417584,186
10X225,Theatre Arts Production Company School,10,12,75,13,633,88,170,-2,0.17333333333333334,187
05M499,Frederick Douglass Academy,5,12,41,7,903,195,325,214,0.17073170731707318,188
01M515,Lower East Side Preparatory High School,1,12,6,1,317,89,75,-2,0.16666666666666666,189
02M305,"Urban Assembly Academy of Government and Law, The",2,12,12,2,573,75,100,-2,0.16666666666666666,189
02M316,"Urban Assembly School of Business for Young Women, the",2,12,6,1,165,17,120,-2,0.16666666666666666,189
05M157,The Urban Assembly School for Global Commerce,5,12,6,1,207,26,81,-2,0.16666666666666666,189
05M670,Thurgood Marshall Academy for Learning and Social Change,5,12,6,1,340,71,108,-2,0.16666666666666666,189
22K535,Leon M. Goldstein High School for the Sciences,22,12,6,1,3985,2007,258,429,0.16666666666666666,189
27Q260,Frederick Douglass Academy VI High School,27,12,6,1,482,71,121,-2,0.16666666666666666,189
28Q440,Forest Hills High School,28,12,12,2,7184,2477,702,851,0.16666666666666666,189
29Q327,Eagle Academy for Young Men III,29,12,6,1,324,112,120,-2,0.16666666666666666,189
12X550,High School of World Cultures,12,12,139,23,380,49,108,36,0.16546762589928057,198
11X299,Astor Collegiate Academy,11,12,159,26,2199,342,120,189,0.16352201257861634,199
07X221,South Bronx Preparatory: A College Board School,7,12,62,10,782,161,123,148,0.16129032258064516,200
08X452,Gotham Collaborative High School,8,12,57,9,343,51,120,-2,0.15789473684210525,201
10X213,Bronx Engineering and Technology Academy,10,12,38,6,754,115,142,-2,0.15789473684210525,201
09X329,DreamYard Preparatory School,9,12,51,8,522,57,108,64,0.1568627450980392,203
11X270,Academy for Scholarship and Entrepreneurship: A College Board School,11,12,39,6,775,148,120,-2,0.15384615384615385,204
24Q610,Aviation Career & Technical Education High School,24,12,13,2,4123,1548,530,723,0.15384615384615385,204
08X293,Renaissance High School for Musical Theater and the Arts,8,12,85,13,660,115,110,-2,0.15294117647058825,206
12X446,Arturo A. Schomburg Satellite Academy Bronx,12,12,53,8,222,33,40,24,0.1509433962264151,207
08X282,Women's Academy of Excellence,8,12,41,6,172,27,108,-2,0.14634146341463414,208
08X349,Bronx River High School,8,12,188,27,1172,196,108,168,0.14361702127659576,209
02M294,Essex Street Academy,2,12,28,4,2478,562,90,125,0.14285714285714285,210
02M399,The High School For Language And Diplomacy,2,12,7,1,385,36,134,-2,0.14285714285714285,210
03M860,Frederick Douglass Academy II Secondary School,3,12,7,1,309,55,95,105,0.14285714285714285,210
08X636,Virtual Innovators Academy,8,12,7,1,113,31,80,-2,0.14285714285714285,210
11X545,Bronx Aerospace High School,11,12,63,9,751,109,189,-2,0.14285714285714285,210
17K751,Academy for Health Careers,17,12,7,1,715,72,108,-2,0.14285714285714285,210
25Q460,Flushing High School,25,12,7,1,1592,289,419,419,0.14285714285714285,210
11X249,Bronx Health Sciences High School,11,12,107,15,1270,225,200,261,0.14018691588785046,217
08X558,Westchester Square Academy,8,12,94,13,788,106,135,114,0.13829787234042554,218
09X413,Bronx High School for Medical Science,9,12,94,13,1104,178,90,170,0.13829787234042554,218
02M507,Urban Assembly Gateway School for Technology,2,12,44,6,1299,278,108,146,0.13636363636363635,220
08X561,Bronx Compass High School,8,12,88,12,520,70,130,-2,0.13636363636363635,220
09X252,Mott Hall Bronx High School,9,12,177,24,1138,141,90,130,0.13559322033898305,222
09X241,"Urban Assembly School for Applied Math and Science, The",9,12,67,9,561,117,90,99,0.13432835820895522,223
02M432,Murray Hill Academy,2,12,15,2,558,76,90,-2,0.13333333333333333,224
10X434,Belmont Preparatory High School,10,12,150,20,1447,203,108,176,0.13333333333333333,224
12X479,Bronx Career and College Preparatory High School,12,12,75,10,321,28,81,-2,0.13333333333333333,224
11X418,Bronx High School for the Visual Arts,11,12,107,14,951,168,102,136,0.1308411214953271,227
07X527,Bronx Leadership Academy II High School,7,12,69,9,911,103,131,-2,0.13043478260869565,228
02M500,Unity Center for Urban Technologies,2,12,8,1,274,48,95,136,0.125,229
03M859,Special Music School,3,12,8,1,482,165,50,64,0.125,229
08X367,"Archimedes Academy for Math, Science and Technology Applications",8,12,50,6,427,75,100,-2,0.12,231
11X542,Pelham Preparatory Academy,11,12,195,23,2331,448,130,211,0.11794871794871795,232
02M407,Institute for Collaborative Education,2,12,9,1,836,263,61,73,0.1111111111111111,233
07X551,The Urban Assembly Bronx Academy of Letters,7,12,18,2,309,45,108,58,0.1111111111111111,233
09X525,Bronx Leadership Academy High School,9,12,135,15,1027,107,105,123,0.1111111111111111,233
10X268,Kingsbridge International High School,10,12,9,1,206,15,108,6,0.1111111111111111,233
10X433,High School for Teaching and the Professions,10,12,9,1,344,61,102,-2,0.1111111111111111,233
13K350,Urban Assembly School of Music and Art,13,12,9,1,494,52,108,-2,0.1111111111111111,233
14K478,"The High School for Enterprise, Business and Technology",14,12,9,1,1197,144,249,130,0.1111111111111111,233
24Q600,Queens Technical High School,24,12,9,1,3942,1196,350,423,0.1111111111111111,233
25Q425,John Bowne High School,25,12,9,1,3116,720,783,809,0.1111111111111111,233
26Q430,Francis Lewis High School,26,12,9,1,8708,3905,913,1030,0.1111111111111111,233
12X251,Explorations Academy H.S.,12,12,156,17,476,39,117,-2,0.10897435897435898,243
12X684,Wings Academy,12,12,101,11,370,63,150,86,0.10891089108910891,244
09X227,Bronx Collegiate Academy,9,12,92,10,1201,163,120,173,0.10869565217391304,245
09X564,Claremont International HS,9,12,56,6,412,50,81,25,0.10714285714285714,246
11X288,Collegiate Institute for Math and Science,11,12,124,13,1764,317,133,200,0.10483870967741936,247
09X403,Bronx International High School,9,12,107,11,537,54,135,12,0.102803738317757,248
02M533,Union Square Academy for Health Sciences,2,12,30,3,834,154,163,143,0.1,249
06M346,Community Health Academy of the Heights,6,12,10,1,586,143,75,93,0.1,249
11X265,Bronx Lab School,11,12,20,2,381,47,123,-2,0.1,249
10X565,High School for Energy and Technology,10,12,75,7,503,51,120,-2,0.09333333333333334,252
12X511,Bronx Envision Academy,12,12,175,16,459,44,108,-2,0.09142857142857143,253
02M288,Food and Finance High School,2,12,33,3,1225,264,150,211,0.09090909090909091,254
02M419,Landmark High School,2,12,11,1,457,37,100,-2,0.09090909090909091,254
02M427,Manhattan Academy For Arts & Language,2,12,11,1,389,72,108,49,0.09090909090909091,254
02M615,Chelsea Career and Technical Education High School,2,12,22,2,821,118,152,-2,0.09090909090909091,254
03M307,"Urban Assembly School for Media Studies, The",3,12,11,1,328,71,126,109,0.09090909090909091,254
10X141,Riverdale / Kingsbridge Academy (Middle School / High School 141),10,12,11,1,648,268,210,288,0.09090909090909091,254
11X290,Bronx Academy of Health Careers,11,12,77,7,897,90,108,-2,0.09090909090909091,254
11X508,Bronxdale High School,11,12,125,11,1828,267,129,190,0.088,261
09X412,Bronx High School of Business,9,12,81,7,765,66,120,-2,0.08641975308641975,262
03M403,The Global Learning Collaborative,3,12,12,1,754,90,108,-2,0.08333333333333333,263
05M369,Urban Assembly School for the Performing Arts,5,12,12,1,372,52,108,-2,0.08333333333333333,263
09X350,New Directions Secondary School,9,12,12,1,72,9,25,-2,0.08333333333333333,263
02M308,Lower Manhattan Arts Academy,2,12,13,1,524,69,95,-2,0.07692307692307693,266
02M374,Gramercy Arts High School,2,12,26,2,1038,129,204,78,0.07692307692307693,266
10X439,Bronx High School for Law and Community Service,10,12,147,11,1467,220,108,163,0.07482993197278912,268
10X368,In-Tech Academy (M.S. / High School 368),10,12,27,2,707,244,160,205,0.07407407407407407,269
08X348,Schuylerville Preparatory High School,8,12,14,1,286,30,108,-2,0.07142857142857142,270
14K610,A-Tech High School,14,12,14,1,1273,264,224,243,0.07142857142857142,270
02M300,"Urban Assembly School of Design and Construction, The",2,12,15,1,346,43,108,-2,0.06666666666666667,272
03M610,Young Women's Leadership School,3,12,15,1,370,113,81,-2,0.06666666666666667,272
06M463,High School for Media and Communications,6,12,15,1,505,61,150,-2,0.06666666666666667,272
09X543,High School for Violin and Dance,9,12,15,1,149,19,108,-2,0.06666666666666667,272
10X237,"The Marie Curie High School for Medicine, Nursing, and Health Professions",10,12,15,1,334,46,135,-2,0.06666666666666667,272
05M304,Mott Hall High School,5,12,16,1,455,53,108,-2,0.0625,277
06M552,Gregorio Luperon High School for Science and Mathematics,6,12,16,1,573,165,150,45,0.0625,277
09X404,School for Excellence,9,12,16,1,134,13,116,-2,0.0625,277
01M448,University Neighborhood High School,1,12,34,2,2248,447,125,185,0.058823529411764705,280
02M047,47 The American Sign Language and English Secondary School,2,12,17,1,318,55,69,-2,0.058823529411764705,280
02M139,Stephen T. Mather Building Arts & Craftsmanship High School,2,12,17,1,432,88,108,-2,0.058823529411764705,280
02M655,The High School for Climate Justice,2,12,17,1,298,60,152,105,0.058823529411764705,280
04M680,"Heritage School, The",4,12,17,1,482,60,80,-2,0.058823529411764705,280
03M402,The Urban Assembly School for Green Careers,3,12,18,1,494,39,120,45,0.05555555555555555,285
10X228,Jonas Bronck Academy,10,12,18,1,372,91,90,-2,0.05555555555555555,285
02M449,Vanguard High School,2,12,19,1,701,134,110,158,0.05263157894736842,287
06M468,High School for Health Careers and Sciences,6,12,19,1,822,121,268,-2,0.05263157894736842,287
03M291,West End Secondary School,3,12,20,1,1209,392,105,146,0.05,289
06M462,The College Academy,6,12,20,1,814,121,121,129,0.05,289
03M494,High School of Arts and Technology,3,12,23,1,1037,132,140,-2,0.043478260869565216,291
06M211,Inwood Early College for Health and Information Technologies,6,12,24,1,745,156,111,-2,0.041666666666666664,292
10X546,Bronx Theatre High School,10,12,25,1,414,45,128,-2,0.04,293
09X324,Bronx Early College Academy for Teaching & Learning,9,12,26,1,549,93,81,133,0.038461538461538464,294
11X509,High School of Language and Innovation,11,12,26,1,299,56,108,36,0.038461538461538464,294
11X514,The Bronxwood Preparatory Academy,11,12,26,1,668,93,120,150,0.038461538461538464,294
03M415,Wadleigh Secondary School for the Performing & Visual Arts,3,12,27,1,826,130,128,-2,0.037037037037037035,297
03M417,Frank McCourt High School,3,12,28,1,1253,345,120,170,0.03571428571428571,298
06M467,High School for Law and Public Service,6,12,28,1,643,95,167,84,0.03571428571428571,298
07X334,International Community High School,7,12,28,1,210,40,81,23,0.03571428571428571,298
08X320,Pelham Lab High School,8,12,28,1,514,49,108,-2,0.03571428571428571,298
10X549,Discovery High School,10,12,29,1,716,95,108,135,0.034482758620689655,302
11X513,New World High School,11,12,29,1,625,129,108,69,0.034482758620689655,302
07X670,Health Opportunities High School,7,12,31,1,477,47,75,-2,0.03225806451612903,304
09X327,Comprehensive Model School Project M.S. 327,9,12,31,1,706,224,90,103,0.03225806451612903,304
10X351,Bronx Collaborative High School,10,12,33,1,582,47,150,-2,0.030303030303030304,306
10X284,Bronx School of Law and Finance,10,12,37,1,558,58,130,-2,0.02702702702702703,307
07X473,Mott Haven Village Preparatory High School,7,12,40,1,460,62,81,-2,0.025,308
09X517,Frederick Douglass Academy III Secondary School,9,12,46,1,404,35,108,-2,0.021739130434782608,309
07X625,Bronx Legacy High School,7,12,49,1,690,97,90,-2,0.02040816326530612,310
11X544,High School for Contemporary Arts,11,12,53,1,607,55,240,-2,0.018867924528301886,311
09X263,Validus Preparatory Academy,9,12,57,1,264,33,90,-2,0.017543859649122806,312
10X243,West Bronx Academy for the Future,10,12,73,1,917,136,90,109,0.0136986301369863,313
01M458,Forsyth Satellite Academy,1,13,1,1,60,12,28,-2,1.0,226
02M303,"Facing History School, The",2,13,2,2,421,87,107,-2,1.0,1
02M432,Murray Hill Academy,2,13,1,1,558,76,90,-2,1.0,226
02M437,Hudson High School of Learning Technologies,2,13,1,1,353,48,119,-2,1.0,226
02M459,Manhattan International High School,2,13,1,1,738,151,85,73,1.0,226
02M533,Union Square Academy for Health Sciences,2,13,4,4,834,154,163,143,1.0,1
03M307,"Urban Assembly School for Media Studies, The",3,13,1,1,328,71,126,109,1.0,226
06M540,A. Philip Randolph Campus High School,6,13,2,2,2050,408,471,379,1.0,1
07X522,Bronx Design and Construction Academy,7,13,1,1,677,112,140,91,1.0,226
08X367,"Archimedes Academy for Math, Science and Technology Applications",8,13,1,1,427,75,100,-2,1.0,226
09X241,"Urban Assembly School for Applied Math and Science, The",9,13,1,1,561,117,90,99,1.0,226
09X260,Bronx Center for Science and Mathematics,9,13,1,1,2530,621,108,201,1.0,226
09X329,DreamYard Preparatory School,9,13,1,1,522,57,108,64,1.0,226
09X404,School for Excellence,9,13,1,1,134,13,116,-2,1.0,226
11X514,The Bronxwood Preparatory Academy,11,13,1,1,668,93,120,150,1.0,226
11X545,Bronx Aerospace High School,11,13,1,1,751,109,189,-2,1.0,226
18K563,It Takes a Village Academy,18,13,1,1,353,23,135,-2,1.0,226
18K569,Kurt Hahn Expeditionary Learning School,18,13,1,1,141,21,81,-2,1.0,226
18K617,High School for Innovation in Advertising and Media,18,13,1,1,522,101,81,91,1.0,226
18K642,Urban Action Academy,18,13,1,1,231,44,107,-2,1.0,226
19K510,World Academy for Total Community Health High School,19,13,1,1,417,29,98,-2,1.0,226
19K583,Multicultural High School,19,13,1,1,320,88,111,64,1.0,226
19K683,School for Classics High School,19,13,1,1,229,54,108,-2,1.0,226
19K764,The Urban Assembly School for Collaborative Healthcare,19,13,1,1,419,71,81,-2,1.0,226
19K953,The East New York Arts and Civics High School,19,13,1,1,169,23,68,-2,1.0,226
20K609,Urban Assembly School for Leadership and Empowerment,20,13,1,1,278,74,100,132,1.0,226
21K468,Kingsborough Early College School,21,13,1,1,1229,429,110,122,1.0,226
21K572,Leaders High School,21,13,1,1,462,119,110,141,1.0,226
21K690,Brooklyn Studio Secondary School,21,13,1,1,844,281,102,133,1.0,226
23K697,Teachers Preparatory High School,23,13,1,1,187,35,90,-2,1.0,226
24Q485,Grover Cleveland High School,24,13,1,1,1552,359,420,437,1.0,226
24Q600,Queens Technical High School,24,13,1,1,3942,1196,350,423,1.0,226
26Q315,Business Technology Early College High School,26,13,1,1,1032,289,180,272,1.0,226
26Q435,Martin Van Buren High School,26,13,1,1,1084,217,352,273,1.0,226
27Q262,Channel View School for Research,27,13,1,1,755,267,194,212,1.0,226
27Q309,Academy of Medical Technology: A College Board School,27,13,1,1,626,120,105,109,1.0,226
27Q351,Rockaway Collegiate High School,27,13,2,2,258,71,135,-2,1.0,1
27Q480,John Adams High School,27,13,2,2,2490,480,636,644,1.0,1
28Q284,York Early College Academy,28,13,2,2,1602,580,81,91,1.0,1
28Q505,Hillcrest High School,28,13,1,1,2316,496,730,517,1.0,226
28Q896,"Young Women's Leadership School, Queens",28,13,1,1,350,99,81,119,1.0,226
29Q259,Pathways College Preparatory School: A College Board School,29,13,1,1,440,145,186,167,1.0,226
29Q327,Eagle Academy for Young Men III,29,13,1,1,324,112,120,-2,1.0,226
30Q286,"Young Women's Leadership School, Astoria",30,13,1,1,453,156,81,103,1.0,226
30Q502,Information Technology High School,30,13,1,1,944,190,227,-2,1.0,226
31R047,CSI High School for International Studies,31,13,1,1,1755,879,127,182,1.0,226
32K403,Academy for Excellence in Leadership,32,13,1,1,653,76,108,-2,1.0,226
32K549,The Brooklyn School for Social Justice,32,13,1,1,425,47,120,-2,1.0,226
32K554,All City Leadership Secondary School,32,13,2,2,911,247,62,62,1.0,1
28Q440,Forest Hills High School,28,13,3,2,7184,2477,702,851,0.6666666666666666,8
24Q299,Bard High School Early College Queens,24,13,52,33,3866,2227,125,166,0.6346153846153846,9
01M696,Bard High School Early College,1,13,100,62,3946,2196,125,198,0.62,10
01M539,"New Explorations into Science, Technology and Math High School",1,13,125,74,3743,2047,150,289,0.592,11
03M479,Beacon High School,3,13,239,141,7891,4442,360,493,0.5899581589958159,12
30Q580,Baccalaureate School for Global Education,30,13,14,8,1732,937,97,94,0.5714285714285714,13
03M541,Manhattan / Hunter Science High School,3,13,59,31,5406,2689,108,176,0.5254237288135594,14
02M394,Emma Lazarus High School,2,13,2,1,134,19,60,-1,0.5,15
02M427,Manhattan Academy For Arts & Language,2,13,2,1,389,72,108,49,0.5,15
02M529,Jacqueline Kennedy Onassis High School,2,13,2,1,534,81,204,-2,0.5,15
02M542,Manhattan Bridges High School,2,13,2,1,904,224,172,95,0.5,15
02M655,The High School for Climate Justice,2,13,2,1,298,60,152,105,0.5,15
03M403,The Global Learning Collaborative,3,13,2,1,754,90,108,-2,0.5,15
05M369,Urban Assembly School for the Performing Arts,5,13,2,1,372,52,108,-2,0.5,15
05M499,Frederick Douglass Academy,5,13,2,1,903,195,325,214,0.5,15
06M211,Inwood Early College for Health and Information Technologies,6,13,2,1,745,156,111,-2,0.5,15
07X495,University Heights Secondary School,7,13,2,1,2181,787,140,203,0.5,15
07X548,Careers in Sports High School,7,13,2,1,1056,226,125,202,0.5,15
07X551,The Urban Assembly Bronx Academy of Letters,7,13,2,1,309,45,108,58,0.5,15
08X293,Renaissance High School for Musical Theater and the Arts,8,13,2,1,660,115,110,-2,0.5,15
11X288,Collegiate Institute for Math and Science,11,13,2,1,1764,317,133,200,0.5,15
11X418,Bronx High School for the Visual Arts,11,13,2,1,951,168,102,136,0.5,15
14K685,El Puente Academy for Peace and Justice,14,13,2,1,134,25,70,-2,0.5,15
16K765,Nelson Mandela High School,16,13,2,1,250,25,114,-2,0.5,15
18K566,Brooklyn Community High School for Excellence and Equity,18,13,2,1,448,61,75,-2,0.5,15
18K633,High School for Medical Professions,18,13,2,1,666,99,108,116,0.5,15
19K409,East New York Family Academy,19,13,2,1,416,159,125,147,0.5,15
19K422,Spring Creek Community School,19,13,2,1,341,50,73,-2,0.5,15
19K618,Academy of Innovative Technology,19,13,2,1,1048,183,115,169,0.5,15
21K337,International High School at Lafayette,21,13,2,1,327,76,90,35,0.5,15
21K620,William E. Grady Career and Technical Education High School,21,13,2,1,970,205,305,214,0.5,15
24Q267,High School of Applied Communication,24,13,2,1,557,75,145,-2,0.5,15
24Q520,Middle College High School at LaGuardia Community College,24,13,2,1,1826,552,97,118,0.5,15
25Q241,Queens High School for Language Studies,25,13,2,1,371,90,125,76,0.5,15
25Q525,Townsend Harris High School,25,13,18,9,6780,4957,290,374,0.5,15
26Q430,Francis Lewis High School,26,13,2,1,8708,3905,913,1030,0.5,15
27Q323,Scholars' Academy,27,13,2,1,1065,580,154,186,0.5,15
28Q310,Queens Collegiate: A College Board School,28,13,2,1,453,67,115,77,0.5,15
28Q620,Thomas A. Edison Career and Technical Education High School,28,13,4,2,6131,2355,473,583,0.5,15
29Q272,George Washington Carver High School for the Sciences,29,13,2,1,590,92,93,-2,0.5,15
29Q313,Benjamin Franklin High School for Finance & Information Technology,29,13,2,1,735,122,108,-2,0.5,15
31R440,New Dorp High School,31,13,2,1,2806,1011,668,887,0.5,15
31R460,Susan E. Wagner High School,31,13,2,1,2611,968,660,631,0.5,15
32K556,Bushwick Leaders High School for Academic Excellence,32,13,2,1,768,125,120,-2,0.5,15
02M418,Millennium High School,2,13,215,102,5541,2290,176,286,0.4744186046511628,52
15K684,Millennium Brooklyn HS,15,13,337,151,5385,2365,178,252,0.44807121661721067,53
13K527,Urban Assembly Institute of Math and Science for Young Women,13,13,43,19,237,54,81,60,0.4418604651162791,54
02M416,Eleanor Roosevelt High School,2,13,125,54,7699,3749,136,224,0.432,55
02M280,Manhattan Early College School for Advertising,2,13,7,3,572,88,112,-2,0.42857142857142855,56
03M417,Frank McCourt High School,3,13,7,3,1253,345,120,170,0.42857142857142855,56
24Q610,Aviation Career & Technical Education High School,24,13,10,4,4123,1548,530,723,0.4,58
25Q425,John Bowne High School,25,13,5,2,3116,720,783,809,0.4,58
02M407,Institute for Collaborative Education,2,13,43,17,836,263,61,73,0.3953488372093023,60
02M376,NYC iSchool,2,13,124,49,2459,931,118,158,0.3951612903225806,61
19K639,Brooklyn Lab School,19,13,8,3,980,152,102,143,0.375,62
13K595,Bedford Academy High School,13,13,145,52,2464,599,81,114,0.3586206896551724,63
23K644,Eagle Academy for Young Men II,23,13,17,6,554,179,92,139,0.35294117647058826,64
02M411,Baruch College Campus High School,2,13,163,56,6773,2753,118,188,0.34355828220858897,65
02M260,The Clinton School,2,13,134,46,2837,1151,134,221,0.34328358208955223,66
30Q501,Frank Sinatra School of the Arts High School,30,13,115,39,3557,1643,236,416,0.3391304347826087,67
02M630,Art and Design High School,2,13,86,29,3594,1359,385,523,0.3372093023255814,68
01M292,Orchard Collegiate Academy,1,13,3,1,280,71,90,-2,0.3333333333333333,69
02M139,Stephen T. Mather Building Arts & Craftsmanship High School,2,13,6,2,432,88,108,-2,0.3333333333333333,69
02M313,"James Baldwin School, The: A School for Expeditionary Learning",2,13,3,1,71,14,25,-2,0.3333333333333333,69
02M420,High School for Health Professions and Human Services,2,13,24,8,2991,776,477,590,0.3333333333333333,69
02M449,Vanguard High School,2,13,3,1,701,134,110,158,0.3333333333333333,69
02M500,Unity Center for Urban Technologies,2,13,3,1,274,48,95,136,0.3333333333333333,69
03M492,"High School for Law, Advocacy and Community Justice",3,13,3,1,920,170,220,-2,0.3333333333333333,69
04M495,Park East High School,4,13,6,2,2653,739,100,166,0.3333333333333333,69
05M362,Columbia Secondary School,5,13,27,9,4258,1769,112,175,0.3333333333333333,69
06M463,High School for Media and Communications,6,13,3,1,505,61,150,-2,0.3333333333333333,69
06M468,High School for Health Careers and Sciences,6,13,3,1,822,121,268,-2,0.3333333333333333,69
07X600,Alfred E. Smith Career and Technical Education High School,7,13,3,1,1126,227,189,193,0.3333333333333333,69
10X237,"The Marie Curie High School for Medicine, Nursing, and Health Professions",10,13,3,1,334,46,135,-2,0.3333333333333333,69
10X442,"Celia Cruz Bronx High School of Music, The",10,13,3,1,561,165,140,114,0.3333333333333333,69
17K539,High School for Service & Learning at Erasmus,17,13,3,1,296,35,108,98,0.3333333333333333,69
21K348,High School of Sports Management,21,13,3,1,386,75,176,-2,0.3333333333333333,69
22K611,Origins High School,22,13,3,1,296,126,128,211,0.3333333333333333,69
23K514,Frederick Douglass Academy VII High School,23,13,3,1,532,76,108,85,0.3333333333333333,69
24Q550,High School for Arts and Business,24,13,3,1,2257,552,191,255,0.3333333333333333,69
24Q585,Maspeth High School,24,13,3,1,5045,1953,270,348,0.3333333333333333,69
28Q680,Queens Gateway to Health Sciences Secondary School,28,13,3,1,1238,384,108,147,0.3333333333333333,69
29Q492,"Mathematics, Science Research and Technology Magnet High School",29,13,3,1,782,146,150,-2,0.3333333333333333,69
29Q498,"Health, Arts, Robotics, and Technology High School",29,13,3,1,1435,293,196,264,0.3333333333333333,69
30Q258,Energy Tech High School,30,13,3,1,1535,348,108,145,0.3333333333333333,69
30Q445,William Cullen Bryant High School,30,13,3,1,1681,297,435,349,0.3333333333333333,69
22K405,Midwood High School,22,13,293,96,11658,5495,910,1323,0.32764505119453924,94
22K535,Leon M. Goldstein High School for the Sciences,22,13,40,13,3985,2007,258,429,0.325,95
13K670,Benjamin Banneker Academy,13,13,149,47,1912,451,225,318,0.31543624161073824,96
01M450,East Side Community School,1,13,45,14,1142,328,95,117,0.3111111111111111,97
02M413,School of the Future High School,2,13,69,21,1741,485,108,152,0.30434782608695654,98
02M439,Manhattan Village Academy,2,13,53,16,3002,860,100,201,0.3018867924528302,99
02M412,N.Y.C. Lab School for Collaborative Studies,2,13,123,36,3134,1067,109,161,0.2926829268292683,100
22K555,Brooklyn College Academy,22,13,41,12,2698,911,170,228,0.2926829268292683,100
17K600,Clara Barton High School,17,13,24,7,1276,355,434,-2,0.2916666666666667,102
03M859,Special Music School,3,13,7,2,482,165,50,64,0.2857142857142857,103
19K502,FDNY - Captain Vernon A. Richard High School for Fire and Life Safety,19,13,7,2,745,141,108,125,0.2857142857142857,103
13K265,Dr. Susan S. McKinney Secondary School of the Arts,13,13,46,13,362,54,82,-2,0.2826086956521739,105
15K656,Brooklyn High School of the Arts,15,13,142,39,2104,574,254,272,0.2746478873239437,106
13K674,"City Polytechnic High School of Engineering, Architecture, and Technology",13,13,77,21,1239,274,108,160,0.2727272727272727,107
04M435,Manhattan Center for Science and Mathematics,4,13,26,7,5010,1993,440,709,0.2692307692307692,108
22K425,James Madison High School,22,13,68,18,6968,2801,837,940,0.2647058823529412,109
02M414,N.Y.C. Museum School,2,13,142,36,3022,865,150,254,0.2535211267605634,110
02M135,The Urban Assembly Early College High School for Emergency Medicine,2,13,12,3,510,116,122,-2,0.25,111
02M316,"Urban Assembly School of Business for Young Women, the",2,13,4,1,165,17,120,-2,0.25,111
02M438,International High School at Union Square,2,13,4,1,501,103,68,75,0.25,111
02M545,High School for Dual Language and Asian Studies,2,13,8,2,769,299,108,150,0.25,111
02M600,The High School of Fashion Industries,2,13,28,7,2046,720,475,395,0.25,111
06M293,City College Academy of the Arts,6,13,4,1,1028,337,81,95,0.25,111
08X312,Millennium Art Academy,8,13,4,1,625,136,112,117,0.25,111
10X440,DeWitt Clinton High School,10,13,4,1,2901,586,385,492,0.25,111
24Q530,International High School at LaGuardia Community College,24,13,4,1,1236,505,119,114,0.25,111
32K552,The Academy of Urban Planning and Engineering,32,13,4,1,737,128,113,-2,0.25,111
01M448,University Neighborhood High School,1,13,111,27,2248,447,125,185,0.24324324324324326,121
14K610,A-Tech High School,14,13,37,9,1273,264,224,243,0.24324324324324326,121
02M294,Essex Street Academy,2,13,161,39,2478,562,90,125,0.2422360248447205,123
21K525,Edward R. Murrow High School,21,13,270,65,6293,2283,933,1196,0.24074074074074073,124
02M551,Urban Assembly New York Harbor School,2,13,50,12,724,221,200,-2,0.24,125
15K462,John Jay School for Law,15,13,39,9,1012,184,125,-2,0.23076923076923078,126
17K122,Pathways in Technology Early College High School (P-Tech),17,13,26,6,712,114,150,-2,0.23076923076923078,126
02M489,High School of Economics and Finance,2,13,22,5,1374,223,230,-2,0.22727272727272727,128
15K464,Park Slope Collegiate,15,13,44,10,613,115,102,130,0.22727272727272727,128
02M288,Food and Finance High School,2,13,9,2,1225,264,150,211,0.2222222222222222,130
02M408,Professional Performing Arts High School,2,13,36,8,1255,378,128,180,0.2222222222222222,130
13K412,Brooklyn Community Arts & Media High School (BCAM),13,13,55,12,702,113,142,-2,0.21818181818181817,132
02M282,Urban Assembly Maker Academy,2,13,67,14,1074,175,150,216,0.208955223880597,133
01M515,Lower East Side Preparatory High School,1,13,5,1,317,89,75,-2,0.2,134
02M300,"Urban Assembly School of Design and Construction, The",2,13,5,1,346,43,108,-2,0.2,134
02M425,Leadership and Public Service High School,2,13,5,1,387,36,145,52,0.2,134
03M415,Wadleigh Secondary School for the Performing & Visual Arts,3,13,5,1,826,130,128,-2,0.2,134
13K350,Urban Assembly School of Music and Art,13,13,40,8,494,52,108,-2,0.2,134
26Q566,"Queens High School of Teaching, Liberal Arts and the Sciences",26,13,5,1,671,231,258,222,0.2,134
30Q450,Long Island City High School,30,13,5,1,1827,403,790,432,0.2,134
13K419,"Science Skills Center High School for Science, Technology and the Creative Arts",13,13,62,12,909,111,258,143,0.1935483870967742,141
13K594,Gotham Professional Arts Academy,13,13,38,7,364,61,81,-2,0.18421052631578946,142
04M555,Central Park East High School,4,13,22,4,4762,1538,125,215,0.18181818181818182,143
15K497,The Boerum Hill School for International Studies,15,13,116,20,801,155,125,-2,0.1724137931034483,144
02M305,"Urban Assembly Academy of Government and Law, The",2,13,6,1,573,75,100,-2,0.16666666666666666,145
02M393,Business Of Sports School,2,13,6,1,1151,248,129,210,0.16666666666666666,145
02M422,Quest to Learn,2,13,6,1,177,27,108,41,0.16666666666666666,145
02M520,Murry Bergtraum High School for Business Careers,2,13,6,1,222,38,240,-2,0.16666666666666666,145
14K071,Juan Morel Campos Secondary School,14,13,6,1,341,78,101,69,0.16666666666666666,145
14K474,PROGRESS High School for Professional Careers,14,13,6,1,506,81,153,-2,0.16666666666666666,145
18K629,Cultural Academy for the Arts and Sciences,18,13,6,1,567,70,116,80,0.16666666666666666,145
19K404,Academy for Young Writers,19,13,6,1,559,71,92,82,0.16666666666666666,145
24Q560,"Robert F. Wagner, Jr. Secondary School for Arts and Technology",24,13,6,1,1368,247,120,161,0.16666666666666666,145
27Q650,"High School for Construction Trades, Engineering and Architecture",27,13,6,1,3028,1209,247,311,0.16666666666666666,145
30Q417,Gotham Tech High School,30,13,6,1,631,96,90,-2,0.16666666666666666,145
30Q575,Academy of American Studies,30,13,6,1,2727,819,170,224,0.16666666666666666,145
32K545,EBC High School for Public Service - Bushwick,32,13,6,1,467,75,126,-2,0.16666666666666666,145
02M580,Richard R. Green High School of Teaching,2,13,100,16,1291,154,160,-2,0.16,158
13K605,George Westinghouse Career and Technical Education High School,13,13,76,12,1254,203,254,194,0.15789473684210525,159
20K490,Fort Hamilton High School,20,13,39,6,4983,1995,883,903,0.15384615384615385,160
15K429,Digital Arts and Cinema Technology High School,15,13,46,7,579,105,90,94,0.15217391304347827,161
02M392,Manhattan Business Academy,2,13,7,1,1321,191,161,-2,0.14285714285714285,162
02M531,Repertory Company High School for Theatre Arts,2,13,7,1,365,100,60,68,0.14285714285714285,162
03M494,High School of Arts and Technology,3,13,7,1,1037,132,140,-2,0.14285714285714285,162
14K488,Brooklyn Preparatory High School,14,13,42,6,1061,174,153,-2,0.14285714285714285,162
14K586,Lyons Community School,14,13,7,1,174,32,81,-2,0.14285714285714285,162
17K543,"Science, Technology and Research Early College High School at Erasmus",17,13,7,1,790,197,130,145,0.14285714285714285,162
18K637,Academy for Conservation and the Environment,18,13,7,1,727,92,170,217,0.14285714285714285,162
19K660,W. H. Maxwell Career and Technical Education High School,19,13,14,2,991,185,305,164,0.14285714285714285,162
24Q264,Academy of Finance and Enterprise,24,13,7,1,2163,546,124,151,0.14285714285714285,162
13K963,Design Works High School,13,13,121,17,607,86,81,-2,0.14049586776859505,171
17K590,Medgar Evers College Preparatory School,17,13,53,7,2078,676,220,237,0.1320754716981132,172
03M291,West End Secondary School,3,13,8,1,1209,392,105,146,0.125,173
17K524,International High School at Prospect Heights,17,13,8,1,338,61,108,45,0.125,173
17K537,High School for Youth and Community Development at Erasmus,17,13,8,1,488,82,140,-2,0.125,173
32K168,The Brooklyn School for Math and Research,32,13,8,1,710,99,108,148,0.125,173
13K483,The Urban Assembly School for Law and Justice,13,13,50,6,593,105,115,-2,0.12,177
30Q301,Academy for Careers in Television and Film,30,13,25,3,1410,330,151,200,0.12,177
02M399,The High School For Language And Diplomacy,2,13,9,1,385,36,134,-2,0.1111111111111111,179
02M615,Chelsea Career and Technical Education High School,2,13,18,2,821,118,152,-2,0.1111111111111111,179
17K751,Academy for Health Careers,17,13,9,1,715,72,108,-2,0.1111111111111111,179
18K567,Brooklyn Theatre Arts High School,18,13,9,1,352,39,125,-2,0.1111111111111111,179
21K540,John Dewey High School,21,13,9,1,2573,622,553,577,0.1111111111111111,179
02M400,High School for Environmental Studies,2,13,68,7,2558,395,344,385,0.10294117647058823,184
02M395,A School Without Walls,2,13,10,1,178,36,100,-2,0.1,185
14K614,Young Women's Leadership School of Brooklyn,14,13,10,1,251,47,93,59,0.1,185
17K745,Brooklyn Institute for Liberal Arts,17,13,10,1,761,109,175,158,0.1,185
19K615,Transit Tech Career and Technical Education High School,19,13,10,1,1168,225,315,-2,0.1,185
02M519,Talent Unlimited High School,2,13,31,3,1599,468,152,213,0.0967741935483871,189
02M308,Lower Manhattan Arts Academy,2,13,11,1,524,69,95,-2,0.09090909090909091,190
02M543,New Design High School,2,13,22,2,852,157,125,145,0.09090909090909091,190
17K546,High School for Public Service: Heroes of Tomorrow,17,13,11,1,656,69,130,-2,0.09090909090909091,190
20K445,New Utrecht High School,20,13,11,1,4568,1443,630,730,0.09090909090909091,190
21K410,Abraham Lincoln High School,21,13,23,2,2225,539,741,604,0.08695652173913043,194
17K382,Academy for College Preparation and Career Exploration: A College Board School,17,13,12,1,837,124,108,-2,0.08333333333333333,195
17K408,Academy of Hospitality and Tourism,17,13,12,1,571,89,118,-2,0.08333333333333333,195
19K507,Performing Arts and Technology High School,19,13,12,1,1103,157,125,163,0.08333333333333333,195
02M546,Academy for Software Engineering,2,13,37,3,1992,388,125,201,0.08108108108108109,198
02M419,Landmark High School,2,13,13,1,457,37,100,-2,0.07692307692307693,199
16K688,The Brooklyn Academy of Global Finance,16,13,13,1,469,56,108,-2,0.07692307692307693,199
02M298,Pace High School,2,13,27,2,1172,169,190,177,0.07407407407407407,201
02M507,Urban Assembly Gateway School for Technology,2,13,14,1,1299,278,108,146,0.07142857142857142,202
15K667,Sunset Park High School,15,13,14,1,989,260,354,-2,0.07142857142857142,202
20K485,High School of Telecommunication Arts and Technology,20,13,100,7,2973,1210,310,363,0.07,204
16K498,Brooklyn High School for Law and Technology,16,13,29,2,1730,296,151,-2,0.06896551724137931,205
14K477,East Williamsburg Scholars Academy,14,13,15,1,650,90,234,-2,0.06666666666666667,206
16K455,Boys and Girls High School,16,13,15,1,712,68,369,96,0.06666666666666667,206
23K493,Brooklyn Collegiate: A College Board School,23,13,15,1,727,113,120,-2,0.06666666666666667,206
02M374,Gramercy Arts High School,2,13,31,2,1038,129,204,78,0.06451612903225806,209
14K478,"The High School for Enterprise, Business and Technology",14,13,16,1,1197,144,249,130,0.0625,210
17K547,Brooklyn Academy of Science and the Environment,17,13,17,1,373,53,108,-2,0.058823529411764705,211
31R080,The Michael J. Petrides School,31,13,88,5,724,274,128,188,0.056818181818181816,212
15K463,Cyberarts Studio Academy,15,13,18,1,256,30,125,-2,0.05555555555555555,213
13K439,Brooklyn International High School,13,13,19,1,409,71,81,53,0.05263157894736842,214
17K528,The High School for Global Citizenship,17,13,19,1,524,55,100,63,0.05263157894736842,214
15K592,Khalil Gibran International Academy,15,13,20,1,101,19,81,-2,0.05,216
20K505,Franklin Delano Roosevelt High School,20,13,20,1,3723,924,710,852,0.05,216
02M605,Humanities Preparatory Academy,2,13,23,1,861,101,75,-2,0.043478260869565216,218
17K548,Brooklyn School for Music & Theatre,17,13,25,1,522,74,108,-2,0.04,219
02M534,Harvest Collegiate High School,2,13,27,1,1116,115,116,-2,0.037037037037037035,220
14K561,Williamsburg Preparatory School,14,13,58,2,1131,226,180,236,0.034482758620689655,221
15K519,Cobble Hill School of American Studies,15,13,32,1,481,62,278,-2,0.03125,222
14K454,The Williamsburg High School of Art and Technology,14,13,33,1,893,129,116,120,0.030303030303030304,223
14K558,Williamsburg High School for Architecture and Design,14,13,39,1,1223,253,155,212,0.02564102564102564,224
15K448,Brooklyn Collaborative Studies,15,13,71,1,693,99,90,110,0.014084507042253521,225
02M300,"Urban Assembly School of Design and Construction, The",2,14,2,2,346,43,108,-2,1.0,1
02M303,"Facing History School, The",2,14,2,2,421,87,107,-2,1.0,1
02M395,A School Without Walls,2,14,3,3,178,36,100,-2,1.0,1
02M422,Quest to Learn,2,14,1,1,177,27,108,41,1.0,243
02M427,Manhattan Academy For Arts & Language,2,14,1,1,389,72,108,49,1.0,243
02M449,Vanguard High School,2,14,1,1,701,134,110,158,1.0,243
02M459,Manhattan International High School,2,14,1,1,738,151,85,73,1.0,243
03M307,"Urban Assembly School for Media Studies, The",3,14,1,1,328,71,126,109,1.0,243
03M610,Young Women's Leadership School,3,14,2,2,370,113,81,-2,1.0,1
06M468,High School for Health Careers and Sciences,6,14,1,1,822,121,268,-2,1.0,243
06M552,Gregorio Luperon High School for Science and Mathematics,6,14,1,1,573,165,150,45,1.0,243
07X495,University Heights Secondary School,7,14,1,1,2181,787,140,203,1.0,243
07X522,Bronx Design and Construction Academy,7,14,1,1,677,112,140,91,1.0,243
08X312,Millennium Art Academy,8,14,1,1,625,136,112,117,1.0,243
08X376,Antonia Pantoja Preparatory Academy: A College Board School,8,14,1,1,308,82,84,104,1.0,243
08X432,Bronx Bridges High School,8,14,1,1,454,83,81,70,1.0,243
08X636,Virtual Innovators Academy,8,14,1,1,113,31,80,-2,1.0,243
09X227,Bronx Collegiate Academy,9,14,1,1,1201,163,120,173,1.0,243
09X231,Eagle Academy for Young Men,9,14,1,1,455,163,80,130,1.0,243
09X260,Bronx Center for Science and Mathematics,9,14,1,1,2530,621,108,201,1.0,243
10X225,Theatre Arts Production Company School,10,14,1,1,633,88,170,-2,1.0,243
10X546,Bronx Theatre High School,10,14,1,1,414,45,128,-2,1.0,243
10X549,Discovery High School,10,14,1,1,716,95,108,135,1.0,243
11X270,Academy for Scholarship and Entrepreneurship: A College Board School,11,14,1,1,775,148,120,-2,1.0,243
12X479,Bronx Career and College Preparatory High School,12,14,1,1,321,28,81,-2,1.0,243
15K667,Sunset Park High School,15,14,1,1,989,260,354,-2,1.0,243
18K566,Brooklyn Community High School for Excellence and Equity,18,14,1,1,448,61,75,-2,1.0,243
18K629,Cultural Academy for the Arts and Sciences,18,14,1,1,567,70,116,80,1.0,243
19K409,East New York Family Academy,19,14,1,1,416,159,125,147,1.0,243
19K422,Spring Creek Community School,19,14,1,1,341,50,73,-2,1.0,243
19K764,The Urban Assembly School for Collaborative Healthcare,19,14,1,1,419,71,81,-2,1.0,243
20K609,Urban Assembly School for Leadership and Empowerment,20,14,1,1,278,74,100,132,1.0,243
21K337,International High School at Lafayette,21,14,1,1,327,76,90,35,1.0,243
21K690,Brooklyn Studio Secondary School,21,14,1,1,844,281,102,133,1.0,243
24Q267,High School of Applied Communication,24,14,1,1,557,75,145,-2,1.0,243
25Q252,"Queens School of Inquiry, The",25,14,1,1,508,161,89,107,1.0,243
26Q495,Bayside High School,26,14,1,1,6914,2765,851,1041,1.0,243
27Q302,"Queens High School for Information, Research, and Technology",27,14,1,1,671,160,130,177,1.0,243
27Q323,Scholars' Academy,27,14,1,1,1065,580,154,186,1.0,243
27Q475,Richmond Hill High School,27,14,1,1,1397,386,371,423,1.0,243
27Q480,John Adams High School,27,14,1,1,2490,480,636,644,1.0,243
28Q310,Queens Collegiate: A College Board School,28,14,1,1,453,67,115,77,1.0,243
28Q896,"Young Women's Leadership School, Queens",28,14,1,1,350,99,81,119,1.0,243
30Q286,"Young Women's Leadership School, Astoria",30,14,1,1,453,156,81,103,1.0,243
30Q555,Newcomers High School,30,14,1,1,559,166,81,107,1.0,243
31R460,Susan E. Wagner High School,31,14,1,1,2611,968,660,631,1.0,243
31R600,Ralph R. McKee Career and Technical Education High School,31,14,2,2,620,198,316,180,1.0,1
30Q580,Baccalaureate School for Global Education,30,14,18,15,1732,937,97,94,0.8333333333333334,6
03M415,Wadleigh Secondary School for the Performing & Visual Arts,3,14,4,3,826,130,128,-2,0.75,7
25Q525,Townsend Harris High School,25,14,35,24,6780,4957,290,374,0.6857142857142857,8
02M139,Stephen T. Mather Building Arts & Craftsmanship High School,2,14,3,2,432,88,108,-2,0.6666666666666666,9
06M540,A. Philip Randolph Campus High School,6,14,3,2,2050,408,471,379,0.6666666666666666,9
03M479,Beacon High School,3,14,152,91,7891,4442,360,493,0.5986842105263158,11
24Q299,Bard High School Early College Queens,24,14,93,55,3866,2227,125,166,0.5913978494623656,12
30Q501,Frank Sinatra School of the Arts High School,30,14,112,65,3557,1643,236,416,0.5803571428571429,13
04M495,Park East High School,4,14,7,4,2653,739,100,166,0.5714285714285714,14
01M539,"New Explorations into Science, Technology and Math High School",1,14,119,64,3743,2047,150,289,0.5378151260504201,15
02M296,High School of Hospitality Management,2,14,2,1,269,35,135,-2,0.5,16
02M419,Landmark High School,2,14,2,1,457,37,100,-2,0.5,16
02M437,Hudson High School of Learning Technologies,2,14,2,1,353,48,119,-2,0.5,16
02M529,Jacqueline Kennedy Onassis High School,2,14,2,1,534,81,204,-2,0.5,16
02M550,Liberty High School Academy for Newcomers,2,14,2,1,99,16,50,6,0.5,16
03M417,Frank McCourt High School,3,14,2,1,1253,345,120,170,0.5,16
05M499,Frederick Douglass Academy,5,14,2,1,903,195,325,214,0.5,16
06M293,City College Academy of the Arts,6,14,2,1,1028,337,81,95,0.5,16
06M463,High School for Media and Communications,6,14,2,1,505,61,150,-2,0.5,16
07X221,South Bronx Preparatory: A College Board School,7,14,2,1,782,161,123,148,0.5,16
08X293,Renaissance High School for Musical Theater and the Arts,8,14,2,1,660,115,110,-2,0.5,16
10X237,"The Marie Curie High School for Medicine, Nursing, and Health Professions",10,14,2,1,334,46,135,-2,0.5,16
10X351,Bronx Collaborative High School,10,14,4,2,582,47,150,-2,0.5,16
11X299,Astor Collegiate Academy,11,14,2,1,2199,342,120,189,0.5,16
11X544,High School for Contemporary Arts,11,14,2,1,607,55,240,-2,0.5,16
11X545,Bronx Aerospace High School,11,14,2,1,751,109,189,-2,0.5,16
12X641,Bard High School Early College Bronx,12,14,6,3,1391,613,100,106,0.5,16
13K439,Brooklyn International High School,13,14,2,1,409,71,81,53,0.5,16
15K592,Khalil Gibran International Academy,15,14,2,1,101,19,81,-2,0.5,16
17K537,High School for Youth and Community Development at Erasmus,17,14,2,1,488,82,140,-2,0.5,16
18K567,Brooklyn Theatre Arts High School,18,14,2,1,352,39,125,-2,0.5,16
18K576,Victory Collegiate High School,18,14,2,1,305,61,140,-2,0.5,16
19K404,Academy for Young Writers,19,14,2,1,559,71,92,82,0.5,16
19K510,World Academy for Total Community Health High School,19,14,2,1,417,29,98,-2,0.5,16
19K583,Multicultural High School,19,14,2,1,320,88,111,64,0.5,16
21K348,High School of Sports Management,21,14,2,1,386,75,176,-2,0.5,16
21K468,Kingsborough Early College School,21,14,2,1,1229,429,110,122,0.5,16
21K572,Leaders High School,21,14,2,1,462,119,110,141,0.5,16
24Q236,International High School for Health Sciences,24,14,2,1,485,112,81,68,0.5,16
25Q425,John Bowne High School,25,14,2,1,3116,720,783,809,0.5,16
25Q460,Flushing High School,25,14,2,1,1592,289,419,419,0.5,16
25Q670,Robert F. Kennedy Community High School,25,14,2,1,1012,254,150,223,0.5,16
26Q415,Benjamin N. Cardozo High School,26,14,2,1,4527,1666,684,926,0.5,16
26Q430,Francis Lewis High School,26,14,2,1,8708,3905,913,1030,0.5,16
27Q334,Epic High School - North,27,14,2,1,735,169,70,91,0.5,16
27Q400,August Martin High School,27,14,2,1,960,177,250,218,0.5,16
27Q650,"High School for Construction Trades, Engineering and Architecture",27,14,2,1,3028,1209,247,311,0.5,16
28Q167,Metropolitan Expeditionary Learning School,28,14,2,1,1254,467,125,141,0.5,16
28Q284,York Early College Academy,28,14,4,2,1602,580,81,91,0.5,16
28Q505,Hillcrest High School,28,14,2,1,2316,496,730,517,0.5,16
28Q620,Thomas A. Edison Career and Technical Education High School,28,14,2,1,6131,2355,473,583,0.5,16
29Q243,Institute for Health Professions at Cambria Heights,29,14,2,1,416,79,108,132,0.5,16
29Q272,George Washington Carver High School for the Sciences,29,14,2,1,590,92,93,-2,0.5,16
29Q498,"Health, Arts, Robotics, and Technology High School",29,14,4,2,1435,293,196,264,0.5,16
30Q502,Information Technology High School,30,14,2,1,944,190,227,-2,0.5,16
31R440,New Dorp High School,31,14,2,1,2806,1011,668,887,0.5,16
31R450,Curtis High School,31,14,2,1,1967,690,804,754,0.5,16
03M541,Manhattan / Hunter Science High School,3,14,56,26,5406,2689,108,176,0.4642857142857143,63
01M696,Bard High School Early College,1,14,108,48,3946,2196,125,198,0.4444444444444444,64
15K684,Millennium Brooklyn HS,15,14,169,69,5385,2365,178,252,0.40828402366863903,65
02M418,Millennium High School,2,14,154,60,5541,2290,176,286,0.38961038961038963,66
19K502,FDNY - Captain Vernon A. Richard High School for Fire and Life Safety,19,14,8,3,745,141,108,125,0.375,67
32K552,The Academy of Urban Planning and Engineering,32,14,16,6,737,128,113,-2,0.375,67
04M435,Manhattan Center for Science and Mathematics,4,14,35,13,5010,1993,440,709,0.37142857142857144,69
02M407,Institute for Collaborative Education,2,14,36,13,836,263,61,73,0.3611111111111111,70
02M376,NYC iSchool,2,14,77,27,2459,931,118,158,0.35064935064935066,71
14K071,Juan Morel Campos Secondary School,14,14,118,41,341,78,101,69,0.3474576271186441,72
02M551,Urban Assembly New York Harbor School,2,14,26,9,724,221,200,-2,0.34615384615384615,73
02M416,Eleanor Roosevelt High School,2,14,110,38,7699,3749,136,224,0.34545454545454546,74
02M260,The Clinton School,2,14,100,34,2837,1151,134,221,0.34,75
02M135,The Urban Assembly Early College High School for Emergency Medicine,2,14,18,6,510,116,122,-2,0.3333333333333333,76
02M288,Food and Finance High School,2,14,12,4,1225,264,150,211,0.3333333333333333,76
02M316,"Urban Assembly School of Business for Young Women, the",2,14,3,1,165,17,120,-2,0.3333333333333333,76
02M394,Emma Lazarus High School,2,14,3,1,134,19,60,-1,0.3333333333333333,76
02M520,Murry Bergtraum High School for Business Careers,2,14,6,2,222,38,240,-2,0.3333333333333333,76
03M403,The Global Learning Collaborative,3,14,3,1,754,90,108,-2,0.3333333333333333,76
04M680,"Heritage School, The",4,14,3,1,482,60,80,-2,0.3333333333333333,76
05M369,Urban Assembly School for the Performing Arts,5,14,3,1,372,52,108,-2,0.3333333333333333,76
06M346,Community Health Academy of the Heights,6,14,3,1,586,143,75,93,0.3333333333333333,76
07X259,"H.E.R.O. High (Health, Education, and Research Occupations High School)",7,14,3,1,862,174,250,182,0.3333333333333333,76
07X551,The Urban Assembly Bronx Academy of Letters,7,14,3,1,309,45,108,58,0.3333333333333333,76
10X264,Bronx Academy for Software Engineering (BASE),10,14,3,1,1199,175,120,165,0.3333333333333333,76
10X437,Fordham High School for the Arts,10,14,3,1,1826,399,130,158,0.3333333333333333,76
11X290,Bronx Academy of Health Careers,11,14,3,1,897,90,108,-2,0.3333333333333333,76
17K528,The High School for Global Citizenship,17,14,3,1,524,55,100,63,0.3333333333333333,76
17K543,"Science, Technology and Research Early College High School at Erasmus",17,14,3,1,790,197,130,145,0.3333333333333333,76
17K546,High School for Public Service: Heroes of Tomorrow,17,14,3,1,656,69,130,-2,0.3333333333333333,76
17K745,Brooklyn Institute for Liberal Arts,17,14,3,1,761,109,175,158,0.3333333333333333,76
21K540,John Dewey High School,21,14,3,1,2573,622,553,577,0.3333333333333333,76
23K697,Teachers Preparatory High School,23,14,3,1,187,35,90,-2,0.3333333333333333,76
26Q435,Martin Van Buren High School,26,14,3,1,1084,217,352,273,0.3333333333333333,76
27Q309,Academy of Medical Technology: A College Board School,27,14,3,1,626,120,105,109,0.3333333333333333,76
30Q417,Gotham Tech High School,30,14,3,1,631,96,90,-2,0.3333333333333333,76
02M411,Baruch College Campus High School,2,14,131,42,6773,2753,118,188,0.32061068702290074,99
24Q585,Maspeth High School,24,14,51,16,5045,1953,270,348,0.3137254901960784,100
03M859,Special Music School,3,14,10,3,482,165,50,64,0.3,101
24Q610,Aviation Career & Technical Education High School,24,14,65,19,4123,1548,530,723,0.2923076923076923,102
04M555,Central Park East High School,4,14,24,7,4762,1538,125,215,0.2916666666666667,103
02M308,Lower Manhattan Arts Academy,2,14,7,2,524,69,95,-2,0.2857142857142857,104
02M420,High School for Health Professions and Human Services,2,14,126,36,2991,776,477,590,0.2857142857142857,104
22K405,Midwood High School,22,14,70,20,11658,5495,910,1323,0.2857142857142857,104
02M630,Art and Design High School,2,14,93,26,3594,1359,385,523,0.27956989247311825,107
14K558,Williamsburg High School for Architecture and Design,14,14,231,62,1223,253,155,212,0.2683982683982684,108
14K561,Williamsburg Preparatory School,14,14,270,72,1131,226,180,236,0.26666666666666666,109
02M412,N.Y.C. Lab School for Collaborative Studies,2,14,64,17,3134,1067,109,161,0.265625,110
14K586,Lyons Community School,14,14,68,18,174,32,81,-2,0.2647058823529412,111
13K605,George Westinghouse Career and Technical Education High School,13,14,57,15,1254,203,254,194,0.2631578947368421,112
02M439,Manhattan Village Academy,2,14,69,18,3002,860,100,201,0.2608695652173913,113
13K674,"City Polytechnic High School of Engineering, Architecture, and Technology",13,14,23,6,1239,274,108,160,0.2608695652173913,113
30Q575,Academy of American Studies,30,14,35,9,2727,819,170,224,0.2571428571428571,115
02M313,"James Baldwin School, The: A School for Expeditionary Learning",2,14,4,1,71,14,25,-2,0.25,116
02M438,International High School at Union Square,2,14,4,1,501,103,68,75,0.25,116
02M545,High School for Dual Language and Asian Studies,2,14,12,3,769,299,108,150,0.25,116
03M291,West End Secondary School,3,14,4,1,1209,392,105,146,0.25,116
03M492,"High School for Law, Advocacy and Community Justice",3,14,4,1,920,170,220,-2,0.25,116
05M362,Columbia Secondary School,5,14,28,7,4258,1769,112,175,0.25,116
10X374,Knowledge and Power Preparatory Academy International High School (Kappa),10,14,4,1,2279,431,120,179,0.25,116
10X440,DeWitt Clinton High School,10,14,4,1,2901,586,385,492,0.25,116
13K527,Urban Assembly Institute of Math and Science for Young Women,13,14,4,1,237,54,81,60,0.25,116
18K617,High School for Innovation in Advertising and Media,18,14,4,1,522,101,81,91,0.25,116
22K611,Origins High School,22,14,4,1,296,126,128,211,0.25,116
24Q550,High School for Arts and Business,24,14,4,1,2257,552,191,255,0.25,116
29Q327,Eagle Academy for Young Men III,29,14,4,1,324,112,120,-2,0.25,116
02M413,School of the Future High School,2,14,42,10,1741,485,108,152,0.23809523809523808,129
14K614,Young Women's Leadership School of Brooklyn,14,14,38,9,251,47,93,59,0.23684210526315788,130
02M414,N.Y.C. Museum School,2,14,89,21,3022,865,150,254,0.23595505617977527,131
02M600,The High School of Fashion Industries,2,14,43,10,2046,720,475,395,0.23255813953488372,132
19K615,Transit Tech Career and Technical Education High School,19,14,13,3,1168,225,315,-2,0.23076923076923078,133
02M393,Business Of Sports School,2,14,9,2,1151,248,129,210,0.2222222222222222,134
02M531,Repertory Company High School for Theatre Arts,2,14,9,2,365,100,60,68,0.2222222222222222,134
01M450,East Side Community School,1,14,42,9,1142,328,95,117,0.21428571428571427,136
15K656,Brooklyn High School of the Arts,15,14,94,20,2104,574,254,272,0.2127659574468085,137
14K610,A-Tech High School,14,14,119,25,1273,264,224,243,0.21008403361344538,138
21K525,Edward R. Murrow High School,21,14,54,11,6293,2283,933,1196,0.2037037037037037,139
02M282,Urban Assembly Maker Academy,2,14,25,5,1074,175,150,216,0.2,140
02M392,Manhattan Business Academy,2,14,15,3,1321,191,161,-2,0.2,140
11X249,Bronx Health Sciences High School,11,14,5,1,1270,225,200,261,0.2,140
17K382,Academy for College Preparation and Career Exploration: A College Board School,17,14,5,1,837,124,108,-2,0.2,140
17K539,High School for Service & Learning at Erasmus,17,14,5,1,296,35,108,98,0.2,140
22K555,Brooklyn College Academy,22,14,10,2,2698,911,170,228,0.2,140
14K488,Brooklyn Preparatory High School,14,14,202,40,1061,174,153,-2,0.19801980198019803,146
30Q301,Academy for Careers in Television and Film,30,14,56,11,1410,330,151,200,0.19642857142857142,147
02M298,Pace High School,2,14,41,8,1172,169,190,177,0.1951219512195122,148
02M408,Professional Performing Arts High School,2,14,26,5,1255,378,128,180,0.19230769230769232,149
14K685,El Puente Academy for Peace and Justice,14,14,63,12,134,25,70,-2,0.19047619047619047,150
13K670,Benjamin Banneker Academy,13,14,86,16,1912,451,225,318,0.18604651162790697,151
15K497,The Boerum Hill School for International Studies,15,14,43,8,801,155,125,-2,0.18604651162790697,151
13K483,The Urban Assembly School for Law and Justice,13,14,17,3,593,105,115,-2,0.17647058823529413,153
24Q520,Middle College High School at LaGuardia Community College,24,14,17,3,1826,552,97,118,0.17647058823529413,153
13K595,Bedford Academy High School,13,14,86,15,2464,599,81,114,0.1744186046511628,155
02M519,Talent Unlimited High School,2,14,29,5,1599,468,152,213,0.1724137931034483,156
14K474,PROGRESS High School for Professional Careers,14,14,106,18,506,81,153,-2,0.16981132075471697,157
02M374,Gramercy Arts High School,2,14,36,6,1038,129,204,78,0.16666666666666666,158
02M432,Murray Hill Academy,2,14,6,1,558,76,90,-2,0.16666666666666666,158
03M494,High School of Arts and Technology,3,14,6,1,1037,132,140,-2,0.16666666666666666,158
11X275,High School of Computers and Technology,11,14,6,1,715,115,181,156,0.16666666666666666,158
15K464,Park Slope Collegiate,15,14,6,1,613,115,102,130,0.16666666666666666,158
17K547,Brooklyn Academy of Science and the Environment,17,14,6,1,373,53,108,-2,0.16666666666666666,158
18K633,High School for Medical Professions,18,14,6,1,666,99,108,116,0.16666666666666666,158
18K637,Academy for Conservation and the Environment,18,14,6,1,727,92,170,217,0.16666666666666666,158
19K659,Cypress Hills Collegiate Preparatory School,19,14,6,1,581,86,99,-2,0.16666666666666666,158
20K445,New Utrecht High School,20,14,6,1,4568,1443,630,730,0.16666666666666666,158
20K490,Fort Hamilton High School,20,14,6,1,4983,1995,883,903,0.16666666666666666,158
23K644,Eagle Academy for Young Men II,23,14,6,1,554,179,92,139,0.16666666666666666,158
14K454,The Williamsburg High School of Art and Technology,14,14,155,25,893,129,116,120,0.16129032258064516,170
14K477,East Williamsburg Scholars Academy,14,14,102,16,650,90,234,-2,0.1568627450980392,171
02M294,Essex Street Academy,2,14,110,17,2478,562,90,125,0.15454545454545454,172
01M448,University Neighborhood High School,1,14,78,12,2248,447,125,185,0.15384615384615385,173
02M605,Humanities Preparatory Academy,2,14,20,3,861,101,75,-2,0.15,174
13K412,Brooklyn Community Arts & Media High School (BCAM),13,14,54,8,702,113,142,-2,0.14814814814814814,175
14K478,"The High School for Enterprise, Business and Technology",14,14,102,15,1197,144,249,130,0.14705882352941177,176
02M047,47 The American Sign Language and English Secondary School,2,14,14,2,318,55,69,-2,0.14285714285714285,177
02M305,"Urban Assembly Academy of Government and Law, The",2,14,21,3,573,75,100,-2,0.14285714285714285,177
02M507,Urban Assembly Gateway School for Technology,2,14,7,1,1299,278,108,146,0.14285714285714285,177
02M546,Academy for Software Engineering,2,14,28,4,1992,388,125,201,0.14285714285714285,177
17K524,International High School at Prospect Heights,17,14,7,1,338,61,108,45,0.14285714285714285,177
21K620,William E. Grady Career and Technical Education High School,21,14,7,1,970,205,305,214,0.14285714285714285,177
30Q258,Energy Tech High School,30,14,7,1,1535,348,108,145,0.14285714285714285,177
30Q367,Motion Picture Tech High School,30,14,7,1,538,133,200,-2,0.14285714285714285,177
32K549,The Brooklyn School for Social Justice,32,14,7,1,425,47,120,-2,0.14285714285714285,177
02M533,Union Square Academy for Health Sciences,2,14,15,2,834,154,163,143,0.13333333333333333,186
24Q530,International High School at LaGuardia Community College,24,14,15,2,1236,505,119,114,0.13333333333333333,186
02M615,Chelsea Career and Technical Education High School,2,14,8,1,821,118,152,-2,0.125,188
13K594,Gotham Professional Arts Academy,13,14,8,1,364,61,81,-2,0.125,188
17K408,Academy of Hospitality and Tourism,17,14,8,1,571,89,118,-2,0.125,188
20K505,Franklin Delano Roosevelt High School,20,14,8,1,3723,924,710,852,0.125,188
22K535,Leon M. Goldstein High School for the Sciences,22,14,8,1,3985,2007,258,429,0.125,188
30Q445,William Cullen Bryant High School,30,14,8,1,1681,297,435,349,0.125,188
13K265,Dr. Susan S. McKinney Secondary School of the Arts,13,14,17,2,362,54,82,-2,0.11764705882352941,194
01M292,Orchard Collegiate Academy,1,14,9,1,280,71,90,-2,0.1111111111111111,195
15K463,Cyberarts Studio Academy,15,14,9,1,256,30,125,-2,0.1111111111111111,195
16K765,Nelson Mandela High School,16,14,9,1,250,25,114,-2,0.1111111111111111,195
02M543,New Design High School,2,14,19,2,852,157,125,145,0.10526315789473684,198
19K660,W. H. Maxwell Career and Technical Education High School,19,14,19,2,991,185,305,164,0.10526315789473684,198
01M515,Lower East Side Preparatory High School,1,14,10,1,317,89,75,-2,0.1,200
17K122,Pathways in Technology Early College High School (P-Tech),17,14,10,1,712,114,150,-2,0.1,200
22K425,James Madison High School,22,14,20,2,6968,2801,837,940,0.1,200
28Q440,Forest Hills High School,28,14,21,2,7184,2477,702,851,0.09523809523809523,203
02M399,The High School For Language And Diplomacy,2,14,11,1,385,36,134,-2,0.09090909090909091,204
02M425,Leadership and Public Service High School,2,14,11,1,387,36,145,52,0.09090909090909091,204
23K493,Brooklyn Collegiate: A College Board School,23,14,11,1,727,113,120,-2,0.09090909090909091,204
16K455,Boys and Girls High School,16,14,12,1,712,68,369,96,0.08333333333333333,207
19K507,Performing Arts and Technology High School,19,14,12,1,1103,157,125,163,0.08333333333333333,207
19K618,Academy of Innovative Technology,19,14,12,1,1048,183,115,169,0.08333333333333333,207
32K403,Academy for Excellence in Leadership,32,14,12,1,653,76,108,-2,0.08333333333333333,207
02M280,Manhattan Early College School for Advertising,2,14,13,1,572,88,112,-2,0.07692307692307693,211
17K548,Brooklyn School for Music & Theatre,17,14,13,1,522,74,108,-2,0.07692307692307693,211
20K485,High School of Telecommunication Arts and Technology,20,14,13,1,2973,1210,310,363,0.07692307692307693,211
17K751,Academy for Health Careers,17,14,14,1,715,72,108,-2,0.07142857142857142,214
21K410,Abraham Lincoln High School,21,14,14,1,2225,539,741,604,0.07142857142857142,214
15K519,Cobble Hill School of American Studies,15,14,15,1,481,62,278,-2,0.06666666666666667,216
19K639,Brooklyn Lab School,19,14,15,1,980,152,102,143,0.06666666666666667,216
30Q450,Long Island City High School,30,14,15,1,1827,403,790,432,0.06666666666666667,216
16K498,Brooklyn High School for Law and Technology,16,14,48,3,1730,296,151,-2,0.0625,219
17K590,Medgar Evers College Preparatory School,17,14,16,1,2078,676,220,237,0.0625,219
28Q686,Queens Metropolitan High School,28,14,16,1,2321,931,279,279,0.0625,219
31R080,The Michael J. Petrides School,31,14,83,5,724,274,128,188,0.060240963855421686,222
02M489,High School of Economics and Finance,2,14,34,2,1374,223,230,-2,0.058823529411764705,223
13K350,Urban Assembly School of Music and Art,13,14,17,1,494,52,108,-2,0.058823529411764705,223
15K448,Brooklyn Collaborative Studies,15,14,17,1,693,99,90,110,0.058823529411764705,223
17K600,Clara Barton High School,17,14,17,1,1276,355,434,-2,0.058823529411764705,223
15K429,Digital Arts and Cinema Technology High School,15,14,19,1,579,105,90,94,0.05263157894736842,227
24Q560,"Robert F. Wagner, Jr. Secondary School for Arts and Technology",24,14,19,1,1368,247,120,161,0.05263157894736842,227
32K168,The Brooklyn School for Math and Research,32,14,19,1,710,99,108,148,0.05263157894736842,227
24Q600,Queens Technical High School,24,14,39,2,3942,1196,350,423,0.05128205128205128,230
24Q264,Academy of Finance and Enterprise,24,14,20,1,2163,546,124,151,0.05,231
32K556,Bushwick Leaders High School for Academic Excellence,32,14,21,1,768,125,120,-2,0.047619047619047616,232
02M534,Harvest Collegiate High School,2,14,22,1,1116,115,116,-2,0.045454545454545456,233
13K419,"Science Skills Center High School for Science, Technology and the Creative Arts",13,14,22,1,909,111,258,143,0.045454545454545456,233
15K462,John Jay School for Law,15,14,22,1,1012,184,125,-2,0.045454545454545456,233
32K545,EBC High School for Public Service - Bushwick,32,14,22,1,467,75,126,-2,0.045454545454545456,233
16K688,The Brooklyn Academy of Global Finance,16,14,24,1,469,56,108,-2,0.041666666666666664,237
02M400,High School for Environmental Studies,2,14,54,2,2558,395,344,385,0.037037037037037035,238
24Q485,Grover Cleveland High School,24,14,27,1,1552,359,420,437,0.037037037037037035,238
13K963,Design Works High School,13,14,28,1,607,86,81,-2,0.03571428571428571,240
32K554,All City Leadership Secondary School,32,14,31,1,911,247,62,62,0.03225806451612903,241
02M580,Richard R. Green High School of Teaching,2,14,39,1,1291,154,160,-2,0.02564102564102564,242
01M458,Forsyth Satellite Academy,1,15,1,1,60,12,28,-2,1.0,241
02M303,"Facing History School, The",2,15,2,2,421,87,107,-2,1.0,1
02M449,Vanguard High School,2,15,2,2,701,134,110,158,1.0,1
02M550,Liberty High School Academy for Newcomers,2,15,1,1,99,16,50,6,1.0,241
02M586,Harvey Milk High School,2,15,1,1,40,3,45,-1,1.0,241
03M494,High School of Arts and Technology,3,15,1,1,1037,132,140,-2,1.0,241
06M468,High School for Health Careers and Sciences,6,15,1,1,822,121,268,-2,1.0,241
07X259,"H.E.R.O. High (Health, Education, and Research Occupations High School)",7,15,1,1,862,174,250,182,1.0,241
09X241,"Urban Assembly School for Applied Math and Science, The",9,15,1,1,561,117,90,99,1.0,241
09X250,Eximius College Preparatory Academy: A College Board School,9,15,1,1,761,90,108,-2,1.0,241
09X324,Bronx Early College Academy for Teaching & Learning,9,15,1,1,549,93,81,133,1.0,241
09X327,Comprehensive Model School Project M.S. 327,9,15,1,1,706,224,90,103,1.0,241
09X404,School for Excellence,9,15,1,1,134,13,116,-2,1.0,241
10X264,Bronx Academy for Software Engineering (BASE),10,15,1,1,1199,175,120,165,1.0,241
10X440,DeWitt Clinton High School,10,15,1,1,2901,586,385,492,1.0,241
10X565,High School for Energy and Technology,10,15,1,1,503,51,120,-2,1.0,241
12X242,Mott Hall V,12,15,1,1,1001,282,81,91,1.0,241
12X479,Bronx Career and College Preparatory High School,12,15,1,1,321,28,81,-2,1.0,241
14K614,Young Women's Leadership School of Brooklyn,14,15,1,1,251,47,93,59,1.0,241
16K688,The Brooklyn Academy of Global Finance,16,15,1,1,469,56,108,-2,1.0,241
18K566,Brooklyn Community High School for Excellence and Equity,18,15,1,1,448,61,75,-2,1.0,241
19K404,Academy for Young Writers,19,15,1,1,559,71,92,82,1.0,241
19K502,FDNY - Captain Vernon A. Richard High School for Fire and Life Safety,19,15,1,1,745,141,108,125,1.0,241
19K953,The East New York Arts and Civics High School,19,15,1,1,169,23,68,-2,1.0,241
21K559,Life Academy High School for Film and Music,21,15,1,1,145,21,81,49,1.0,241
23K514,Frederick Douglass Academy VII High School,23,15,1,1,532,76,108,85,1.0,241
24Q236,International High School for Health Sciences,24,15,1,1,485,112,81,68,1.0,241
24Q267,High School of Applied Communication,24,15,1,1,557,75,145,-2,1.0,241
24Q530,International High School at LaGuardia Community College,24,15,2,2,1236,505,119,114,1.0,1
25Q281,East-West School of International Studies,25,15,1,1,766,290,89,113,1.0,241
25Q460,Flushing High School,25,15,1,1,1592,289,419,419,1.0,241
27Q260,Frederick Douglass Academy VI High School,27,15,1,1,482,71,121,-2,1.0,241
27Q262,Channel View School for Research,27,15,1,1,755,267,194,212,1.0,241
27Q302,"Queens High School for Information, Research, and Technology",27,15,1,1,671,160,130,177,1.0,241
27Q308,Robert H. Goddard High School of Communication Arts and Technology,27,15,1,1,1222,468,140,181,1.0,241
29Q248,Queens Preparatory Academy,29,15,1,1,383,62,100,-2,1.0,241
29Q313,Benjamin Franklin High School for Finance & Information Technology,29,15,1,1,735,122,108,-2,1.0,241
30Q367,Motion Picture Tech High School,30,15,1,1,538,133,200,-2,1.0,241
30Q450,Long Island City High School,30,15,1,1,1827,403,790,432,1.0,241
30Q502,Information Technology High School,30,15,1,1,944,190,227,-2,1.0,241
31R600,Ralph R. McKee Career and Technical Education High School,31,15,2,2,620,198,316,180,1.0,1
24Q600,Queens Technical High School,24,15,4,3,3942,1196,350,423,0.75,5
04M495,Park East High School,4,15,3,2,2653,739,100,166,0.6666666666666666,6
26Q430,Francis Lewis High School,26,15,3,2,8708,3905,913,1030,0.6666666666666666,6
29Q498,"Health, Arts, Robotics, and Technology High School",29,15,3,2,1435,293,196,264,0.6666666666666666,6
01M539,"New Explorations into Science, Technology and Math High School",1,15,330,210,3743,2047,150,289,0.6363636363636364,9
01M696,Bard High School Early College,1,15,232,142,3946,2196,125,198,0.6120689655172413,10
03M479,Beacon High School,3,15,497,303,7891,4442,360,493,0.6096579476861167,11
03M492,"High School for Law, Advocacy and Community Justice",3,15,7,4,920,170,220,-2,0.5714285714285714,12
31R047,CSI High School for International Studies,31,15,7,4,1755,879,127,182,0.5714285714285714,12
24Q299,Bard High School Early College Queens,24,15,115,64,3866,2227,125,166,0.5565217391304348,14
25Q525,Townsend Harris High School,25,15,22,12,6780,4957,290,374,0.5454545454545454,15
15K684,Millennium Brooklyn HS,15,15,1033,517,5385,2365,178,252,0.5004840271055179,16
01M292,Orchard Collegiate Academy,1,15,2,1,280,71,90,-2,0.5,17
02M427,Manhattan Academy For Arts & Language,2,15,2,1,389,72,108,49,0.5,17
06M348,Washington Heights Expeditionary Learning School,6,15,2,1,689,175,100,115,0.5,17
06M540,A. Philip Randolph Campus High School,6,15,4,2,2050,408,471,379,0.5,17
07X495,University Heights Secondary School,7,15,2,1,2181,787,140,203,0.5,17
07X548,Careers in Sports High School,7,15,2,1,1056,226,125,202,0.5,17
08X367,"Archimedes Academy for Math, Science and Technology Applications",8,15,2,1,427,75,100,-2,0.5,17
10X225,Theatre Arts Production Company School,10,15,2,1,633,88,170,-2,0.5,17
10X237,"The Marie Curie High School for Medicine, Nursing, and Health Professions",10,15,2,1,334,46,135,-2,0.5,17
10X437,Fordham High School for the Arts,10,15,2,1,1826,399,130,158,0.5,17
11X455,Harry S Truman High School,11,15,2,1,1891,390,913,-2,0.5,17
11X508,Bronxdale High School,11,15,2,1,1828,267,129,190,0.5,17
18K563,It Takes a Village Academy,18,15,2,1,353,23,135,-2,0.5,17
18K617,High School for Innovation in Advertising and Media,18,15,2,1,522,101,81,91,0.5,17
19K409,East New York Family Academy,19,15,2,1,416,159,125,147,0.5,17
19K422,Spring Creek Community School,19,15,2,1,341,50,73,-2,0.5,17
19K659,Cypress Hills Collegiate Preparatory School,19,15,2,1,581,86,99,-2,0.5,17
19K683,School for Classics High School,19,15,2,1,229,54,108,-2,0.5,17
19K764,The Urban Assembly School for Collaborative Healthcare,19,15,2,1,419,71,81,-2,0.5,17
21K344,Rachel Carson High School for Coastal Studies,21,15,2,1,469,162,160,200,0.5,17
22K611,Origins High School,22,15,2,1,296,126,128,211,0.5,17
24Q485,Grover Cleveland High School,24,15,4,2,1552,359,420,437,0.5,17
24Q585,Maspeth High School,24,15,2,1,5045,1953,270,348,0.5,17
25Q425,John Bowne High School,25,15,2,1,3116,720,783,809,0.5,17
26Q495,Bayside High School,26,15,2,1,6914,2765,851,1041,0.5,17
27Q400,August Martin High School,27,15,2,1,960,177,250,218,0.5,17
27Q480,John Adams High School,27,15,2,1,2490,480,636,644,0.5,17
28Q310,Queens Collegiate: A College Board School,28,15,2,1,453,67,115,77,0.5,17
28Q440,Forest Hills High School,28,15,2,1,7184,2477,702,851,0.5,17
28Q620,Thomas A. Edison Career and Technical Education High School,28,15,2,1,6131,2355,473,583,0.5,17
28Q680,Queens Gateway to Health Sciences Secondary School,28,15,2,1,1238,384,108,147,0.5,17
30Q258,Energy Tech High School,30,15,2,1,1535,348,108,145,0.5,17
30Q286,"Young Women's Leadership School, Astoria",30,15,2,1,453,156,81,103,0.5,17
30Q417,Gotham Tech High School,30,15,2,1,631,96,90,-2,0.5,17
30Q555,Newcomers High School,30,15,2,1,559,166,81,107,0.5,17
31R064,Gaynor McCown Expeditionary Learning School,31,15,2,1,777,364,146,171,0.5,17
03M541,Manhattan / Hunter Science High School,3,15,129,62,5406,2689,108,176,0.4806201550387597,53
30Q580,Baccalaureate School for Global Education,30,15,9,4,1732,937,97,94,0.4444444444444444,54
02M376,NYC iSchool,2,15,312,138,2459,931,118,158,0.4423076923076923,55
05M362,Columbia Secondary School,5,15,39,17,4258,1769,112,175,0.4358974358974359,56
04M435,Manhattan Center for Science and Mathematics,4,15,23,10,5010,1993,440,709,0.43478260869565216,57
02M418,Millennium High School,2,15,519,219,5541,2290,176,286,0.42196531791907516,58
02M416,Eleanor Roosevelt High School,2,15,223,94,7699,3749,136,224,0.42152466367713004,59
02M630,Art and Design High School,2,15,209,87,3594,1359,385,523,0.41626794258373206,60
02M260,The Clinton School,2,15,270,110,2837,1151,134,221,0.4074074074074074,61
02M047,47 The American Sign Language and English Secondary School,2,15,5,2,318,55,69,-2,0.4,62
02M411,Baruch College Campus High School,2,15,322,126,6773,2753,118,188,0.391304347826087,63
24Q610,Aviation Career & Technical Education High School,24,15,18,7,4123,1548,530,723,0.3888888888888889,64
20K485,High School of Telecommunication Arts and Technology,20,15,924,359,2973,1210,310,363,0.38852813852813856,65
02M407,Institute for Collaborative Education,2,15,110,41,836,263,61,73,0.37272727272727274,66
30Q501,Frank Sinatra School of the Arts High School,30,15,256,94,3557,1643,236,416,0.3671875,67
02M545,High School for Dual Language and Asian Studies,2,15,30,11,769,299,108,150,0.36666666666666664,68
17K543,"Science, Technology and Research Early College High School at Erasmus",17,15,17,6,790,197,130,145,0.35294117647058826,69
22K405,Midwood High School,22,15,1086,380,11658,5495,910,1323,0.34990791896869244,70
22K535,Leon M. Goldstein High School for the Sciences,22,15,125,42,3985,2007,258,429,0.336,71
02M139,Stephen T. Mather Building Arts & Craftsmanship High School,2,15,6,2,432,88,108,-2,0.3333333333333333,72
02M439,Manhattan Village Academy,2,15,105,35,3002,860,100,201,0.3333333333333333,72
03M307,"Urban Assembly School for Media Studies, The",3,15,3,1,328,71,126,109,0.3333333333333333,72
05M369,Urban Assembly School for the Performing Arts,5,15,3,1,372,52,108,-2,0.3333333333333333,72
06M463,High School for Media and Communications,6,15,3,1,505,61,150,-2,0.3333333333333333,72
10X213,Bronx Engineering and Technology Academy,10,15,3,1,754,115,142,-2,0.3333333333333333,72
10X268,Kingsbridge International High School,10,15,3,1,206,15,108,6,0.3333333333333333,72
10X284,Bronx School of Law and Finance,10,15,3,1,558,58,130,-2,0.3333333333333333,72
10X439,Bronx High School for Law and Community Service,10,15,3,1,1467,220,108,163,0.3333333333333333,72
10X442,"Celia Cruz Bronx High School of Music, The",10,15,3,1,561,165,140,114,0.3333333333333333,72
11X275,High School of Computers and Technology,11,15,3,1,715,115,181,156,0.3333333333333333,72
14K685,El Puente Academy for Peace and Justice,14,15,3,1,134,25,70,-2,0.3333333333333333,72
16K765,Nelson Mandela High School,16,15,3,1,250,25,114,-2,0.3333333333333333,72
18K567,Brooklyn Theatre Arts High School,18,15,3,1,352,39,125,-2,0.3333333333333333,72
18K633,High School for Medical Professions,18,15,3,1,666,99,108,116,0.3333333333333333,72
19K583,Multicultural High School,19,15,3,1,320,88,111,64,0.3333333333333333,72
24Q550,High School for Arts and Business,24,15,3,1,2257,552,191,255,0.3333333333333333,72
27Q323,Scholars' Academy,27,15,3,1,1065,580,154,186,0.3333333333333333,72
28Q505,Hillcrest High School,28,15,3,1,2316,496,730,517,0.3333333333333333,72
28Q686,Queens Metropolitan High School,28,15,3,1,2321,931,279,279,0.3333333333333333,72
29Q492,"Mathematics, Science Research and Technology Magnet High School",29,15,3,1,782,146,150,-2,0.3333333333333333,72
30Q445,William Cullen Bryant High School,30,15,3,1,1681,297,435,349,0.3333333333333333,72
31R455,Tottenville High School,31,15,3,1,3274,1627,1158,1357,0.3333333333333333,72
32K403,Academy for Excellence in Leadership,32,15,3,1,653,76,108,-2,0.3333333333333333,72
32K552,The Academy of Urban Planning and Engineering,32,15,3,1,737,128,113,-2,0.3333333333333333,72
32K556,Bushwick Leaders High School for Academic Excellence,32,15,3,1,768,125,120,-2,0.3333333333333333,72
15K667,Sunset Park High School,15,15,357,113,989,260,354,-2,0.3165266106442577,98
02M294,Essex Street Academy,2,15,413,130,2478,562,90,125,0.31476997578692495,99
02M551,Urban Assembly New York Harbor School,2,15,134,41,724,221,200,-2,0.30597014925373134,100
21K525,Edward R. Murrow High School,21,15,1029,306,6293,2283,933,1196,0.29737609329446063,101
22K555,Brooklyn College Academy,22,15,178,52,2698,911,170,228,0.29213483146067415,102
20K490,Fort Hamilton High School,20,15,675,196,4983,1995,883,903,0.2903703703703704,103
02M531,Repertory Company High School for Theatre Arts,2,15,21,6,365,100,60,68,0.2857142857142857,104
19K615,Transit Tech Career and Technical Education High School,19,15,7,2,1168,225,315,-2,0.2857142857142857,104
19K660,W. H. Maxwell Career and Technical Education High School,19,15,7,2,991,185,305,164,0.2857142857142857,104
17K590,Medgar Evers College Preparatory School,17,15,25,7,2078,676,220,237,0.28,107
02M414,N.Y.C. Museum School,2,15,326,91,3022,865,150,254,0.2791411042944785,108
01M450,East Side Community School,1,15,79,22,1142,328,95,117,0.27848101265822783,109
02M412,N.Y.C. Lab School for Collaborative Studies,2,15,288,80,3134,1067,109,161,0.2777777777777778,110
02M392,Manhattan Business Academy,2,15,11,3,1321,191,161,-2,0.2727272727272727,111
14K610,A-Tech High School,14,15,33,9,1273,264,224,243,0.2727272727272727,111
21K468,Kingsborough Early College School,21,15,26,7,1229,429,110,122,0.2692307692307692,113
02M408,Professional Performing Arts High School,2,15,83,22,1255,378,128,180,0.26506024096385544,114
02M542,Manhattan Bridges High School,2,15,23,6,904,224,172,95,0.2608695652173913,115
02M300,"Urban Assembly School of Design and Construction, The",2,15,4,1,346,43,108,-2,0.25,116
02M393,Business Of Sports School,2,15,8,2,1151,248,129,210,0.25,116
02M394,Emma Lazarus High School,2,15,4,1,134,19,60,-1,0.25,116
02M520,Murry Bergtraum High School for Business Careers,2,15,8,2,222,38,240,-2,0.25,116
02M529,Jacqueline Kennedy Onassis High School,2,15,4,1,534,81,204,-2,0.25,116
09X252,Mott Hall Bronx High School,9,15,4,1,1138,141,90,130,0.25,116
09X413,Bronx High School for Medical Science,9,15,4,1,1104,178,90,170,0.25,116
24Q520,Middle College High School at LaGuardia Community College,24,15,4,1,1826,552,97,118,0.25,116
24Q560,"Robert F. Wagner, Jr. Secondary School for Arts and Technology",24,15,4,1,1368,247,120,161,0.25,116
26Q315,Business Technology Early College High School,26,15,4,1,1032,289,180,272,0.25,116
29Q327,Eagle Academy for Young Men III,29,15,4,1,324,112,120,-2,0.25,116
31R445,Port Richmond High School,31,15,4,1,1267,334,564,435,0.25,116
31R450,Curtis High School,31,15,4,1,1967,690,804,754,0.25,116
02M413,School of the Future High School,2,15,146,36,1741,485,108,152,0.2465753424657534,129
20K445,New Utrecht High School,20,15,506,122,4568,1443,630,730,0.24110671936758893,130
20K505,Franklin Delano Roosevelt High School,20,15,540,128,3723,924,710,852,0.23703703703703705,131
13K595,Bedford Academy High School,13,15,64,15,2464,599,81,114,0.234375,132
21K410,Abraham Lincoln High School,21,15,107,25,2225,539,741,604,0.2336448598130841,133
15K656,Brooklyn High School of the Arts,15,15,346,80,2104,574,254,272,0.23121387283236994,134
03M859,Special Music School,3,15,26,6,482,165,50,64,0.23076923076923078,135
13K439,Brooklyn International High School,13,15,76,17,409,71,81,53,0.2236842105263158,136
02M459,Manhattan International High School,2,15,9,2,738,151,85,73,0.2222222222222222,137
03M415,Wadleigh Secondary School for the Performing & Visual Arts,3,15,9,2,826,130,128,-2,0.2222222222222222,137
15K497,The Boerum Hill School for International Studies,15,15,319,70,801,155,125,-2,0.219435736677116,139
01M448,University Neighborhood High School,1,15,357,77,2248,447,125,185,0.21568627450980393,140
22K425,James Madison High School,22,15,219,45,6968,2801,837,940,0.2054794520547945,141
11X288,Collegiate Institute for Math and Science,11,15,5,1,1764,317,133,200,0.2,142
29Q272,George Washington Carver High School for the Sciences,29,15,5,1,590,92,93,-2,0.2,142
02M546,Academy for Software Engineering,2,15,46,9,1992,388,125,201,0.1956521739130435,144
02M533,Union Square Academy for Health Sciences,2,15,21,4,834,154,163,143,0.19047619047619047,145
15K429,Digital Arts and Cinema Technology High School,15,15,180,34,579,105,90,94,0.18888888888888888,146
04M555,Central Park East High School,4,15,16,3,4762,1538,125,215,0.1875,147
13K674,"City Polytechnic High School of Engineering, Architecture, and Technology",13,15,103,19,1239,274,108,160,0.18446601941747573,148
21K540,John Dewey High School,21,15,164,29,2573,622,553,577,0.17682926829268292,149
17K548,Brooklyn School for Music & Theatre,17,15,34,6,522,74,108,-2,0.17647058823529413,150
02M305,"Urban Assembly Academy of Government and Law, The",2,15,18,3,573,75,100,-2,0.16666666666666666,151
02M316,"Urban Assembly School of Business for Young Women, the",2,15,6,1,165,17,120,-2,0.16666666666666666,151
02M422,Quest to Learn,2,15,6,1,177,27,108,41,0.16666666666666666,151
02M432,Murray Hill Academy,2,15,6,1,558,76,90,-2,0.16666666666666666,151
08X312,Millennium Art Academy,8,15,6,1,625,136,112,117,0.16666666666666666,151
13K419,"Science Skills Center High School for Science, Technology and the Creative Arts",13,15,42,7,909,111,258,143,0.16666666666666666,151
14K071,Juan Morel Campos Secondary School,14,15,6,1,341,78,101,69,0.16666666666666666,151
14K477,East Williamsburg Scholars Academy,14,15,6,1,650,90,234,-2,0.16666666666666666,151
18K637,Academy for Conservation and the Environment,18,15,6,1,727,92,170,217,0.16666666666666666,151
32K168,The Brooklyn School for Math and Research,32,15,6,1,710,99,108,148,0.16666666666666666,151
15K448,Brooklyn Collaborative Studies,15,15,295,49,693,99,90,110,0.16610169491525423,161
15K464,Park Slope Collegiate,15,15,247,41,613,115,102,130,0.1659919028340081,162
14K488,Brooklyn Preparatory High School,14,15,61,10,1061,174,153,-2,0.16393442622950818,163
02M507,Urban Assembly Gateway School for Technology,2,15,19,3,1299,278,108,146,0.15789473684210525,164
21K572,Leaders High School,21,15,70,11,462,119,110,141,0.15714285714285714,165
20K609,Urban Assembly School for Leadership and Empowerment,20,15,58,9,278,74,100,132,0.15517241379310345,166
02M288,Food and Finance High School,2,15,20,3,1225,264,150,211,0.15,167
15K519,Cobble Hill School of American Studies,15,15,94,14,481,62,278,-2,0.14893617021276595,168
13K412,Brooklyn Community Arts & Media High School (BCAM),13,15,54,8,702,113,142,-2,0.14814814814814814,169
15K462,John Jay School for Law,15,15,135,20,1012,184,125,-2,0.14814814814814814,169
14K561,Williamsburg Preparatory School,14,15,61,9,1131,226,180,236,0.14754098360655737,171
01M515,Lower East Side Preparatory High School,1,15,7,1,317,89,75,-2,0.14285714285714285,172
17K122,Pathways in Technology Early College High School (P-Tech),17,15,7,1,712,114,150,-2,0.14285714285714285,172
17K539,High School for Service & Learning at Erasmus,17,15,7,1,296,35,108,98,0.14285714285714285,172
24Q264,Academy of Finance and Enterprise,24,15,7,1,2163,546,124,151,0.14285714285714285,172
27Q650,"High School for Construction Trades, Engineering and Architecture",27,15,7,1,3028,1209,247,311,0.14285714285714285,172
30Q575,Academy of American Studies,30,15,7,1,2727,819,170,224,0.14285714285714285,172
02M400,High School for Environmental Studies,2,15,182,25,2558,395,344,385,0.13736263736263737,178
02M600,The High School of Fashion Industries,2,15,46,6,2046,720,475,395,0.13043478260869565,179
13K605,George Westinghouse Career and Technical Education High School,13,15,77,10,1254,203,254,194,0.12987012987012986,180
02M282,Urban Assembly Maker Academy,2,15,162,21,1074,175,150,216,0.12962962962962962,181
02M420,High School for Health Professions and Human Services,2,15,70,9,2991,776,477,590,0.12857142857142856,182
02M280,Manhattan Early College School for Advertising,2,15,16,2,572,88,112,-2,0.125,183
02M615,Chelsea Career and Technical Education High School,2,15,8,1,821,118,152,-2,0.125,183
13K670,Benjamin Banneker Academy,13,15,64,8,1912,451,225,318,0.125,183
14K474,PROGRESS High School for Professional Careers,14,15,8,1,506,81,153,-2,0.125,183
16K455,Boys and Girls High School,16,15,8,1,712,68,369,96,0.125,183
02M298,Pace High School,2,15,66,8,1172,169,190,177,0.12121212121212122,188
02M489,High School of Economics and Finance,2,15,58,7,1374,223,230,-2,0.1206896551724138,189
13K963,Design Works High School,13,15,193,23,607,86,81,-2,0.11917098445595854,190
14K558,Williamsburg High School for Architecture and Design,14,15,68,8,1223,253,155,212,0.11764705882352941,191
02M519,Talent Unlimited High School,2,15,78,9,1599,468,152,213,0.11538461538461539,192
02M580,Richard R. Green High School of Teaching,2,15,355,40,1291,154,160,-2,0.11267605633802817,193
02M395,A School Without Walls,2,15,9,1,178,36,100,-2,0.1111111111111111,194
19K618,Academy of Innovative Technology,19,15,9,1,1048,183,115,169,0.1111111111111111,194
23K644,Eagle Academy for Young Men II,23,15,9,1,554,179,92,139,0.1111111111111111,194
31R440,New Dorp High School,31,15,9,1,2806,1011,668,887,0.1111111111111111,194
30Q301,Academy for Careers in Television and Film,30,15,28,3,1410,330,151,200,0.10714285714285714,198
15K463,Cyberarts Studio Academy,15,15,96,10,256,30,125,-2,0.10416666666666667,199
31R460,Susan E. Wagner High School,31,15,10,1,2611,968,660,631,0.1,200
32K554,All City Leadership Secondary School,32,15,10,1,911,247,62,62,0.1,200
17K537,High School for Youth and Community Development at Erasmus,17,15,11,1,488,82,140,-2,0.09090909090909091,202
17K546,High School for Public Service: Heroes of Tomorrow,17,15,11,1,656,69,130,-2,0.09090909090909091,202
19K639,Brooklyn Lab School,19,15,11,1,980,152,102,143,0.09090909090909091,202
23K493,Brooklyn Collegiate: A College Board School,23,15,11,1,727,113,120,-2,0.09090909090909091,202
17K745,Brooklyn Institute for Liberal Arts,17,15,12,1,761,109,175,158,0.08333333333333333,206
17K751,Academy for Health Careers,17,15,12,1,715,72,108,-2,0.08333333333333333,206
18K629,Cultural Academy for the Arts and Sciences,18,15,13,1,567,70,116,80,0.07692307692307693,208
19K507,Performing Arts and Technology High School,19,15,13,1,1103,157,125,163,0.07692307692307693,208
17K547,Brooklyn Academy of Science and the Environment,17,15,14,1,373,53,108,-2,0.07142857142857142,210
13K265,Dr. Susan S. McKinney Secondary School of the Arts,13,15,29,2,362,54,82,-2,0.06896551724137931,211
02M135,The Urban Assembly Early College High School for Emergency Medicine,2,15,15,1,510,116,122,-2,0.06666666666666667,212
03M291,West End Secondary School,3,15,15,1,1209,392,105,146,0.06666666666666667,212
15K592,Khalil Gibran International Academy,15,15,16,1,101,19,81,-2,0.0625,214
02M425,Leadership and Public Service High School,2,15,17,1,387,36,145,52,0.058823529411764705,215
21K348,High School of Sports Management,21,15,17,1,386,75,176,-2,0.058823529411764705,215
21K620,William E. Grady Career and Technical Education High School,21,15,17,1,970,205,305,214,0.058823529411764705,215
02M419,Landmark High School,2,15,19,1,457,37,100,-2,0.05263157894736842,218
02M438,International High School at Union Square,2,15,19,1,501,103,68,75,0.05263157894736842,218
03M417,Frank McCourt High School,3,15,20,1,1253,345,120,170,0.05,220
13K594,Gotham Professional Arts Academy,13,15,20,1,364,61,81,-2,0.05,220
14K478,"The High School for Enterprise, Business and Technology",14,15,20,1,1197,144,249,130,0.05,220
17K528,The High School for Global Citizenship,17,15,22,1,524,55,100,63,0.045454545454545456,223
13K350,Urban Assembly School of Music and Art,13,15,45,2,494,52,108,-2,0.044444444444444446,224
13K527,Urban Assembly Institute of Math and Science for Young Women,13,15,24,1,237,54,81,60,0.041666666666666664,225
21K690,Brooklyn Studio Secondary School,21,15,26,1,844,281,102,133,0.038461538461538464,226
14K454,The Williamsburg High School of Art and Technology,14,15,29,1,893,129,116,120,0.034482758620689655,227
02M308,Lower Manhattan Arts Academy,2,15,31,1,524,69,95,-2,0.03225806451612903,228
17K524,International High School at Prospect Heights,17,15,31,1,338,61,108,45,0.03225806451612903,228
16K498,Brooklyn High School for Law and Technology,16,15,32,1,1730,296,151,-2,0.03125,230
17K408,Academy of Hospitality and Tourism,17,15,32,1,571,89,118,-2,0.03125,230
02M374,Gramercy Arts High School,2,15,66,2,1038,129,204,78,0.030303030303030304,232
17K382,Academy for College Preparation and Career Exploration: A College Board School,17,15,34,1,837,124,108,-2,0.029411764705882353,233
02M534,Harvest Collegiate High School,2,15,70,2,1116,115,116,-2,0.02857142857142857,234
02M543,New Design High School,2,15,35,1,852,157,125,145,0.02857142857142857,234
17K600,Clara Barton High School,17,15,35,1,1276,355,434,-2,0.02857142857142857,234
21K337,International High School at Lafayette,21,15,39,1,327,76,90,35,0.02564102564102564,237
02M399,The High School For Language And Diplomacy,2,15,42,1,385,36,134,-2,0.023809523809523808,238
02M605,Humanities Preparatory Academy,2,15,45,1,861,101,75,-2,0.022222222222222223,239
13K483,The Urban Assembly School for Law and Justice,13,15,51,1,593,105,115,-2,0.0196078431372549,240
02M459,Manhattan International High School,2,16,1,1,738,151,85,73,1.0,283
02M586,Harvey Milk High School,2,16,1,1,40,3,45,-1,1.0,283
03M610,Young Women's Leadership School,3,16,3,3,370,113,81,-2,1.0,1
04M680,"Heritage School, The",4,16,1,1,482,60,80,-2,1.0,283
05M148,Eagle Academy for Young Men of Harlem,5,16,1,1,257,46,120,88,1.0,283
05M304,Mott Hall High School,5,16,1,1,455,53,108,-2,1.0,283
05M369,Urban Assembly School for the Performing Arts,5,16,1,1,372,52,108,-2,1.0,283
06M211,Inwood Early College for Health and Information Technologies,6,16,1,1,745,156,111,-2,1.0,283
06M346,Community Health Academy of the Heights,6,16,1,1,586,143,75,93,1.0,283
06M463,High School for Media and Communications,6,16,1,1,505,61,150,-2,1.0,283
06M552,Gregorio Luperon High School for Science and Mathematics,6,16,1,1,573,165,150,45,1.0,283
07X223,The Laboratory School of Finance and Technology: X223,7,16,1,1,980,230,89,93,1.0,283
07X522,Bronx Design and Construction Academy,7,16,1,1,677,112,140,91,1.0,283
07X600,Alfred E. Smith Career and Technical Education High School,7,16,1,1,1126,227,189,193,1.0,283
07X670,Health Opportunities High School,7,16,1,1,477,47,75,-2,1.0,283
08X269,Bronx Studio School for Writers and Artists,8,16,1,1,481,130,90,113,1.0,283
08X636,Virtual Innovators Academy,8,16,1,1,113,31,80,-2,1.0,283
09X231,Eagle Academy for Young Men,9,16,1,1,455,163,80,130,1.0,283
09X260,Bronx Center for Science and Mathematics,9,16,2,2,2530,621,108,201,1.0,1
09X297,Morris Academy for Collaborative Studies,9,16,1,1,568,80,123,-2,1.0,283
09X324,Bronx Early College Academy for Teaching & Learning,9,16,1,1,549,93,81,133,1.0,283
09X329,DreamYard Preparatory School,9,16,1,1,522,57,108,64,1.0,283
09X413,Bronx High School for Medical Science,9,16,1,1,1104,178,90,170,1.0,283
09X517,Frederick Douglass Academy III Secondary School,9,16,1,1,404,35,108,-2,1.0,283
09X543,High School for Violin and Dance,9,16,1,1,149,19,108,-2,1.0,283
10X374,Knowledge and Power Preparatory Academy International High School (Kappa),10,16,1,1,2279,431,120,179,1.0,283
10X442,"Celia Cruz Bronx High School of Music, The",10,16,1,1,561,165,140,114,1.0,283
11X275,High School of Computers and Technology,11,16,1,1,715,115,181,156,1.0,283
11X290,Bronx Academy of Health Careers,11,16,1,1,897,90,108,-2,1.0,283
11X418,Bronx High School for the Visual Arts,11,16,1,1,951,168,102,136,1.0,283
11X542,Pelham Preparatory Academy,11,16,1,1,2331,448,130,211,1.0,283
12X271,East Bronx Academy for the Future,12,16,1,1,464,97,90,79,1.0,283
12X641,Bard High School Early College Bronx,12,16,1,1,1391,613,100,106,1.0,283
19K422,Spring Creek Community School,19,16,1,1,341,50,73,-2,1.0,283
19K683,School for Classics High School,19,16,1,1,229,54,108,-2,1.0,283
19K953,The East New York Arts and Civics High School,19,16,1,1,169,23,68,-2,1.0,283
21K337,International High School at Lafayette,21,16,1,1,327,76,90,35,1.0,283
21K572,Leaders High School,21,16,1,1,462,119,110,141,1.0,283
21K690,Brooklyn Studio Secondary School,21,16,1,1,844,281,102,133,1.0,283
22K611,Origins High School,22,16,1,1,296,126,128,211,1.0,283
24Q236,International High School for Health Sciences,24,16,1,1,485,112,81,68,1.0,283
24Q296,Pan American International High School,24,16,1,1,508,166,108,28,1.0,283
25Q240,Veritas Academy,25,16,1,1,526,96,130,-2,1.0,283
25Q252,"Queens School of Inquiry, The",25,16,1,1,508,161,89,107,1.0,283
25Q670,Robert F. Kennedy Community High School,25,16,1,1,1012,254,150,223,1.0,283
26Q415,Benjamin N. Cardozo High School,26,16,1,1,4527,1666,684,926,1.0,283
26Q495,Bayside High School,26,16,1,1,6914,2765,851,1041,1.0,283
27Q302,"Queens High School for Information, Research, and Technology",27,16,1,1,671,160,130,177,1.0,283
28Q686,Queens Metropolitan High School,28,16,1,1,2321,931,279,279,1.0,283
28Q690,High School for Law Enforcement and Public Safety,28,16,1,1,396,91,165,109,1.0,283
29Q248,Queens Preparatory Academy,29,16,1,1,383,62,100,-2,1.0,283
29Q265,Excelsior Preparatory High School,29,16,1,1,353,58,108,95,1.0,283
31R064,Gaynor McCown Expeditionary Learning School,31,16,1,1,777,364,146,171,1.0,283
31R455,Tottenville High School,31,16,1,1,3274,1627,1158,1357,1.0,283
02M545,High School for Dual Language and Asian Studies,2,16,3,2,769,299,108,150,0.6666666666666666,3
27Q475,Richmond Hill High School,27,16,3,2,1397,386,371,423,0.6666666666666666,3
03M479,Beacon High School,3,16,133,67,7891,4442,360,493,0.5037593984962406,5
01M458,Forsyth Satellite Academy,1,16,2,1,60,12,28,-2,0.5,6
02M047,47 The American Sign Language and English Secondary School,2,16,2,1,318,55,69,-2,0.5,6
02M139,Stephen T. Mather Building Arts & Craftsmanship High School,2,16,4,2,432,88,108,-2,0.5,6
02M419,Landmark High School,2,16,2,1,457,37,100,-2,0.5,6
02M422,Quest to Learn,2,16,2,1,177,27,108,41,0.5,6
02M542,Manhattan Bridges High School,2,16,2,1,904,224,172,95,0.5,6
03M291,West End Secondary School,3,16,2,1,1209,392,105,146,0.5,6
05M157,The Urban Assembly School for Global Commerce,5,16,2,1,207,26,81,-2,0.5,6
06M293,City College Academy of the Arts,6,16,2,1,1028,337,81,95,0.5,6
06M467,High School for Law and Public Service,6,16,2,1,643,95,167,84,0.5,6
07X548,Careers in Sports High School,7,16,2,1,1056,226,125,202,0.5,6
08X293,Renaissance High School for Musical Theater and the Arts,8,16,2,1,660,115,110,-2,0.5,6
08X312,Millennium Art Academy,8,16,2,1,625,136,112,117,0.5,6
08X349,Bronx River High School,8,16,2,1,1172,196,108,168,0.5,6
08X367,"Archimedes Academy for Math, Science and Technology Applications",8,16,2,1,427,75,100,-2,0.5,6
08X405,Herbert H. Lehman High School,8,16,2,1,2078,405,528,479,0.5,6
09X227,Bronx Collegiate Academy,9,16,2,1,1201,163,120,173,0.5,6
09X250,Eximius College Preparatory Academy: A College Board School,9,16,2,1,761,90,108,-2,0.5,6
09X365,Academy for Language and Technology,9,16,2,1,773,224,92,89,0.5,6
10X213,Bronx Engineering and Technology Academy,10,16,2,1,754,115,142,-2,0.5,6
10X237,"The Marie Curie High School for Medicine, Nursing, and Health Professions",10,16,2,1,334,46,135,-2,0.5,6
10X284,Bronx School of Law and Finance,10,16,2,1,558,58,130,-2,0.5,6
11X249,Bronx Health Sciences High School,11,16,2,1,1270,225,200,261,0.5,6
11X299,Astor Collegiate Academy,11,16,2,1,2199,342,120,189,0.5,6
11X455,Harry S Truman High School,11,16,2,1,1891,390,913,-2,0.5,6
11X545,Bronx Aerospace High School,11,16,2,1,751,109,189,-2,0.5,6
12X251,Explorations Academy H.S.,12,16,2,1,476,39,117,-2,0.5,6
18K576,Victory Collegiate High School,18,16,2,1,305,61,140,-2,0.5,6
18K642,Urban Action Academy,18,16,2,1,231,44,107,-2,0.5,6
21K344,Rachel Carson High School for Coastal Studies,21,16,2,1,469,162,160,200,0.5,6
25Q263,Flushing International High School,25,16,2,1,576,182,90,90,0.5,6
25Q460,Flushing High School,25,16,2,1,1592,289,419,419,0.5,6
27Q308,Robert H. Goddard High School of Communication Arts and Technology,27,16,2,1,1222,468,140,181,0.5,6
27Q314,Epic High School - South,27,16,2,1,618,154,95,138,0.5,6
27Q323,Scholars' Academy,27,16,2,1,1065,580,154,186,0.5,6
28Q167,Metropolitan Expeditionary Learning School,28,16,2,1,1254,467,125,141,0.5,6
28Q350,Jamaica Gateway to the Sciences,28,16,2,1,1005,210,150,184,0.5,6
28Q680,Queens Gateway to Health Sciences Secondary School,28,16,2,1,1238,384,108,147,0.5,6
29Q243,Institute for Health Professions at Cambria Heights,29,16,2,1,416,79,108,132,0.5,6
30Q286,"Young Women's Leadership School, Astoria",30,16,2,1,453,156,81,103,0.5,6
30Q417,Gotham Tech High School,30,16,2,1,631,96,90,-2,0.5,6
31R440,New Dorp High School,31,16,2,1,2806,1011,668,887,0.5,6
31R460,Susan E. Wagner High School,31,16,2,1,2611,968,660,631,0.5,6
23K644,Eagle Academy for Young Men II,23,16,85,40,554,179,92,139,0.47058823529411764,49
25Q525,Townsend Harris High School,25,16,39,18,6780,4957,290,374,0.46153846153846156,50
02M280,Manhattan Early College School for Advertising,2,16,7,3,572,88,112,-2,0.42857142857142855,51
03M859,Special Music School,3,16,7,3,482,165,50,64,0.42857142857142855,51
01M696,Bard High School Early College,1,16,108,46,3946,2196,125,198,0.42592592592592593,53
02M260,The Clinton School,2,16,38,16,2837,1151,134,221,0.42105263157894735,54
02M407,Institute for Collaborative Education,2,16,19,8,836,263,61,73,0.42105263157894735,54
24Q610,Aviation Career & Technical Education High School,24,16,24,10,4123,1548,530,723,0.4166666666666667,56
01M539,"New Explorations into Science, Technology and Math High School",1,16,61,25,3743,2047,150,289,0.4098360655737705,57
24Q299,Bard High School Early College Queens,24,16,37,15,3866,2227,125,166,0.40540540540540543,58
01M292,Orchard Collegiate Academy,1,16,5,2,280,71,90,-2,0.4,59
02M551,Urban Assembly New York Harbor School,2,16,15,6,724,221,200,-2,0.4,59
30Q301,Academy for Careers in Television and Film,30,16,28,11,1410,330,151,200,0.39285714285714285,61
02M416,Eleanor Roosevelt High School,2,16,73,28,7699,3749,136,224,0.3835616438356164,62
02M630,Art and Design High School,2,16,69,26,3594,1359,385,523,0.37681159420289856,63
13K527,Urban Assembly Institute of Math and Science for Young Women,13,16,24,9,237,54,81,60,0.375,64
30Q501,Frank Sinatra School of the Arts High School,30,16,66,24,3557,1643,236,416,0.36363636363636365,65
02M418,Millennium High School,2,16,91,33,5541,2290,176,286,0.3626373626373626,66
05M362,Columbia Secondary School,5,16,31,11,4258,1769,112,175,0.3548387096774194,67
24Q585,Maspeth High School,24,16,17,6,5045,1953,270,348,0.35294117647058826,68
15K684,Millennium Brooklyn HS,15,16,227,77,5385,2365,178,252,0.3392070484581498,69
15K656,Brooklyn High School of the Arts,15,16,122,41,2104,574,254,272,0.3360655737704918,70
02M296,High School of Hospitality Management,2,16,3,1,269,35,135,-2,0.3333333333333333,71
02M399,The High School For Language And Diplomacy,2,16,3,1,385,36,134,-2,0.3333333333333333,71
02M411,Baruch College Campus High School,2,16,93,31,6773,2753,118,188,0.3333333333333333,71
02M500,Unity Center for Urban Technologies,2,16,3,1,274,48,95,136,0.3333333333333333,71
02M507,Urban Assembly Gateway School for Technology,2,16,6,2,1299,278,108,146,0.3333333333333333,71
02M531,Repertory Company High School for Theatre Arts,2,16,6,2,365,100,60,68,0.3333333333333333,71
03M299,The Maxine Greene HS for Imaginative Inquiry,3,16,3,1,77,10,120,-2,0.3333333333333333,71
03M307,"Urban Assembly School for Media Studies, The",3,16,3,1,328,71,126,109,0.3333333333333333,71
03M402,The Urban Assembly School for Green Careers,3,16,3,1,494,39,120,45,0.3333333333333333,71
03M417,Frank McCourt High School,3,16,3,1,1253,345,120,170,0.3333333333333333,71
05M499,Frederick Douglass Academy,5,16,3,1,903,195,325,214,0.3333333333333333,71
06M462,The College Academy,6,16,6,2,814,121,121,129,0.3333333333333333,71
07X259,"H.E.R.O. High (Health, Education, and Research Occupations High School)",7,16,3,1,862,174,250,182,0.3333333333333333,71
07X625,Bronx Legacy High School,7,16,3,1,690,97,90,-2,0.3333333333333333,71
09X252,Mott Hall Bronx High School,9,16,3,1,1138,141,90,130,0.3333333333333333,71
09X505,"Bronx School for Law, Government and Justice",9,16,3,1,1132,259,120,154,0.3333333333333333,71
10X264,Bronx Academy for Software Engineering (BASE),10,16,3,1,1199,175,120,165,0.3333333333333333,71
10X434,Belmont Preparatory High School,10,16,3,1,1447,203,108,176,0.3333333333333333,71
10X439,Bronx High School for Law and Community Service,10,16,3,1,1467,220,108,163,0.3333333333333333,71
10X440,DeWitt Clinton High School,10,16,3,1,2901,586,385,492,0.3333333333333333,71
11X288,Collegiate Institute for Math and Science,11,16,3,1,1764,317,133,200,0.3333333333333333,71
19K583,Multicultural High School,19,16,3,1,320,88,111,64,0.3333333333333333,71
24Q520,Middle College High School at LaGuardia Community College,24,16,6,2,1826,552,97,118,0.3333333333333333,71
24Q600,Queens Technical High School,24,16,12,4,3942,1196,350,423,0.3333333333333333,71
27Q262,Channel View School for Research,27,16,3,1,755,267,194,212,0.3333333333333333,71
28Q328,High School for Community Leadership,28,16,3,1,671,160,150,231,0.3333333333333333,71
30Q555,Newcomers High School,30,16,3,1,559,166,81,107,0.3333333333333333,71
31R445,Port Richmond High School,31,16,3,1,1267,334,564,435,0.3333333333333333,71
22K405,Midwood High School,22,16,287,93,11658,5495,910,1323,0.3240418118466899,99
13K595,Bedford Academy High School,13,16,339,107,2464,599,81,114,0.31563421828908556,100
17K590,Medgar Evers College Preparatory School,17,16,224,69,2078,676,220,237,0.3080357142857143,101
21K468,Kingsborough Early College School,21,16,34,10,1229,429,110,122,0.29411764705882354,102
27Q650,"High School for Construction Trades, Engineering and Architecture",27,16,24,7,3028,1209,247,311,0.2916666666666667,103
02M600,The High School of Fashion Industries,2,16,45,13,2046,720,475,395,0.28888888888888886,104
13K670,Benjamin Banneker Academy,13,16,267,76,1912,451,225,318,0.2846441947565543,105
04M435,Manhattan Center for Science and Mathematics,4,16,39,11,5010,1993,440,709,0.28205128205128205,106
15K429,Digital Arts and Cinema Technology High School,15,16,32,9,579,105,90,94,0.28125,107
13K594,Gotham Professional Arts Academy,13,16,50,14,364,61,81,-2,0.28,108
17K600,Clara Barton High School,17,16,88,24,1276,355,434,-2,0.2727272727272727,109
24Q530,International High School at LaGuardia Community College,24,16,11,3,1236,505,119,114,0.2727272727272727,109
02M135,The Urban Assembly Early College High School for Emergency Medicine,2,16,15,4,510,116,122,-2,0.26666666666666666,111
22K425,James Madison High School,22,16,113,30,6968,2801,837,940,0.26548672566371684,112
17K524,International High School at Prospect Heights,17,16,23,6,338,61,108,45,0.2608695652173913,113
22K555,Brooklyn College Academy,22,16,124,32,2698,911,170,228,0.25806451612903225,114
02M294,Essex Street Academy,2,16,86,22,2478,562,90,125,0.2558139534883721,115
22K535,Leon M. Goldstein High School for the Sciences,22,16,43,11,3985,2007,258,429,0.2558139534883721,115
02M300,"Urban Assembly School of Design and Construction, The",2,16,4,1,346,43,108,-2,0.25,117
02M394,Emma Lazarus High School,2,16,4,1,134,19,60,-1,0.25,117
02M427,Manhattan Academy For Arts & Language,2,16,4,1,389,72,108,49,0.25,117
09X412,Bronx High School of Business,9,16,4,1,765,66,120,-2,0.25,117
10X225,Theatre Arts Production Company School,10,16,4,1,633,88,170,-2,0.25,117
10X437,Fordham High School for the Arts,10,16,4,1,1826,399,130,158,0.25,117
11X270,Academy for Scholarship and Entrepreneurship: A College Board School,11,16,4,1,775,148,120,-2,0.25,117
14K071,Juan Morel Campos Secondary School,14,16,36,9,341,78,101,69,0.25,117
14K610,A-Tech High School,14,16,92,23,1273,264,224,243,0.25,117
24Q550,High School for Arts and Business,24,16,4,1,2257,552,191,255,0.25,117
25Q285,World Journalism Preparatory: A College Board School,25,16,4,1,448,162,90,139,0.25,117
29Q327,Eagle Academy for Young Men III,29,16,4,1,324,112,120,-2,0.25,117
30Q258,Energy Tech High School,30,16,4,1,1535,348,108,145,0.25,117
30Q575,Academy of American Studies,30,16,4,1,2727,819,170,224,0.25,117
14K561,Williamsburg Preparatory School,14,16,77,19,1131,226,180,236,0.24675324675324675,131
21K410,Abraham Lincoln High School,21,16,82,20,2225,539,741,604,0.24390243902439024,132
02M519,Talent Unlimited High School,2,16,33,8,1599,468,152,213,0.24242424242424243,133
02M439,Manhattan Village Academy,2,16,29,7,3002,860,100,201,0.2413793103448276,134
17K537,High School for Youth and Community Development at Erasmus,17,16,25,6,488,82,140,-2,0.24,135
13K674,"City Polytechnic High School of Engineering, Architecture, and Technology",13,16,90,21,1239,274,108,160,0.23333333333333334,136
02M534,Harvest Collegiate High School,2,16,13,3,1116,115,116,-2,0.23076923076923078,137
03M541,Manhattan / Hunter Science High School,3,16,61,14,5406,2689,108,176,0.22950819672131148,138
28Q284,York Early College Academy,28,16,9,2,1602,580,81,91,0.2222222222222222,139
32K545,EBC High School for Public Service - Bushwick,32,16,75,16,467,75,126,-2,0.21333333333333335,140
02M420,High School for Health Professions and Human Services,2,16,59,12,2991,776,477,590,0.2033898305084746,141
02M308,Lower Manhattan Arts Academy,2,16,10,2,524,69,95,-2,0.2,142
02M412,N.Y.C. Lab School for Collaborative Studies,2,16,40,8,3134,1067,109,161,0.2,142
19K660,W. H. Maxwell Career and Technical Education High School,19,16,70,14,991,185,305,164,0.2,142
17K122,Pathways in Technology Early College High School (P-Tech),17,16,148,29,712,114,150,-2,0.19594594594594594,145
17K543,"Science, Technology and Research Early College High School at Erasmus",17,16,46,9,790,197,130,145,0.1956521739130435,146
02M408,Professional Performing Arts High School,2,16,31,6,1255,378,128,180,0.1935483870967742,147
13K412,Brooklyn Community Arts & Media High School (BCAM),13,16,89,17,702,113,142,-2,0.19101123595505617,148
19K615,Transit Tech Career and Technical Education High School,19,16,48,9,1168,225,315,-2,0.1875,149
02M376,NYC iSchool,2,16,44,8,2459,931,118,158,0.18181818181818182,150
04M495,Park East High School,4,16,22,4,2653,739,100,166,0.18181818181818182,150
06M468,High School for Health Careers and Sciences,6,16,11,2,822,121,268,-2,0.18181818181818182,150
32K554,All City Leadership Secondary School,32,16,72,13,911,247,62,62,0.18055555555555555,153
02M282,Urban Assembly Maker Academy,2,16,28,5,1074,175,150,216,0.17857142857142858,154
21K525,Edward R. Murrow High School,21,16,130,23,6293,2283,933,1196,0.17692307692307693,155
02M543,New Design High School,2,16,17,3,852,157,125,145,0.17647058823529413,156
32K168,The Brooklyn School for Math and Research,32,16,63,11,710,99,108,148,0.1746031746031746,157
15K519,Cobble Hill School of American Studies,15,16,52,9,481,62,278,-2,0.17307692307692307,158
14K558,Williamsburg High School for Architecture and Design,14,16,83,14,1223,253,155,212,0.1686746987951807,159
16K688,The Brooklyn Academy of Global Finance,16,16,101,17,469,56,108,-2,0.16831683168316833,160
01M515,Lower East Side Preparatory High School,1,16,6,1,317,89,75,-2,0.16666666666666666,161
02M288,Food and Finance High School,2,16,18,3,1225,264,150,211,0.16666666666666666,161
02M316,"Urban Assembly School of Business for Young Women, the",2,16,6,1,165,17,120,-2,0.16666666666666666,161
02M374,Gramercy Arts High School,2,16,18,3,1038,129,204,78,0.16666666666666666,161
02M438,International High School at Union Square,2,16,6,1,501,103,68,75,0.16666666666666666,161
02M449,Vanguard High School,2,16,6,1,701,134,110,158,0.16666666666666666,161
04M555,Central Park East High School,4,16,18,3,4762,1538,125,215,0.16666666666666666,161
11X544,High School for Contemporary Arts,11,16,6,1,607,55,240,-2,0.16666666666666666,161
14K488,Brooklyn Preparatory High School,14,16,90,15,1061,174,153,-2,0.16666666666666666,161
15K592,Khalil Gibran International Academy,15,16,6,1,101,19,81,-2,0.16666666666666666,161
21K559,Life Academy High School for Film and Music,21,16,6,1,145,21,81,49,0.16666666666666666,161
26Q435,Martin Van Buren High School,26,16,6,1,1084,217,352,273,0.16666666666666666,161
30Q580,Baccalaureate School for Global Education,30,16,12,2,1732,937,97,94,0.16666666666666666,161
31R450,Curtis High School,31,16,6,1,1967,690,804,754,0.16666666666666666,161
02M393,Business Of Sports School,2,16,19,3,1151,248,129,210,0.15789473684210525,175
15K462,John Jay School for Law,15,16,57,9,1012,184,125,-2,0.15789473684210525,175
19K618,Academy of Innovative Technology,19,16,38,6,1048,183,115,169,0.15789473684210525,175
14K454,The Williamsburg High School of Art and Technology,14,16,108,17,893,129,116,120,0.1574074074074074,178
15K448,Brooklyn Collaborative Studies,15,16,45,7,693,99,90,110,0.15555555555555556,179
02M392,Manhattan Business Academy,2,16,13,2,1321,191,161,-2,0.15384615384615385,180
17K382,Academy for College Preparation and Career Exploration: A College Board School,17,16,52,8,837,124,108,-2,0.15384615384615385,180
23K493,Brooklyn Collegiate: A College Board School,23,16,104,16,727,113,120,-2,0.15384615384615385,180
02M414,N.Y.C. Museum School,2,16,47,7,3022,865,150,254,0.14893617021276595,183
02M432,Murray Hill Academy,2,16,7,1,558,76,90,-2,0.14285714285714285,184
02M437,Hudson High School of Learning Technologies,2,16,7,1,353,48,119,-2,0.14285714285714285,184
02M529,Jacqueline Kennedy Onassis High School,2,16,7,1,534,81,204,-2,0.14285714285714285,184
13K605,George Westinghouse Career and Technical Education High School,13,16,119,17,1254,203,254,194,0.14285714285714285,184
13K963,Design Works High School,13,16,49,7,607,86,81,-2,0.14285714285714285,184
17K751,Academy for Health Careers,17,16,91,13,715,72,108,-2,0.14285714285714285,184
19K659,Cypress Hills Collegiate Preparatory School,19,16,7,1,581,86,99,-2,0.14285714285714285,184
20K609,Urban Assembly School for Leadership and Empowerment,20,16,7,1,278,74,100,132,0.14285714285714285,184
24Q560,"Robert F. Wagner, Jr. Secondary School for Arts and Technology",24,16,7,1,1368,247,120,161,0.14285714285714285,184
26Q315,Business Technology Early College High School,26,16,7,1,1032,289,180,272,0.14285714285714285,184
02M533,Union Square Academy for Health Sciences,2,16,15,2,834,154,163,143,0.13333333333333333,194
02M546,Academy for Software Engineering,2,16,30,4,1992,388,125,201,0.13333333333333333,194
02M615,Chelsea Career and Technical Education High School,2,16,15,2,821,118,152,-2,0.13333333333333333,194
01M448,University Neighborhood High School,1,16,46,6,2248,447,125,185,0.13043478260869565,197
17K547,Brooklyn Academy of Science and the Environment,17,16,55,7,373,53,108,-2,0.12727272727272726,198
32K556,Bushwick Leaders High School for Academic Excellence,32,16,63,8,768,125,120,-2,0.12698412698412698,199
14K474,PROGRESS High School for Professional Careers,14,16,48,6,506,81,153,-2,0.125,200
14K478,"The High School for Enterprise, Business and Technology",14,16,88,11,1197,144,249,130,0.125,200
18K569,Kurt Hahn Expeditionary Learning School,18,16,8,1,141,21,81,-2,0.125,200
21K348,High School of Sports Management,21,16,8,1,386,75,176,-2,0.125,200
27Q260,Frederick Douglass Academy VI High School,27,16,8,1,482,71,121,-2,0.125,200
27Q309,Academy of Medical Technology: A College Board School,27,16,8,1,626,120,105,109,0.125,200
27Q400,August Martin High School,27,16,8,1,960,177,250,218,0.125,200
14K477,East Williamsburg Scholars Academy,14,16,58,7,650,90,234,-2,0.1206896551724138,207
15K497,The Boerum Hill School for International Studies,15,16,51,6,801,155,125,-2,0.11764705882352941,208
28Q620,Thomas A. Edison Career and Technical Education High School,28,16,17,2,6131,2355,473,583,0.11764705882352941,208
16K765,Nelson Mandela High School,16,16,69,8,250,25,114,-2,0.11594202898550725,210
17K745,Brooklyn Institute for Liberal Arts,17,16,78,9,761,109,175,158,0.11538461538461539,211
02M395,A School Without Walls,2,16,9,1,178,36,100,-2,0.1111111111111111,212
02M400,High School for Environmental Studies,2,16,9,1,2558,395,344,385,0.1111111111111111,212
02M425,Leadership and Public Service High School,2,16,9,1,387,36,145,52,0.1111111111111111,212
02M605,Humanities Preparatory Academy,2,16,9,1,861,101,75,-2,0.1111111111111111,212
15K463,Cyberarts Studio Academy,15,16,9,1,256,30,125,-2,0.1111111111111111,212
17K548,Brooklyn School for Music & Theatre,17,16,63,7,522,74,108,-2,0.1111111111111111,212
18K563,It Takes a Village Academy,18,16,9,1,353,23,135,-2,0.1111111111111111,212
18K567,Brooklyn Theatre Arts High School,18,16,9,1,352,39,125,-2,0.1111111111111111,212
29Q272,George Washington Carver High School for the Sciences,29,16,9,1,590,92,93,-2,0.1111111111111111,212
29Q313,Benjamin Franklin High School for Finance & Information Technology,29,16,9,1,735,122,108,-2,0.1111111111111111,212
30Q445,William Cullen Bryant High School,30,16,9,1,1681,297,435,349,0.1111111111111111,212
30Q450,Long Island City High School,30,16,9,1,1827,403,790,432,0.1111111111111111,212
13K419,"Science Skills Center High School for Science, Technology and the Creative Arts",13,16,82,9,909,111,258,143,0.10975609756097561,224
16K498,Brooklyn High School for Law and Technology,16,16,202,22,1730,296,151,-2,0.10891089108910891,225
02M580,Richard R. Green High School of Teaching,2,16,19,2,1291,154,160,-2,0.10526315789473684,226
28Q440,Forest Hills High School,28,16,19,2,7184,2477,702,851,0.10526315789473684,226
16K455,Boys and Girls High School,16,16,182,19,712,68,369,96,0.1043956043956044,228
19K507,Performing Arts and Technology High School,19,16,69,7,1103,157,125,163,0.10144927536231885,229
02M489,High School of Economics and Finance,2,16,20,2,1374,223,230,-2,0.1,230
02M520,Murry Bergtraum High School for Business Careers,2,16,10,1,222,38,240,-2,0.1,230
17K539,High School for Service & Learning at Erasmus,17,16,10,1,296,35,108,98,0.1,230
19K409,East New York Family Academy,19,16,10,1,416,159,125,147,0.1,230
25Q425,John Bowne High School,25,16,10,1,3116,720,783,809,0.1,230
26Q430,Francis Lewis High School,26,16,10,1,8708,3905,913,1030,0.1,230
28Q505,Hillcrest High School,28,16,10,1,2316,496,730,517,0.1,230
13K483,The Urban Assembly School for Law and Justice,13,16,64,6,593,105,115,-2,0.09375,237
17K528,The High School for Global Citizenship,17,16,65,6,524,55,100,63,0.09230769230769231,238
14K685,El Puente Academy for Peace and Justice,14,16,11,1,134,25,70,-2,0.09090909090909091,239
29Q492,"Mathematics, Science Research and Technology Magnet High School",29,16,11,1,782,146,150,-2,0.09090909090909091,239
03M415,Wadleigh Secondary School for the Performing & Visual Arts,3,16,12,1,826,130,128,-2,0.08333333333333333,241
15K667,Sunset Park High School,15,16,12,1,989,260,354,-2,0.08333333333333333,241
24Q264,Academy of Finance and Enterprise,24,16,12,1,2163,546,124,151,0.08333333333333333,241
02M298,Pace High School,2,16,25,2,1172,169,190,177,0.08,244
01M450,East Side Community School,1,16,26,2,1142,328,95,117,0.07692307692307693,245
02M305,"Urban Assembly Academy of Government and Law, The",2,16,15,1,573,75,100,-2,0.06666666666666667,246
06M540,A. Philip Randolph Campus High School,6,16,15,1,2050,408,471,379,0.06666666666666667,246
18K566,Brooklyn Community High School for Excellence and Equity,18,16,15,1,448,61,75,-2,0.06666666666666667,246
03M494,High School of Arts and Technology,3,16,16,1,1037,132,140,-2,0.0625,249
19K510,World Academy for Total Community Health High School,19,16,16,1,417,29,98,-2,0.0625,249
20K485,High School of Telecommunication Arts and Technology,20,16,16,1,2973,1210,310,363,0.0625,249
29Q498,"Health, Arts, Robotics, and Technology High School",29,16,17,1,1435,293,196,264,0.058823529411764705,252
03M492,"High School for Law, Advocacy and Community Justice",3,16,18,1,920,170,220,-2,0.05555555555555555,253
18K617,High School for Innovation in Advertising and Media,18,16,18,1,522,101,81,91,0.05555555555555555,253
14K586,Lyons Community School,14,16,20,1,174,32,81,-2,0.05,255
13K265,Dr. Susan S. McKinney Secondary School of the Arts,13,16,21,1,362,54,82,-2,0.047619047619047616,256
13K439,Brooklyn International High School,13,16,21,1,409,71,81,53,0.047619047619047616,256
19K404,Academy for Young Writers,19,16,21,1,559,71,92,82,0.047619047619047616,256
23K697,Teachers Preparatory High School,23,16,21,1,187,35,90,-2,0.047619047619047616,256
02M413,School of the Future High School,2,16,22,1,1741,485,108,152,0.045454545454545456,260
18K637,Academy for Conservation and the Environment,18,16,22,1,727,92,170,217,0.045454545454545456,260
21K620,William E. Grady Career and Technical Education High School,21,16,22,1,970,205,305,214,0.045454545454545456,260
19K502,FDNY - Captain Vernon A. Richard High School for Fire and Life Safety,19,16,46,2,745,141,108,125,0.043478260869565216,263
19K764,The Urban Assembly School for Collaborative Healthcare,19,16,23,1,419,71,81,-2,0.043478260869565216,263
14K614,Young Women's Leadership School of Brooklyn,14,16,25,1,251,47,93,59,0.04,265
20K490,Fort Hamilton High School,20,16,27,1,4983,1995,883,903,0.037037037037037035,266
13K350,Urban Assembly School of Music and Art,13,16,28,1,494,52,108,-2,0.03571428571428571,267
17K408,Academy of Hospitality and Tourism,17,16,28,1,571,89,118,-2,0.03571428571428571,267
20K445,New Utrecht High School,20,16,28,1,4568,1443,630,730,0.03571428571428571,267
24Q485,Grover Cleveland High School,24,16,29,1,1552,359,420,437,0.034482758620689655,270
18K629,Cultural Academy for the Arts and Sciences,18,16,30,1,567,70,116,80,0.03333333333333333,271
21K540,John Dewey High School,21,16,31,1,2573,622,553,577,0.03225806451612903,272
15K464,Park Slope Collegiate,15,16,32,1,613,115,102,130,0.03125,273
18K633,High School for Medical Professions,18,16,32,1,666,99,108,116,0.03125,273
27Q480,John Adams High School,27,16,34,1,2490,480,636,644,0.029411764705882353,275
20K505,Franklin Delano Roosevelt High School,20,16,36,1,3723,924,710,852,0.027777777777777776,276
19K639,Brooklyn Lab School,19,16,40,1,980,152,102,143,0.025,277
17K546,High School for Public Service: Heroes of Tomorrow,17,16,41,1,656,69,130,-2,0.024390243902439025,278
32K549,The Brooklyn School for Social Justice,32,16,42,1,425,47,120,-2,0.023809523809523808,279
32K403,Academy for Excellence in Leadership,32,16,47,1,653,76,108,-2,0.02127659574468085,280
23K514,Frederick Douglass Academy VII High School,23,16,48,1,532,76,108,85,0.020833333333333332,281
32K552,The Academy of Urban Planning and Engineering,32,16,59,1,737,128,113,-2,0.01694915254237288,282
01M515,Lower East Side Preparatory High School,1,17,1,1,317,89,75,-2,1.0,280
02M394,Emma Lazarus High School,2,17,1,1,134,19,60,-1,1.0,280
02M422,Quest to Learn,2,17,1,1,177,27,108,41,1.0,280
02M437,Hudson High School of Learning Technologies,2,17,1,1,353,48,119,-2,1.0,280
02M459,Manhattan International High School,2,17,2,2,738,151,85,73,1.0,1
02M529,Jacqueline Kennedy Onassis High School,2,17,1,1,534,81,204,-2,1.0,280
02M542,Manhattan Bridges High School,2,17,1,1,904,224,172,95,1.0,280
02M550,Liberty High School Academy for Newcomers,2,17,1,1,99,16,50,6,1.0,280
02M655,The High School for Climate Justice,2,17,1,1,298,60,152,105,1.0,280
03M299,The Maxine Greene HS for Imaginative Inquiry,3,17,1,1,77,10,120,-2,1.0,280
03M402,The Urban Assembly School for Green Careers,3,17,1,1,494,39,120,45,1.0,280
03M403,The Global Learning Collaborative,3,17,1,1,754,90,108,-2,1.0,280
03M860,Frederick Douglass Academy II Secondary School,3,17,1,1,309,55,95,105,1.0,280
05M369,Urban Assembly School for the Performing Arts,5,17,1,1,372,52,108,-2,1.0,280
05M670,Thurgood Marshall Academy for Learning and Social Change,5,17,1,1,340,71,108,-2,1.0,280
06M293,City College Academy of the Arts,6,17,1,1,1028,337,81,95,1.0,280
06M552,Gregorio Luperon High School for Science and Mathematics,6,17,1,1,573,165,150,45,1.0,280
07X495,University Heights Secondary School,7,17,1,1,2181,787,140,203,1.0,280
07X600,Alfred E. Smith Career and Technical Education High School,7,17,1,1,1126,227,189,193,1.0,280
08X349,Bronx River High School,8,17,1,1,1172,196,108,168,1.0,280
08X432,Bronx Bridges High School,8,17,1,1,454,83,81,70,1.0,280
09X250,Eximius College Preparatory Academy: A College Board School,9,17,1,1,761,90,108,-2,1.0,280
09X260,Bronx Center for Science and Mathematics,9,17,2,2,2530,621,108,201,1.0,1
09X297,Morris Academy for Collaborative Studies,9,17,1,1,568,80,123,-2,1.0,280
09X517,Frederick Douglass Academy III Secondary School,9,17,1,1,404,35,108,-2,1.0,280
10X225,Theatre Arts Production Company School,10,17,1,1,633,88,170,-2,1.0,280
10X264,Bronx Academy for Software Engineering (BASE),10,17,1,1,1199,175,120,165,1.0,280
10X284,Bronx School of Law and Finance,10,17,1,1,558,58,130,-2,1.0,280
11X249,Bronx Health Sciences High School,11,17,1,1,1270,225,200,261,1.0,280
11X288,Collegiate Institute for Math and Science,11,17,1,1,1764,317,133,200,1.0,280
11X418,Bronx High School for the Visual Arts,11,17,1,1,951,168,102,136,1.0,280
12X478,The Cinema School,12,17,1,1,618,139,81,117,1.0,280
12X641,Bard High School Early College Bronx,12,17,3,3,1391,613,100,106,1.0,1
12X682,Fannie Lou Hamer Freedom High School,12,17,1,1,388,73,110,83,1.0,280
14K685,El Puente Academy for Peace and Justice,14,17,1,1,134,25,70,-2,1.0,280
19K583,Multicultural High School,19,17,1,1,320,88,111,64,1.0,280
19K683,School for Classics High School,19,17,1,1,229,54,108,-2,1.0,280
19K953,The East New York Arts and Civics High School,19,17,2,2,169,23,68,-2,1.0,1
21K337,International High School at Lafayette,21,17,1,1,327,76,90,35,1.0,280
24Q267,High School of Applied Communication,24,17,1,1,557,75,145,-2,1.0,280
24Q296,Pan American International High School,24,17,1,1,508,166,108,28,1.0,280
25Q252,"Queens School of Inquiry, The",25,17,1,1,508,161,89,107,1.0,280
25Q281,East-West School of International Studies,25,17,1,1,766,290,89,113,1.0,280
25Q460,Flushing High School,25,17,1,1,1592,289,419,419,1.0,280
25Q670,Robert F. Kennedy Community High School,25,17,1,1,1012,254,150,223,1.0,280
26Q435,Martin Van Buren High School,26,17,1,1,1084,217,352,273,1.0,280
26Q495,Bayside High School,26,17,1,1,6914,2765,851,1041,1.0,280
27Q323,Scholars' Academy,27,17,1,1,1065,580,154,186,1.0,280
28Q325,Hillside Arts & Letters Academy,28,17,1,1,520,82,108,133,1.0,280
28Q350,Jamaica Gateway to the Sciences,28,17,1,1,1005,210,150,184,1.0,280
28Q680,Queens Gateway to Health Sciences Secondary School,28,17,1,1,1238,384,108,147,1.0,280
28Q896,"Young Women's Leadership School, Queens",28,17,1,1,350,99,81,119,1.0,280
31R440,New Dorp High School,31,17,1,1,2806,1011,668,887,1.0,280
02M135,The Urban Assembly Early College High School for Emergency Medicine,2,17,16,11,510,116,122,-2,0.6875,5
02M047,47 The American Sign Language and English Secondary School,2,17,3,2,318,55,69,-2,0.6666666666666666,6
24Q299,Bard High School Early College Queens,24,17,21,14,3866,2227,125,166,0.6666666666666666,6
28Q440,Forest Hills High School,28,17,5,3,7184,2477,702,851,0.6,8
02M531,Repertory Company High School for Theatre Arts,2,17,9,5,365,100,60,68,0.5555555555555556,9
02M376,NYC iSchool,2,17,67,36,2459,931,118,158,0.5373134328358209,10
25Q525,Townsend Harris High School,25,17,32,17,6780,4957,290,374,0.53125,11
01M292,Orchard Collegiate Academy,1,17,2,1,280,71,90,-2,0.5,12
02M296,High School of Hospitality Management,2,17,2,1,269,35,135,-2,0.5,12
02M300,"Urban Assembly School of Design and Construction, The",2,17,2,1,346,43,108,-2,0.5,12
02M303,"Facing History School, The",2,17,2,1,421,87,107,-2,0.5,12
02M313,"James Baldwin School, The: A School for Expeditionary Learning",2,17,2,1,71,14,25,-2,0.5,12
02M407,Institute for Collaborative Education,2,17,20,10,836,263,61,73,0.5,12
02M545,High School for Dual Language and Asian Studies,2,17,2,1,769,299,108,150,0.5,12
03M307,"Urban Assembly School for Media Studies, The",3,17,2,1,328,71,126,109,0.5,12
05M157,The Urban Assembly School for Global Commerce,5,17,2,1,207,26,81,-2,0.5,12
05M304,Mott Hall High School,5,17,2,1,455,53,108,-2,0.5,12
06M211,Inwood Early College for Health and Information Technologies,6,17,2,1,745,156,111,-2,0.5,12
06M348,Washington Heights Expeditionary Learning School,6,17,2,1,689,175,100,115,0.5,12
06M463,High School for Media and Communications,6,17,2,1,505,61,150,-2,0.5,12
08X452,Gotham Collaborative High School,8,17,2,1,343,51,120,-2,0.5,12
09X324,Bronx Early College Academy for Teaching & Learning,9,17,2,1,549,93,81,133,0.5,12
09X404,School for Excellence,9,17,2,1,134,13,116,-2,0.5,12
09X412,Bronx High School of Business,9,17,2,1,765,66,120,-2,0.5,12
09X413,Bronx High School for Medical Science,9,17,2,1,1104,178,90,170,0.5,12
09X525,Bronx Leadership Academy High School,9,17,2,1,1027,107,105,123,0.5,12
09X568,Young Women's Leadership School of the Bronx,9,17,2,1,449,109,90,127,0.5,12
10X268,Kingsbridge International High School,10,17,2,1,206,15,108,6,0.5,12
10X438,Fordham Leadership Academy,10,17,2,1,2416,416,108,155,0.5,12
10X439,Bronx High School for Law and Community Service,10,17,2,1,1467,220,108,163,0.5,12
11X265,Bronx Lab School,11,17,2,1,381,47,123,-2,0.5,12
11X455,Harry S Truman High School,11,17,2,1,1891,390,913,-2,0.5,12
12X242,Mott Hall V,12,17,2,1,1001,282,81,91,0.5,12
12X388,Pan American International High School at Monroe,12,17,2,1,310,71,108,43,0.5,12
12X511,Bronx Envision Academy,12,17,2,1,459,44,108,-2,0.5,12
12X550,High School of World Cultures,12,17,2,1,380,49,108,36,0.5,12
14K586,Lyons Community School,14,17,2,1,174,32,81,-2,0.5,12
19K409,East New York Family Academy,19,17,2,1,416,159,125,147,0.5,12
24Q236,International High School for Health Sciences,24,17,2,1,485,112,81,68,0.5,12
24Q455,Newtown High School,24,17,2,1,1328,243,419,346,0.5,12
26Q315,Business Technology Early College High School,26,17,2,1,1032,289,180,272,0.5,12
26Q415,Benjamin N. Cardozo High School,26,17,2,1,4527,1666,684,926,0.5,12
27Q308,Robert H. Goddard High School of Communication Arts and Technology,27,17,2,1,1222,468,140,181,0.5,12
27Q324,Rockaway Park High School for Environmental Sustainability,27,17,2,1,164,25,108,51,0.5,12
28Q328,High School for Community Leadership,28,17,2,1,671,160,150,231,0.5,12
28Q686,Queens Metropolitan High School,28,17,2,1,2321,931,279,279,0.5,12
28Q690,High School for Law Enforcement and Public Safety,28,17,2,1,396,91,165,109,0.5,12
29Q265,Excelsior Preparatory High School,29,17,2,1,353,58,108,95,0.5,12
29Q272,George Washington Carver High School for the Sciences,29,17,2,1,590,92,93,-2,0.5,12
29Q327,Eagle Academy for Young Men III,29,17,2,1,324,112,120,-2,0.5,12
30Q445,William Cullen Bryant High School,30,17,2,1,1681,297,435,349,0.5,12
30Q580,Baccalaureate School for Global Education,30,17,6,3,1732,937,97,94,0.5,12
01M539,"New Explorations into Science, Technology and Math High School",1,17,64,30,3743,2047,150,289,0.46875,57
01M696,Bard High School Early College,1,17,110,48,3946,2196,125,198,0.43636363636363634,58
03M479,Beacon High School,3,17,167,72,7891,4442,360,493,0.4311377245508982,59
06M468,High School for Health Careers and Sciences,6,17,7,3,822,121,268,-2,0.42857142857142855,60
04M435,Manhattan Center for Science and Mathematics,4,17,41,17,5010,1993,440,709,0.4146341463414634,61
02M260,The Clinton School,2,17,46,19,2837,1151,134,221,0.41304347826086957,62
22K405,Midwood High School,22,17,760,311,11658,5495,910,1323,0.40921052631578947,63
15K592,Khalil Gibran International Academy,15,17,15,6,101,19,81,-2,0.4,64
23K644,Eagle Academy for Young Men II,23,17,46,18,554,179,92,139,0.391304347826087,65
02M630,Art and Design High School,2,17,85,33,3594,1359,385,523,0.38823529411764707,66
30Q501,Frank Sinatra School of the Arts High School,30,17,57,22,3557,1643,236,416,0.38596491228070173,67
02M416,Eleanor Roosevelt High School,2,17,108,41,7699,3749,136,224,0.37962962962962965,68
15K684,Millennium Brooklyn HS,15,17,375,141,5385,2365,178,252,0.376,69
22K555,Brooklyn College Academy,22,17,369,138,2698,911,170,228,0.37398373983739835,70
17K590,Medgar Evers College Preparatory School,17,17,429,159,2078,676,220,237,0.3706293706293706,71
02M418,Millennium High School,2,17,127,47,5541,2290,176,286,0.3700787401574803,72
02M600,The High School of Fashion Industries,2,17,38,14,2046,720,475,395,0.3684210526315789,73
03M541,Manhattan / Hunter Science High School,3,17,79,29,5406,2689,108,176,0.3670886075949367,74
05M362,Columbia Secondary School,5,17,30,11,4258,1769,112,175,0.36666666666666664,75
22K425,James Madison High School,22,17,400,140,6968,2801,837,940,0.35,76
02M408,Professional Performing Arts High School,2,17,32,11,1255,378,128,180,0.34375,77
01M450,East Side Community School,1,17,9,3,1142,328,95,117,0.3333333333333333,78
02M316,"Urban Assembly School of Business for Young Women, the",2,17,3,1,165,17,120,-2,0.3333333333333333,78
02M438,International High School at Union Square,2,17,3,1,501,103,68,75,0.3333333333333333,78
02M439,Manhattan Village Academy,2,17,45,15,3002,860,100,201,0.3333333333333333,78
02M449,Vanguard High School,2,17,3,1,701,134,110,158,0.3333333333333333,78
03M291,West End Secondary School,3,17,3,1,1209,392,105,146,0.3333333333333333,78
04M680,"Heritage School, The",4,17,3,1,482,60,80,-2,0.3333333333333333,78
05M148,Eagle Academy for Young Men of Harlem,5,17,3,1,257,46,120,88,0.3333333333333333,78
06M467,High School for Law and Public Service,6,17,3,1,643,95,167,84,0.3333333333333333,78
07X473,Mott Haven Village Preparatory High School,7,17,3,1,460,62,81,-2,0.3333333333333333,78
07X527,Bronx Leadership Academy II High School,7,17,3,1,911,103,131,-2,0.3333333333333333,78
07X548,Careers in Sports High School,7,17,3,1,1056,226,125,202,0.3333333333333333,78
09X505,"Bronx School for Law, Government and Justice",9,17,3,1,1132,259,120,154,0.3333333333333333,78
09X543,High School for Violin and Dance,9,17,3,1,149,19,108,-2,0.3333333333333333,78
10X237,"The Marie Curie High School for Medicine, Nursing, and Health Professions",10,17,3,1,334,46,135,-2,0.3333333333333333,78
10X437,Fordham High School for the Arts,10,17,3,1,1826,399,130,158,0.3333333333333333,78
10X440,DeWitt Clinton High School,10,17,3,1,2901,586,385,492,0.3333333333333333,78
12X267,Bronx Latin,12,17,3,1,841,149,81,113,0.3333333333333333,78
15K656,Brooklyn High School of the Arts,15,17,183,61,2104,574,254,272,0.3333333333333333,78
21K344,Rachel Carson High School for Coastal Studies,21,17,3,1,469,162,160,200,0.3333333333333333,78
24Q520,Middle College High School at LaGuardia Community College,24,17,6,2,1826,552,97,118,0.3333333333333333,78
24Q530,International High School at LaGuardia Community College,24,17,6,2,1236,505,119,114,0.3333333333333333,78
27Q475,Richmond Hill High School,27,17,3,1,1397,386,371,423,0.3333333333333333,78
29Q243,Institute for Health Professions at Cambria Heights,29,17,3,1,416,79,108,132,0.3333333333333333,78
29Q248,Queens Preparatory Academy,29,17,3,1,383,62,100,-2,0.3333333333333333,78
29Q326,Cambria Heights Academy,29,17,3,1,581,113,81,103,0.3333333333333333,78
30Q417,Gotham Tech High School,30,17,3,1,631,96,90,-2,0.3333333333333333,78
31R455,Tottenville High School,31,17,3,1,3274,1627,1158,1357,0.3333333333333333,78
31R460,Susan E. Wagner High School,31,17,3,1,2611,968,660,631,0.3333333333333333,78
02M546,Academy for Software Engineering,2,17,37,12,1992,388,125,201,0.32432432432432434,107
21K525,Edward R. Murrow High School,21,17,312,99,6293,2283,933,1196,0.3173076923076923,108
02M519,Talent Unlimited High School,2,17,41,13,1599,468,152,213,0.3170731707317073,109
02M288,Food and Finance High School,2,17,19,6,1225,264,150,211,0.3157894736842105,110
02M411,Baruch College Campus High School,2,17,113,35,6773,2753,118,188,0.30973451327433627,111
02M414,N.Y.C. Museum School,2,17,43,13,3022,865,150,254,0.3023255813953488,112
19K660,W. H. Maxwell Career and Technical Education High School,19,17,27,8,991,185,305,164,0.2962962962962963,113
22K535,Leon M. Goldstein High School for the Sciences,22,17,103,30,3985,2007,258,429,0.2912621359223301,114
17K543,"Science, Technology and Research Early College High School at Erasmus",17,17,147,42,790,197,130,145,0.2857142857142857,115
17K600,Clara Barton High School,17,17,202,56,1276,355,434,-2,0.27722772277227725,116
02M507,Urban Assembly Gateway School for Technology,2,17,11,3,1299,278,108,146,0.2727272727272727,117
24Q610,Aviation Career & Technical Education High School,24,17,11,3,4123,1548,530,723,0.2727272727272727,117
01M448,University Neighborhood High School,1,17,41,11,2248,447,125,185,0.2682926829268293,119
13K595,Bedford Academy High School,13,17,324,85,2464,599,81,114,0.2623456790123457,120
13K483,The Urban Assembly School for Law and Justice,13,17,50,13,593,105,115,-2,0.26,121
17K408,Academy of Hospitality and Tourism,17,17,85,22,571,89,118,-2,0.25882352941176473,122
13K670,Benjamin Banneker Academy,13,17,264,68,1912,451,225,318,0.25757575757575757,123
02M412,N.Y.C. Lab School for Collaborative Studies,2,17,43,11,3134,1067,109,161,0.2558139534883721,124
02M419,Landmark High School,2,17,4,1,457,37,100,-2,0.25,125
11X275,High School of Computers and Technology,11,17,4,1,715,115,181,156,0.25,125
11X299,Astor Collegiate Academy,11,17,4,1,2199,342,120,189,0.25,125
19K659,Cypress Hills Collegiate Preparatory School,19,17,4,1,581,86,99,-2,0.25,125
27Q302,"Queens High School for Information, Research, and Technology",27,17,4,1,671,160,130,177,0.25,125
29Q283,Preparatory Academy for Writers: A College Board School,29,17,4,1,177,47,90,69,0.25,125
30Q450,Long Island City High School,30,17,4,1,1827,403,790,432,0.25,125
21K468,Kingsborough Early College School,21,17,89,22,1229,429,110,122,0.24719101123595505,132
02M294,Essex Street Academy,2,17,85,21,2478,562,90,125,0.24705882352941178,133
02M400,High School for Environmental Studies,2,17,25,6,2558,395,344,385,0.24,134
14K454,The Williamsburg High School of Art and Technology,14,17,35,8,893,129,116,120,0.22857142857142856,135
13K594,Gotham Professional Arts Academy,13,17,58,13,364,61,81,-2,0.22413793103448276,136
15K497,The Boerum Hill School for International Studies,15,17,67,15,801,155,125,-2,0.22388059701492538,137
26Q430,Francis Lewis High School,26,17,9,2,8708,3905,913,1030,0.2222222222222222,138
21K410,Abraham Lincoln High School,21,17,154,34,2225,539,741,604,0.22077922077922077,139
17K548,Brooklyn School for Music & Theatre,17,17,87,19,522,74,108,-2,0.21839080459770116,140
21K540,John Dewey High School,21,17,97,21,2573,622,553,577,0.21649484536082475,141
02M308,Lower Manhattan Arts Academy,2,17,14,3,524,69,95,-2,0.21428571428571427,142
02M543,New Design High School,2,17,14,3,852,157,125,145,0.21428571428571427,142
15K462,John Jay School for Law,15,17,111,23,1012,184,125,-2,0.2072072072072072,144
02M413,School of the Future High School,2,17,29,6,1741,485,108,152,0.20689655172413793,145
14K610,A-Tech High School,14,17,87,18,1273,264,224,243,0.20689655172413793,145
02M420,High School for Health Professions and Human Services,2,17,39,8,2991,776,477,590,0.20512820512820512,147
02M392,Manhattan Business Academy,2,17,15,3,1321,191,161,-2,0.2,148
11X544,High School for Contemporary Arts,11,17,5,1,607,55,240,-2,0.2,148
13K674,"City Polytechnic High School of Engineering, Architecture, and Technology",13,17,120,24,1239,274,108,160,0.2,148
19K615,Transit Tech Career and Technical Education High School,19,17,50,10,1168,225,315,-2,0.2,148
27Q650,"High School for Construction Trades, Engineering and Architecture",27,17,10,2,3028,1209,247,311,0.2,148
30Q575,Academy of American Studies,30,17,5,1,2727,819,170,224,0.2,148
17K382,Academy for College Preparation and Career Exploration: A College Board School,17,17,132,26,837,124,108,-2,0.19696969696969696,154
15K448,Brooklyn Collaborative Studies,15,17,41,8,693,99,90,110,0.1951219512195122,155
02M282,Urban Assembly Maker Academy,2,17,26,5,1074,175,150,216,0.19230769230769232,156
13K963,Design Works High School,13,17,42,8,607,86,81,-2,0.19047619047619047,157
02M551,Urban Assembly New York Harbor School,2,17,16,3,724,221,200,-2,0.1875,158
17K537,High School for Youth and Community Development at Erasmus,17,17,80,15,488,82,140,-2,0.1875,158
17K745,Brooklyn Institute for Liberal Arts,17,17,194,36,761,109,175,158,0.18556701030927836,160
15K429,Digital Arts and Cinema Technology High School,15,17,54,10,579,105,90,94,0.18518518518518517,161
02M605,Humanities Preparatory Academy,2,17,11,2,861,101,75,-2,0.18181818181818182,162
17K122,Pathways in Technology Early College High School (P-Tech),17,17,94,17,712,114,150,-2,0.18085106382978725,163
13K605,George Westinghouse Career and Technical Education High School,13,17,155,28,1254,203,254,194,0.18064516129032257,164
02M427,Manhattan Academy For Arts & Language,2,17,6,1,389,72,108,49,0.16666666666666666,165
02M432,Murray Hill Academy,2,17,6,1,558,76,90,-2,0.16666666666666666,165
03M492,"High School for Law, Advocacy and Community Justice",3,17,12,2,920,170,220,-2,0.16666666666666666,165
06M462,The College Academy,6,17,6,1,814,121,121,129,0.16666666666666666,165
21K690,Brooklyn Studio Secondary School,21,17,6,1,844,281,102,133,0.16666666666666666,165
24Q485,Grover Cleveland High School,24,17,6,1,1552,359,420,437,0.16666666666666666,165
24Q560,"Robert F. Wagner, Jr. Secondary School for Arts and Technology",24,17,6,1,1368,247,120,161,0.16666666666666666,165
24Q585,Maspeth High School,24,17,6,1,5045,1953,270,348,0.16666666666666666,165
27Q309,Academy of Medical Technology: A College Board School,27,17,6,1,626,120,105,109,0.16666666666666666,165
27Q480,John Adams High School,27,17,12,2,2490,480,636,644,0.16666666666666666,165
31R450,Curtis High School,31,17,6,1,1967,690,804,754,0.16666666666666666,165
32K545,EBC High School for Public Service - Bushwick,32,17,6,1,467,75,126,-2,0.16666666666666666,165
32K556,Bushwick Leaders High School for Academic Excellence,32,17,6,1,768,125,120,-2,0.16666666666666666,165
23K514,Frederick Douglass Academy VII High School,23,17,37,6,532,76,108,85,0.16216216216216217,178
04M555,Central Park East High School,4,17,19,3,4762,1538,125,215,0.15789473684210525,179
15K464,Park Slope Collegiate,15,17,64,10,613,115,102,130,0.15625,180
15K667,Sunset Park High School,15,17,64,10,989,260,354,-2,0.15625,180
23K493,Brooklyn Collegiate: A College Board School,23,17,64,10,727,113,120,-2,0.15625,180
02M280,Manhattan Early College School for Advertising,2,17,13,2,572,88,112,-2,0.15384615384615385,183
13K412,Brooklyn Community Arts & Media High School (BCAM),13,17,79,12,702,113,142,-2,0.1518987341772152,184
17K547,Brooklyn Academy of Science and the Environment,17,17,79,12,373,53,108,-2,0.1518987341772152,184
02M374,Gramercy Arts High School,2,17,20,3,1038,129,204,78,0.15,186
21K620,William E. Grady Career and Technical Education High School,21,17,40,6,970,205,305,214,0.15,186
17K539,High School for Service & Learning at Erasmus,17,17,61,9,296,35,108,98,0.14754098360655737,188
17K546,High School for Public Service: Heroes of Tomorrow,17,17,144,21,656,69,130,-2,0.14583333333333334,189
03M417,Frank McCourt High School,3,17,7,1,1253,345,120,170,0.14285714285714285,190
05M499,Frederick Douglass Academy,5,17,7,1,903,195,325,214,0.14285714285714285,190
08X312,Millennium Art Academy,8,17,7,1,625,136,112,117,0.14285714285714285,190
11X270,Academy for Scholarship and Entrepreneurship: A College Board School,11,17,7,1,775,148,120,-2,0.14285714285714285,190
13K350,Urban Assembly School of Music and Art,13,17,42,6,494,52,108,-2,0.14285714285714285,190
14K488,Brooklyn Preparatory High School,14,17,70,10,1061,174,153,-2,0.14285714285714285,190
24Q264,Academy of Finance and Enterprise,24,17,7,1,2163,546,124,151,0.14285714285714285,190
29Q259,Pathways College Preparatory School: A College Board School,29,17,7,1,440,145,186,167,0.14285714285714285,190
20K505,Franklin Delano Roosevelt High School,20,17,121,17,3723,924,710,852,0.14049586776859505,198
15K519,Cobble Hill School of American Studies,15,17,51,7,481,62,278,-2,0.13725490196078433,199
20K490,Fort Hamilton High School,20,17,59,8,4983,1995,883,903,0.13559322033898305,200
20K485,High School of Telecommunication Arts and Technology,20,17,67,9,2973,1210,310,363,0.13432835820895522,201
03M494,High School of Arts and Technology,3,17,15,2,1037,132,140,-2,0.13333333333333333,202
06M540,A. Philip Randolph Campus High School,6,17,15,2,2050,408,471,379,0.13333333333333333,202
16K455,Boys and Girls High School,16,17,78,10,712,68,369,96,0.1282051282051282,204
19K507,Performing Arts and Technology High School,19,17,63,8,1103,157,125,163,0.12698412698412698,205
02M139,Stephen T. Mather Building Arts & Craftsmanship High School,2,17,8,1,432,88,108,-2,0.125,206
02M395,A School Without Walls,2,17,8,1,178,36,100,-2,0.125,206
03M859,Special Music School,3,17,8,1,482,165,50,64,0.125,206
18K642,Urban Action Academy,18,17,8,1,231,44,107,-2,0.125,206
19K764,The Urban Assembly School for Collaborative Healthcare,19,17,8,1,419,71,81,-2,0.125,206
21K559,Life Academy High School for Film and Music,21,17,8,1,145,21,81,49,0.125,206
22K611,Origins High School,22,17,8,1,296,126,128,211,0.125,206
24Q600,Queens Technical High School,24,17,8,1,3942,1196,350,423,0.125,206
25Q425,John Bowne High School,25,17,8,1,3116,720,783,809,0.125,206
27Q400,August Martin High School,27,17,8,1,960,177,250,218,0.125,206
29Q313,Benjamin Franklin High School for Finance & Information Technology,29,17,16,2,735,122,108,-2,0.125,206
32K549,The Brooklyn School for Social Justice,32,17,8,1,425,47,120,-2,0.125,206
17K751,Academy for Health Careers,17,17,65,8,715,72,108,-2,0.12307692307692308,218
02M399,The High School For Language And Diplomacy,2,17,9,1,385,36,134,-2,0.1111111111111111,219
14K558,Williamsburg High School for Architecture and Design,14,17,54,6,1223,253,155,212,0.1111111111111111,219
24Q550,High School for Arts and Business,24,17,9,1,2257,552,191,255,0.1111111111111111,219
28Q284,York Early College Academy,28,17,9,1,1602,580,81,91,0.1111111111111111,219
28Q505,Hillcrest High School,28,17,9,1,2316,496,730,517,0.1111111111111111,219
17K528,The High School for Global Citizenship,17,17,129,14,524,55,100,63,0.10852713178294573,224
02M489,High School of Economics and Finance,2,17,19,2,1374,223,230,-2,0.10526315789473684,225
02M533,Union Square Academy for Health Sciences,2,17,19,2,834,154,163,143,0.10526315789473684,225
14K561,Williamsburg Preparatory School,14,17,58,6,1131,226,180,236,0.10344827586206896,227
02M425,Leadership and Public Service High School,2,17,10,1,387,36,145,52,0.1,228
20K609,Urban Assembly School for Leadership and Empowerment,20,17,10,1,278,74,100,132,0.1,228
30Q301,Academy for Careers in Television and Film,30,17,10,1,1410,330,151,200,0.1,228
20K445,New Utrecht High School,20,17,61,6,4568,1443,630,730,0.09836065573770492,231
16K498,Brooklyn High School for Law and Technology,16,17,105,10,1730,296,151,-2,0.09523809523809523,232
17K524,International High School at Prospect Heights,17,17,64,6,338,61,108,45,0.09375,233
02M298,Pace High School,2,17,22,2,1172,169,190,177,0.09090909090909091,234
02M393,Business Of Sports School,2,17,11,1,1151,248,129,210,0.09090909090909091,234
19K404,Academy for Young Writers,19,17,11,1,559,71,92,82,0.09090909090909091,234
29Q492,"Mathematics, Science Research and Technology Magnet High School",29,17,11,1,782,146,150,-2,0.09090909090909091,234
02M534,Harvest Collegiate High School,2,17,23,2,1116,115,116,-2,0.08695652173913043,238
14K474,PROGRESS High School for Professional Careers,14,17,12,1,506,81,153,-2,0.08333333333333333,239
18K576,Victory Collegiate High School,18,17,12,1,305,61,140,-2,0.08333333333333333,239
23K697,Teachers Preparatory High School,23,17,12,1,187,35,90,-2,0.08333333333333333,239
29Q498,"Health, Arts, Robotics, and Technology High School",29,17,12,1,1435,293,196,264,0.08333333333333333,239
32K554,All City Leadership Secondary School,32,17,24,2,911,247,62,62,0.08333333333333333,239
14K614,Young Women's Leadership School of Brooklyn,14,17,13,1,251,47,93,59,0.07692307692307693,244
13K419,"Science Skills Center High School for Science, Technology and the Creative Arts",13,17,107,8,909,111,258,143,0.07476635514018691,245
02M520,Murry Bergtraum High School for Business Careers,2,17,14,1,222,38,240,-2,0.07142857142857142,246
02M615,Chelsea Career and Technical Education High School,2,17,14,1,821,118,152,-2,0.07142857142857142,246
13K439,Brooklyn International High School,13,17,28,2,409,71,81,53,0.07142857142857142,246
14K071,Juan Morel Campos Secondary School,14,17,14,1,341,78,101,69,0.07142857142857142,246
21K572,Leaders High School,21,17,14,1,462,119,110,141,0.07142857142857142,246
04M495,Park East High School,4,17,29,2,2653,739,100,166,0.06896551724137931,251
03M415,Wadleigh Secondary School for the Performing & Visual Arts,3,17,15,1,826,130,128,-2,0.06666666666666667,252
02M580,Richard R. Green High School of Teaching,2,17,31,2,1291,154,160,-2,0.06451612903225806,253
02M305,"Urban Assembly Academy of Government and Law, The",2,17,16,1,573,75,100,-2,0.0625,254
18K569,Kurt Hahn Expeditionary Learning School,18,17,16,1,141,21,81,-2,0.0625,254
27Q260,Frederick Douglass Academy VI High School,27,17,16,1,482,71,121,-2,0.0625,254
28Q620,Thomas A. Edison Career and Technical Education High School,28,17,17,1,6131,2355,473,583,0.058823529411764705,257
14K478,"The High School for Enterprise, Business and Technology",14,17,56,3,1197,144,249,130,0.05357142857142857,258
18K617,High School for Innovation in Advertising and Media,18,17,20,1,522,101,81,91,0.05,259
19K510,World Academy for Total Community Health High School,19,17,21,1,417,29,98,-2,0.047619047619047616,260
21K348,High School of Sports Management,21,17,21,1,386,75,176,-2,0.047619047619047616,260
13K265,Dr. Susan S. McKinney Secondary School of the Arts,13,17,22,1,362,54,82,-2,0.045454545454545456,262
18K567,Brooklyn Theatre Arts High School,18,17,22,1,352,39,125,-2,0.045454545454545456,262
32K403,Academy for Excellence in Leadership,32,17,22,1,653,76,108,-2,0.045454545454545456,262
14K477,East Williamsburg Scholars Academy,14,17,23,1,650,90,234,-2,0.043478260869565216,265
19K618,Academy of Innovative Technology,19,17,23,1,1048,183,115,169,0.043478260869565216,265
32K552,The Academy of Urban Planning and Engineering,32,17,25,1,737,128,113,-2,0.04,267
16K688,The Brooklyn Academy of Global Finance,16,17,27,1,469,56,108,-2,0.037037037037037035,268
16K765,Nelson Mandela High School,16,17,27,1,250,25,114,-2,0.037037037037037035,268
19K639,Brooklyn Lab School,19,17,28,1,980,152,102,143,0.03571428571428571,270
13K527,Urban Assembly Institute of Math and Science for Young Women,13,17,29,1,237,54,81,60,0.034482758620689655,271
32K168,The Brooklyn School for Math and Research,32,17,29,1,710,99,108,148,0.034482758620689655,271
18K566,Brooklyn Community High School for Excellence and Equity,18,17,34,1,448,61,75,-2,0.029411764705882353,273
18K633,High School for Medical Professions,18,17,34,1,666,99,108,116,0.029411764705882353,273
15K463,Cyberarts Studio Academy,15,17,37,1,256,30,125,-2,0.02702702702702703,275
18K637,Academy for Conservation and the Environment,18,17,38,1,727,92,170,217,0.02631578947368421,276
18K563,It Takes a Village Academy,18,17,41,1,353,23,135,-2,0.024390243902439025,277
19K502,FDNY - Captain Vernon A. Richard High School for Fire and Life Safety,19,17,42,1,745,141,108,125,0.023809523809523808,278
18K629,Cultural Academy for the Arts and Sciences,18,17,51,1,567,70,116,80,0.0196078431372549,279
02M296,High School of Hospitality Management,2,18,2,2,269,35,135,-2,1.0,1
02M399,The High School For Language And Diplomacy,2,18,1,1,385,36,134,-2,1.0,278
02M419,Landmark High School,2,18,1,1,457,37,100,-2,1.0,278
02M427,Manhattan Academy For Arts & Language,2,18,1,1,389,72,108,49,1.0,278
02M507,Urban Assembly Gateway School for Technology,2,18,2,2,1299,278,108,146,1.0,1
02M529,Jacqueline Kennedy Onassis High School,2,18,1,1,534,81,204,-2,1.0,278
02M551,Urban Assembly New York Harbor School,2,18,3,3,724,221,200,-2,1.0,1
02M580,Richard R. Green High School of Teaching,2,18,2,2,1291,154,160,-2,1.0,1
05M304,Mott Hall High School,5,18,1,1,455,53,108,-2,1.0,278
05M369,Urban Assembly School for the Performing Arts,5,18,2,2,372,52,108,-2,1.0,1
06M462,The College Academy,6,18,1,1,814,121,121,129,1.0,278
06M552,Gregorio Luperon High School for Science and Mathematics,6,18,1,1,573,165,150,45,1.0,278
07X600,Alfred E. Smith Career and Technical Education High School,7,18,1,1,1126,227,189,193,1.0,278
08X269,Bronx Studio School for Writers and Artists,8,18,1,1,481,130,90,113,1.0,278
08X293,Renaissance High School for Musical Theater and the Arts,8,18,1,1,660,115,110,-2,1.0,278
09X231,Eagle Academy for Young Men,9,18,1,1,455,163,80,130,1.0,278
09X241,"Urban Assembly School for Applied Math and Science, The",9,18,1,1,561,117,90,99,1.0,278
09X260,Bronx Center for Science and Mathematics,9,18,1,1,2530,621,108,201,1.0,278
09X505,"Bronx School for Law, Government and Justice",9,18,1,1,1132,259,120,154,1.0,278
10X442,"Celia Cruz Bronx High School of Music, The",10,18,1,1,561,165,140,114,1.0,278
11X455,Harry S Truman High School,11,18,1,1,1891,390,913,-2,1.0,278
11X544,High School for Contemporary Arts,11,18,1,1,607,55,240,-2,1.0,278
12X242,Mott Hall V,12,18,1,1,1001,282,81,91,1.0,278
12X641,Bard High School Early College Bronx,12,18,2,2,1391,613,100,106,1.0,1
14K586,Lyons Community School,14,18,1,1,174,32,81,-2,1.0,278
24Q236,International High School for Health Sciences,24,18,1,1,485,112,81,68,1.0,278
24Q560,"Robert F. Wagner, Jr. Secondary School for Arts and Technology",24,18,1,1,1368,247,120,161,1.0,278
25Q241,Queens High School for Language Studies,25,18,1,1,371,90,125,76,1.0,278
25Q252,"Queens School of Inquiry, The",25,18,1,1,508,161,89,107,1.0,278
25Q281,East-West School of International Studies,25,18,1,1,766,290,89,113,1.0,278
25Q285,World Journalism Preparatory: A College Board School,25,18,1,1,448,162,90,139,1.0,278
26Q415,Benjamin N. Cardozo High School,26,18,1,1,4527,1666,684,926,1.0,278
26Q566,"Queens High School of Teaching, Liberal Arts and the Sciences",26,18,1,1,671,231,258,222,1.0,278
27Q302,"Queens High School for Information, Research, and Technology",27,18,1,1,671,160,130,177,1.0,278
27Q314,Epic High School - South,27,18,1,1,618,154,95,138,1.0,278
27Q324,Rockaway Park High School for Environmental Sustainability,27,18,2,2,164,25,108,51,1.0,1
28Q167,Metropolitan Expeditionary Learning School,28,18,1,1,1254,467,125,141,1.0,278
28Q310,Queens Collegiate: A College Board School,28,18,1,1,453,67,115,77,1.0,278
28Q328,High School for Community Leadership,28,18,1,1,671,160,150,231,1.0,278
28Q680,Queens Gateway to Health Sciences Secondary School,28,18,1,1,1238,384,108,147,1.0,278
28Q686,Queens Metropolitan High School,28,18,2,2,2321,931,279,279,1.0,1
29Q283,Preparatory Academy for Writers: A College Board School,29,18,1,1,177,47,90,69,1.0,278
30Q258,Energy Tech High School,30,18,1,1,1535,348,108,145,1.0,278
30Q286,"Young Women's Leadership School, Astoria",30,18,1,1,453,156,81,103,1.0,278
30Q450,Long Island City High School,30,18,1,1,1827,403,790,432,1.0,278
31R600,Ralph R. McKee Career and Technical Education High School,31,18,2,2,620,198,316,180,1.0,1
02M308,Lower Manhattan Arts Academy,2,18,3,2,524,69,95,-2,0.6666666666666666,10
02M414,N.Y.C. Museum School,2,18,3,2,3022,865,150,254,0.6666666666666666,10
19K409,East New York Family Academy,19,18,16,9,416,159,125,147,0.5625,12
01M450,East Side Community School,1,18,11,6,1142,328,95,117,0.5454545454545454,13
02M047,47 The American Sign Language and English Secondary School,2,18,6,3,318,55,69,-2,0.5,14
02M280,Manhattan Early College School for Advertising,2,18,6,3,572,88,112,-2,0.5,14
02M300,"Urban Assembly School of Design and Construction, The",2,18,2,1,346,43,108,-2,0.5,14
02M303,"Facing History School, The",2,18,2,1,421,87,107,-2,0.5,14
02M313,"James Baldwin School, The: A School for Expeditionary Learning",2,18,2,1,71,14,25,-2,0.5,14
02M394,Emma Lazarus High School,2,18,2,1,134,19,60,-1,0.5,14
02M407,Institute for Collaborative Education,2,18,6,3,836,263,61,73,0.5,14
02M422,Quest to Learn,2,18,2,1,177,27,108,41,0.5,14
02M542,Manhattan Bridges High School,2,18,2,1,904,224,172,95,0.5,14
03M307,"Urban Assembly School for Media Studies, The",3,18,2,1,328,71,126,109,0.5,14
03M402,The Urban Assembly School for Green Careers,3,18,2,1,494,39,120,45,0.5,14
03M494,High School of Arts and Technology,3,18,2,1,1037,132,140,-2,0.5,14
06M211,Inwood Early College for Health and Information Technologies,6,18,2,1,745,156,111,-2,0.5,14
06M293,City College Academy of the Arts,6,18,2,1,1028,337,81,95,0.5,14
07X259,"H.E.R.O. High (Health, Education, and Research Occupations High School)",7,18,2,1,862,174,250,182,0.5,14
07X473,Mott Haven Village Preparatory High School,7,18,2,1,460,62,81,-2,0.5,14
07X527,Bronx Leadership Academy II High School,7,18,2,1,911,103,131,-2,0.5,14
07X670,Health Opportunities High School,7,18,2,1,477,47,75,-2,0.5,14
08X367,"Archimedes Academy for Math, Science and Technology Applications",8,18,2,1,427,75,100,-2,0.5,14
08X405,Herbert H. Lehman High School,8,18,2,1,2078,405,528,479,0.5,14
09X517,Frederick Douglass Academy III Secondary School,9,18,2,1,404,35,108,-2,0.5,14
10X284,Bronx School of Law and Finance,10,18,2,1,558,58,130,-2,0.5,14
10X374,Knowledge and Power Preparatory Academy International High School (Kappa),10,18,2,1,2279,431,120,179,0.5,14
10X439,Bronx High School for Law and Community Service,10,18,2,1,1467,220,108,163,0.5,14
10X440,DeWitt Clinton High School,10,18,2,1,2901,586,385,492,0.5,14
11X270,Academy for Scholarship and Entrepreneurship: A College Board School,11,18,2,1,775,148,120,-2,0.5,14
11X275,High School of Computers and Technology,11,18,2,1,715,115,181,156,0.5,14
11X545,Bronx Aerospace High School,11,18,2,1,751,109,189,-2,0.5,14
21K572,Leaders High School,21,18,2,1,462,119,110,141,0.5,14
24Q264,Academy of Finance and Enterprise,24,18,2,1,2163,546,124,151,0.5,14
24Q455,Newtown High School,24,18,2,1,1328,243,419,346,0.5,14
24Q485,Grover Cleveland High School,24,18,2,1,1552,359,420,437,0.5,14
25Q460,Flushing High School,25,18,2,1,1592,289,419,419,0.5,14
26Q315,Business Technology Early College High School,26,18,2,1,1032,289,180,272,0.5,14
26Q495,Bayside High School,26,18,2,1,6914,2765,851,1041,0.5,14
28Q325,Hillside Arts & Letters Academy,28,18,2,1,520,82,108,133,0.5,14
28Q350,Jamaica Gateway to the Sciences,28,18,2,1,1005,210,150,184,0.5,14
28Q690,High School for Law Enforcement and Public Safety,28,18,2,1,396,91,165,109,0.5,14
29Q248,Queens Preparatory Academy,29,18,2,1,383,62,100,-2,0.5,14
29Q259,Pathways College Preparatory School: A College Board School,29,18,2,1,440,145,186,167,0.5,14
29Q265,Excelsior Preparatory High School,29,18,2,1,353,58,108,95,0.5,14
29Q272,George Washington Carver High School for the Sciences,29,18,2,1,590,92,93,-2,0.5,14
30Q417,Gotham Tech High School,30,18,2,1,631,96,90,-2,0.5,14
30Q575,Academy of American Studies,30,18,2,1,2727,819,170,224,0.5,14
31R445,Port Richmond High School,31,18,2,1,1267,334,564,435,0.5,14
31R460,Susan E. Wagner High School,31,18,2,1,2611,968,660,631,0.5,14
01M696,Bard High School Early College,1,18,76,37,3946,2196,125,198,0.4868421052631579,60
02M411,Baruch College Campus High School,2,18,52,24,6773,2753,118,188,0.46153846153846156,61
22K405,Midwood High School,22,18,925,420,11658,5495,910,1323,0.4540540540540541,62
02M282,Urban Assembly Maker Academy,2,18,18,8,1074,175,150,216,0.4444444444444444,63
02M489,High School of Economics and Finance,2,18,9,4,1374,223,230,-2,0.4444444444444444,63
04M555,Central Park East High School,4,18,9,4,4762,1538,125,215,0.4444444444444444,63
03M541,Manhattan / Hunter Science High School,3,18,65,28,5406,2689,108,176,0.4307692307692308,66
02M374,Gramercy Arts High School,2,18,7,3,1038,129,204,78,0.42857142857142855,67
02M615,Chelsea Career and Technical Education High School,2,18,7,3,821,118,152,-2,0.42857142857142855,67
03M479,Beacon High School,3,18,73,30,7891,4442,360,493,0.410958904109589,69
04M435,Manhattan Center for Science and Mathematics,4,18,32,13,5010,1993,440,709,0.40625,70
02M135,The Urban Assembly Early College High School for Emergency Medicine,2,18,5,2,510,116,122,-2,0.4,71
02M395,A School Without Walls,2,18,5,2,178,36,100,-2,0.4,71
30Q501,Frank Sinatra School of the Arts High School,30,18,25,10,3557,1643,236,416,0.4,71
01M539,"New Explorations into Science, Technology and Math High School",1,18,33,13,3743,2047,150,289,0.3939393939393939,74
28Q620,Thomas A. Edison Career and Technical Education High School,28,18,18,7,6131,2355,473,583,0.3888888888888889,75
25Q525,Townsend Harris High School,25,18,44,17,6780,4957,290,374,0.38636363636363635,76
02M408,Professional Performing Arts High School,2,18,13,5,1255,378,128,180,0.38461538461538464,77
22K555,Brooklyn College Academy,22,18,442,168,2698,911,170,228,0.38009049773755654,78
02M600,The High School of Fashion Industries,2,18,32,12,2046,720,475,395,0.375,79
24Q530,International High School at LaGuardia Community College,24,18,8,3,1236,505,119,114,0.375,79
17K590,Medgar Evers College Preparatory School,17,18,433,160,2078,676,220,237,0.3695150115473441,81
22K425,James Madison High School,22,18,610,224,6968,2801,837,940,0.36721311475409835,82
15K656,Brooklyn High School of the Arts,15,18,105,38,2104,574,254,272,0.3619047619047619,83
27Q650,"High School for Construction Trades, Engineering and Architecture",27,18,17,6,3028,1209,247,311,0.35294117647058826,84
02M416,Eleanor Roosevelt High School,2,18,74,26,7699,3749,136,224,0.35135135135135137,85
15K684,Millennium Brooklyn HS,15,18,286,100,5385,2365,178,252,0.34965034965034963,86
21K525,Edward R. Murrow High School,21,18,308,106,6293,2283,933,1196,0.34415584415584416,87
01M292,Orchard Collegiate Academy,1,18,3,1,280,71,90,-2,0.3333333333333333,88
01M515,Lower East Side Preparatory High School,1,18,3,1,317,89,75,-2,0.3333333333333333,88
02M260,The Clinton School,2,18,9,3,2837,1151,134,221,0.3333333333333333,88
02M305,"Urban Assembly Academy of Government and Law, The",2,18,9,3,573,75,100,-2,0.3333333333333333,88
02M316,"Urban Assembly School of Business for Young Women, the",2,18,3,1,165,17,120,-2,0.3333333333333333,88
02M400,High School for Environmental Studies,2,18,6,2,2558,395,344,385,0.3333333333333333,88
02M412,N.Y.C. Lab School for Collaborative Studies,2,18,9,3,3134,1067,109,161,0.3333333333333333,88
02M413,School of the Future High School,2,18,6,2,1741,485,108,152,0.3333333333333333,88
02M437,Hudson High School of Learning Technologies,2,18,3,1,353,48,119,-2,0.3333333333333333,88
02M438,International High School at Union Square,2,18,3,1,501,103,68,75,0.3333333333333333,88
02M449,Vanguard High School,2,18,3,1,701,134,110,158,0.3333333333333333,88
03M291,West End Secondary School,3,18,3,1,1209,392,105,146,0.3333333333333333,88
03M415,Wadleigh Secondary School for the Performing & Visual Arts,3,18,3,1,826,130,128,-2,0.3333333333333333,88
03M859,Special Music School,3,18,3,1,482,165,50,64,0.3333333333333333,88
05M362,Columbia Secondary School,5,18,15,5,4258,1769,112,175,0.3333333333333333,88
06M463,High School for Media and Communications,6,18,3,1,505,61,150,-2,0.3333333333333333,88
07X495,University Heights Secondary School,7,18,3,1,2181,787,140,203,0.3333333333333333,88
07X548,Careers in Sports High School,7,18,3,1,1056,226,125,202,0.3333333333333333,88
09X413,Bronx High School for Medical Science,9,18,3,1,1104,178,90,170,0.3333333333333333,88
09X543,High School for Violin and Dance,9,18,3,1,149,19,108,-2,0.3333333333333333,88
09X564,Claremont International HS,9,18,3,1,412,50,81,25,0.3333333333333333,88
11X249,Bronx Health Sciences High School,11,18,3,1,1270,225,200,261,0.3333333333333333,88
11X418,Bronx High School for the Visual Arts,11,18,3,1,951,168,102,136,0.3333333333333333,88
12X521,The Metropolitan Soundview High School,12,18,3,1,453,67,120,74,0.3333333333333333,88
25Q263,Flushing International High School,25,18,3,1,576,182,90,90,0.3333333333333333,88
25Q670,Robert F. Kennedy Community High School,25,18,3,1,1012,254,150,223,0.3333333333333333,88
26Q430,Francis Lewis High School,26,18,6,2,8708,3905,913,1030,0.3333333333333333,88
29Q243,Institute for Health Professions at Cambria Heights,29,18,3,1,416,79,108,132,0.3333333333333333,88
30Q445,William Cullen Bryant High School,30,18,3,1,1681,297,435,349,0.3333333333333333,88
31R440,New Dorp High School,31,18,3,1,2806,1011,668,887,0.3333333333333333,88
31R450,Curtis High School,31,18,3,1,1967,690,804,754,0.3333333333333333,88
32K554,All City Leadership Secondary School,32,18,36,12,911,247,62,62,0.3333333333333333,88
22K535,Leon M. Goldstein High School for the Sciences,22,18,197,64,3985,2007,258,429,0.3248730964467005,120
17K600,Clara Barton High School,17,18,252,81,1276,355,434,-2,0.32142857142857145,121
20K485,High School of Telecommunication Arts and Technology,20,18,22,7,2973,1210,310,363,0.3181818181818182,122
02M534,Harvest Collegiate High School,2,18,13,4,1116,115,116,-2,0.3076923076923077,123
02M533,Union Square Academy for Health Sciences,2,18,10,3,834,154,163,143,0.3,124
19K404,Academy for Young Writers,19,18,40,12,559,71,92,82,0.3,124
18K576,Victory Collegiate High School,18,18,113,31,305,61,140,-2,0.2743362831858407,126
02M630,Art and Design High School,2,18,46,12,3594,1359,385,523,0.2608695652173913,127
02M418,Millennium High School,2,18,66,17,5541,2290,176,286,0.25757575757575757,128
18K642,Urban Action Academy,18,18,121,31,231,44,107,-2,0.256198347107438,129
19K660,W. H. Maxwell Career and Technical Education High School,19,18,79,20,991,185,305,164,0.25316455696202533,130
01M448,University Neighborhood High School,1,18,12,3,2248,447,125,185,0.25,131
02M288,Food and Finance High School,2,18,12,3,1225,264,150,211,0.25,131
02M392,Manhattan Business Academy,2,18,8,2,1321,191,161,-2,0.25,131
02M420,High School for Health Professions and Human Services,2,18,48,12,2991,776,477,590,0.25,131
02M439,Manhattan Village Academy,2,18,12,3,3002,860,100,201,0.25,131
03M417,Frank McCourt High School,3,18,4,1,1253,345,120,170,0.25,131
03M492,"High School for Law, Advocacy and Community Justice",3,18,8,2,920,170,220,-2,0.25,131
06M467,High School for Law and Public Service,6,18,4,1,643,95,167,84,0.25,131
09X365,Academy for Language and Technology,9,18,4,1,773,224,92,89,0.25,131
10X225,Theatre Arts Production Company School,10,18,4,1,633,88,170,-2,0.25,131
10X433,High School for Teaching and the Professions,10,18,4,1,344,61,102,-2,0.25,131
13K483,The Urban Assembly School for Law and Justice,13,18,36,9,593,105,115,-2,0.25,131
15K463,Cyberarts Studio Academy,15,18,4,1,256,30,125,-2,0.25,131
27Q308,Robert H. Goddard High School of Communication Arts and Technology,27,18,4,1,1222,468,140,181,0.25,131
13K670,Benjamin Banneker Academy,13,18,285,71,1912,451,225,318,0.24912280701754386,145
21K410,Abraham Lincoln High School,21,18,195,48,2225,539,741,604,0.24615384615384617,146
17K543,"Science, Technology and Research Early College High School at Erasmus",17,18,155,38,790,197,130,145,0.24516129032258063,147
14K558,Williamsburg High School for Architecture and Design,14,18,49,12,1223,253,155,212,0.24489795918367346,148
13K595,Bedford Academy High School,13,18,336,80,2464,599,81,114,0.23809523809523808,149
14K610,A-Tech High School,14,18,77,18,1273,264,224,243,0.23376623376623376,150
23K644,Eagle Academy for Young Men II,23,18,58,13,554,179,92,139,0.22413793103448276,151
02M393,Business Of Sports School,2,18,9,2,1151,248,129,210,0.2222222222222222,152
18K633,High School for Medical Professions,18,18,190,41,666,99,108,116,0.21578947368421053,153
18K569,Kurt Hahn Expeditionary Learning School,18,18,62,13,141,21,81,-2,0.20967741935483872,154
15K464,Park Slope Collegiate,15,18,29,6,613,115,102,130,0.20689655172413793,155
17K382,Academy for College Preparation and Career Exploration: A College Board School,17,18,103,21,837,124,108,-2,0.20388349514563106,156
18K617,High School for Innovation in Advertising and Media,18,18,204,41,522,101,81,91,0.20098039215686275,157
02M459,Manhattan International High School,2,18,5,1,738,151,85,73,0.2,158
02M500,Unity Center for Urban Technologies,2,18,5,1,274,48,95,136,0.2,158
10X437,Fordham High School for the Arts,10,18,5,1,1826,399,130,158,0.2,158
14K614,Young Women's Leadership School of Brooklyn,14,18,30,6,251,47,93,59,0.2,158
17K547,Brooklyn Academy of Science and the Environment,17,18,45,9,373,53,108,-2,0.2,158
17K548,Brooklyn School for Music & Theatre,17,18,40,8,522,74,108,-2,0.2,158
19K583,Multicultural High School,19,18,5,1,320,88,111,64,0.2,158
20K505,Franklin Delano Roosevelt High School,20,18,110,22,3723,924,710,852,0.2,158
21K468,Kingsborough Early College School,21,18,103,20,1229,429,110,122,0.1941747572815534,166
15K462,John Jay School for Law,15,18,69,13,1012,184,125,-2,0.18840579710144928,167
02M298,Pace High School,2,18,16,3,1172,169,190,177,0.1875,168
21K540,John Dewey High School,21,18,141,26,2573,622,553,577,0.18439716312056736,169
02M376,NYC iSchool,2,18,11,2,2459,931,118,158,0.18181818181818182,170
24Q610,Aviation Career & Technical Education High School,24,18,11,2,4123,1548,530,723,0.18181818181818182,170
14K478,"The High School for Enterprise, Business and Technology",14,18,57,10,1197,144,249,130,0.17543859649122806,172
15K667,Sunset Park High School,15,18,40,7,989,260,354,-2,0.175,173
17K745,Brooklyn Institute for Liberal Arts,17,18,155,27,761,109,175,158,0.17419354838709677,174
13K674,"City Polytechnic High School of Engineering, Architecture, and Technology",13,18,111,19,1239,274,108,160,0.17117117117117117,175
16K498,Brooklyn High School for Law and Technology,16,18,147,25,1730,296,151,-2,0.17006802721088435,176
02M520,Murry Bergtraum High School for Business Careers,2,18,6,1,222,38,240,-2,0.16666666666666666,177
05M499,Frederick Douglass Academy,5,18,6,1,903,195,325,214,0.16666666666666666,177
06M468,High School for Health Careers and Sciences,6,18,6,1,822,121,268,-2,0.16666666666666666,177
06M540,A. Philip Randolph Campus High School,6,18,12,2,2050,408,471,379,0.16666666666666666,177
10X237,"The Marie Curie High School for Medicine, Nursing, and Health Professions",10,18,6,1,334,46,135,-2,0.16666666666666666,177
19K953,The East New York Arts and Civics High School,19,18,6,1,169,23,68,-2,0.16666666666666666,177
20K490,Fort Hamilton High School,20,18,42,7,4983,1995,883,903,0.16666666666666666,177
21K337,International High School at Lafayette,21,18,6,1,327,76,90,35,0.16666666666666666,177
21K344,Rachel Carson High School for Coastal Studies,21,18,6,1,469,162,160,200,0.16666666666666666,177
21K559,Life Academy High School for Film and Music,21,18,6,1,145,21,81,49,0.16666666666666666,177
26Q435,Martin Van Buren High School,26,18,6,1,1084,217,352,273,0.16666666666666666,177
27Q262,Channel View School for Research,27,18,6,1,755,267,194,212,0.16666666666666666,177
29Q327,Eagle Academy for Young Men III,29,18,6,1,324,112,120,-2,0.16666666666666666,177
30Q580,Baccalaureate School for Global Education,30,18,6,1,1732,937,97,94,0.16666666666666666,177
24Q600,Queens Technical High School,24,18,13,2,3942,1196,350,423,0.15384615384615385,191
13K605,George Westinghouse Career and Technical Education High School,13,18,99,15,1254,203,254,194,0.15151515151515152,192
20K445,New Utrecht High School,20,18,53,8,4568,1443,630,730,0.1509433962264151,193
17K546,High School for Public Service: Heroes of Tomorrow,17,18,121,18,656,69,130,-2,0.1487603305785124,194
17K122,Pathways in Technology Early College High School (P-Tech),17,18,90,13,712,114,150,-2,0.14444444444444443,195
02M543,New Design High School,2,18,7,1,852,157,125,145,0.14285714285714285,196
02M546,Academy for Software Engineering,2,18,28,4,1992,388,125,201,0.14285714285714285,196
18K637,Academy for Conservation and the Environment,18,18,196,28,727,92,170,217,0.14285714285714285,196
19K659,Cypress Hills Collegiate Preparatory School,19,18,7,1,581,86,99,-2,0.14285714285714285,196
19K683,School for Classics High School,19,18,7,1,229,54,108,-2,0.14285714285714285,196
24Q550,High School for Arts and Business,24,18,7,1,2257,552,191,255,0.14285714285714285,196
24Q585,Maspeth High School,24,18,7,1,5045,1953,270,348,0.14285714285714285,196
27Q260,Frederick Douglass Academy VI High School,27,18,7,1,482,71,121,-2,0.14285714285714285,196
27Q323,Scholars' Academy,27,18,7,1,1065,580,154,186,0.14285714285714285,196
27Q400,August Martin High School,27,18,7,1,960,177,250,218,0.14285714285714285,196
28Q440,Forest Hills High School,28,18,7,1,7184,2477,702,851,0.14285714285714285,196
18K629,Cultural Academy for the Arts and Sciences,18,18,122,17,567,70,116,80,0.13934426229508196,207
23K493,Brooklyn Collegiate: A College Board School,23,18,116,16,727,113,120,-2,0.13793103448275862,208
19K615,Transit Tech Career and Technical Education High School,19,18,60,8,1168,225,315,-2,0.13333333333333333,209
18K566,Brooklyn Community High School for Excellence and Equity,18,18,141,18,448,61,75,-2,0.1276595744680851,210
32K168,The Brooklyn School for Math and Research,32,18,55,7,710,99,108,148,0.12727272727272726,211
23K514,Frederick Douglass Academy VII High School,23,18,63,8,532,76,108,85,0.12698412698412698,212
02M432,Murray Hill Academy,2,18,8,1,558,76,90,-2,0.125,213
15K592,Khalil Gibran International Academy,15,18,8,1,101,19,81,-2,0.125,213
20K609,Urban Assembly School for Leadership and Empowerment,20,18,8,1,278,74,100,132,0.125,213
21K348,High School of Sports Management,21,18,8,1,386,75,176,-2,0.125,213
24Q520,Middle College High School at LaGuardia Community College,24,18,8,1,1826,552,97,118,0.125,213
28Q505,Hillcrest High School,28,18,8,1,2316,496,730,517,0.125,213
29Q313,Benjamin Franklin High School for Finance & Information Technology,29,18,8,1,735,122,108,-2,0.125,213
29Q492,"Mathematics, Science Research and Technology Magnet High School",29,18,16,2,782,146,150,-2,0.125,213
32K545,EBC High School for Public Service - Bushwick,32,18,8,1,467,75,126,-2,0.125,213
13K412,Brooklyn Community Arts & Media High School (BCAM),13,18,60,7,702,113,142,-2,0.11666666666666667,222
17K528,The High School for Global Citizenship,17,18,60,7,524,55,100,63,0.11666666666666667,222
14K488,Brooklyn Preparatory High School,14,18,61,7,1061,174,153,-2,0.11475409836065574,224
18K567,Brooklyn Theatre Arts High School,18,18,89,10,352,39,125,-2,0.11235955056179775,225
13K419,"Science Skills Center High School for Science, Technology and the Creative Arts",13,18,98,11,909,111,258,143,0.11224489795918367,226
02M425,Leadership and Public Service High School,2,18,9,1,387,36,145,52,0.1111111111111111,227
13K439,Brooklyn International High School,13,18,27,3,409,71,81,53,0.1111111111111111,227
14K071,Juan Morel Campos Secondary School,14,18,9,1,341,78,101,69,0.1111111111111111,227
25Q425,John Bowne High School,25,18,9,1,3116,720,783,809,0.1111111111111111,227
28Q284,York Early College Academy,28,18,9,1,1602,580,81,91,0.1111111111111111,227
19K507,Performing Arts and Technology High School,19,18,73,8,1103,157,125,163,0.1095890410958904,232
19K502,FDNY - Captain Vernon A. Richard High School for Fire and Life Safety,19,18,55,6,745,141,108,125,0.10909090909090909,233
16K455,Boys and Girls High School,16,18,83,9,712,68,369,96,0.10843373493975904,234
17K537,High School for Youth and Community Development at Erasmus,17,18,65,7,488,82,140,-2,0.1076923076923077,235
02M294,Essex Street Academy,2,18,20,2,2478,562,90,125,0.1,236
02M605,Humanities Preparatory Academy,2,18,10,1,861,101,75,-2,0.1,236
13K963,Design Works High School,13,18,10,1,607,86,81,-2,0.1,236
21K690,Brooklyn Studio Secondary School,21,18,10,1,844,281,102,133,0.1,236
30Q301,Academy for Careers in Television and Film,30,18,11,1,1410,330,151,200,0.09090909090909091,240
04M495,Park East High School,4,18,12,1,2653,739,100,166,0.08333333333333333,241
13K527,Urban Assembly Institute of Math and Science for Young Women,13,18,12,1,237,54,81,60,0.08333333333333333,241
14K474,PROGRESS High School for Professional Careers,14,18,12,1,506,81,153,-2,0.08333333333333333,241
29Q498,"Health, Arts, Robotics, and Technology High School",29,18,12,1,1435,293,196,264,0.08333333333333333,241
32K549,The Brooklyn School for Social Justice,32,18,12,1,425,47,120,-2,0.08333333333333333,241
14K454,The Williamsburg High School of Art and Technology,14,18,25,2,893,129,116,120,0.08,246
17K751,Academy for Health Careers,17,18,76,6,715,72,108,-2,0.07894736842105263,247
14K477,East Williamsburg Scholars Academy,14,18,13,1,650,90,234,-2,0.07692307692307693,248
19K764,The Urban Assembly School for Collaborative Healthcare,19,18,14,1,419,71,81,-2,0.07142857142857142,249
23K697,Teachers Preparatory High School,23,18,14,1,187,35,90,-2,0.07142857142857142,249
32K556,Bushwick Leaders High School for Academic Excellence,32,18,14,1,768,125,120,-2,0.07142857142857142,249
27Q309,Academy of Medical Technology: A College Board School,27,18,15,1,626,120,105,109,0.06666666666666667,252
15K497,The Boerum Hill School for International Studies,15,18,16,1,801,155,125,-2,0.0625,253
16K765,Nelson Mandela High School,16,18,18,1,250,25,114,-2,0.05555555555555555,254
02M519,Talent Unlimited High School,2,18,19,1,1599,468,152,213,0.05263157894736842,255
19K422,Spring Creek Community School,19,18,20,1,341,50,73,-2,0.05,256
22K611,Origins High School,22,18,20,1,296,126,128,211,0.05,256
13K265,Dr. Susan S. McKinney Secondary School of the Arts,13,18,21,1,362,54,82,-2,0.047619047619047616,258
15K519,Cobble Hill School of American Studies,15,18,21,1,481,62,278,-2,0.047619047619047616,258
24Q299,Bard High School Early College Queens,24,18,21,1,3866,2227,125,166,0.047619047619047616,258
13K350,Urban Assembly School of Music and Art,13,18,23,1,494,52,108,-2,0.043478260869565216,261
15K448,Brooklyn Collaborative Studies,15,18,24,1,693,99,90,110,0.041666666666666664,262
17K524,International High School at Prospect Heights,17,18,24,1,338,61,108,45,0.041666666666666664,262
19K639,Brooklyn Lab School,19,18,49,2,980,152,102,143,0.04081632653061224,264
15K429,Digital Arts and Cinema Technology High School,15,18,26,1,579,105,90,94,0.038461538461538464,265
19K618,Academy of Innovative Technology,19,18,26,1,1048,183,115,169,0.038461538461538464,265
13K594,Gotham Professional Arts Academy,13,18,27,1,364,61,81,-2,0.037037037037037035,267
32K403,Academy for Excellence in Leadership,32,18,28,1,653,76,108,-2,0.03571428571428571,268
19K510,World Academy for Total Community Health High School,19,18,32,1,417,29,98,-2,0.03125,269
17K408,Academy of Hospitality and Tourism,17,18,33,1,571,89,118,-2,0.030303030303030304,270
32K552,The Academy of Urban Planning and Engineering,32,18,34,1,737,128,113,-2,0.029411764705882353,271
27Q480,John Adams High School,27,18,37,1,2490,480,636,644,0.02702702702702703,272
16K688,The Brooklyn Academy of Global Finance,16,18,39,1,469,56,108,-2,0.02564102564102564,273
21K620,William E. Grady Career and Technical Education High School,21,18,44,1,970,205,305,214,0.022727272727272728,274
14K561,Williamsburg Preparatory School,14,18,50,1,1131,226,180,236,0.02,275
17K539,High School for Service & Learning at Erasmus,17,18,54,1,296,35,108,98,0.018518518518518517,276
18K563,It Takes a Village Academy,18,18,115,1,353,23,135,-2,0.008695652173913044,277
01M458,Forsyth Satellite Academy,1,19,1,1,60,12,28,-2,1.0,328
02M303,"Facing History School, The",2,19,1,1,421,87,107,-2,1.0,328
02M313,"James Baldwin School, The: A School for Expeditionary Learning",2,19,1,1,71,14,25,-2,1.0,328
02M427,Manhattan Academy For Arts & Language,2,19,1,1,389,72,108,49,1.0,328
02M655,The High School for Climate Justice,2,19,1,1,298,60,152,105,1.0,328
03M299,The Maxine Greene HS for Imaginative Inquiry,3,19,1,1,77,10,120,-2,1.0,328
03M307,"Urban Assembly School for Media Studies, The",3,19,1,1,328,71,126,109,1.0,328
03M402,The Urban Assembly School for Green Careers,3,19,1,1,494,39,120,45,1.0,328
03M417,Frank McCourt High School,3,19,1,1,1253,345,120,170,1.0,328
03M610,Young Women's Leadership School,3,19,2,2,370,113,81,-2,1.0,1
04M680,"Heritage School, The",4,19,1,1,482,60,80,-2,1.0,328
05M148,Eagle Academy for Young Men of Harlem,5,19,2,2,257,46,120,88,1.0,1
06M346,Community Health Academy of the Heights,6,19,1,1,586,143,75,93,1.0,328
06M462,The College Academy,6,19,2,2,814,121,121,129,1.0,1
07X223,The Laboratory School of Finance and Technology: X223,7,19,1,1,980,230,89,93,1.0,328
07X473,Mott Haven Village Preparatory High School,7,19,1,1,460,62,81,-2,1.0,328
07X495,University Heights Secondary School,7,19,1,1,2181,787,140,203,1.0,328
07X670,Health Opportunities High School,7,19,1,1,477,47,75,-2,1.0,328
08X269,Bronx Studio School for Writers and Artists,8,19,1,1,481,130,90,113,1.0,328
08X376,Antonia Pantoja Preparatory Academy: A College Board School,8,19,1,1,308,82,84,104,1.0,328
08X636,Virtual Innovators Academy,8,19,2,2,113,31,80,-2,1.0,1
09X227,Bronx Collegiate Academy,9,19,1,1,1201,163,120,173,1.0,328
09X260,Bronx Center for Science and Mathematics,9,19,2,2,2530,621,108,201,1.0,1
09X263,Validus Preparatory Academy,9,19,1,1,264,33,90,-2,1.0,328
09X327,Comprehensive Model School Project M.S. 327,9,19,1,1,706,224,90,103,1.0,328
09X365,Academy for Language and Technology,9,19,2,2,773,224,92,89,1.0,1
09X543,High School for Violin and Dance,9,19,1,1,149,19,108,-2,1.0,328
09X564,Claremont International HS,9,19,1,1,412,50,81,25,1.0,328
10X225,Theatre Arts Production Company School,10,19,1,1,633,88,170,-2,1.0,328
10X228,Jonas Bronck Academy,10,19,1,1,372,91,90,-2,1.0,328
10X243,West Bronx Academy for the Future,10,19,1,1,917,136,90,109,1.0,328
10X353,World View High School,10,19,1,1,1343,263,150,195,1.0,328
10X437,Fordham High School for the Arts,10,19,1,1,1826,399,130,158,1.0,328
11X508,Bronxdale High School,11,19,1,1,1828,267,129,190,1.0,328
11X509,High School of Language and Innovation,11,19,1,1,299,56,108,36,1.0,328
12X242,Mott Hall V,12,19,1,1,1001,282,81,91,1.0,328
12X248,"Metropolitan High School, The",12,19,1,1,228,33,151,-2,1.0,328
12X251,Explorations Academy H.S.,12,19,1,1,476,39,117,-2,1.0,328
12X267,Bronx Latin,12,19,1,1,841,149,81,113,1.0,328
12X478,The Cinema School,12,19,1,1,618,139,81,117,1.0,328
12X521,The Metropolitan Soundview High School,12,19,1,1,453,67,120,74,1.0,328
12X684,Wings Academy,12,19,1,1,370,63,150,86,1.0,328
20K609,Urban Assembly School for Leadership and Empowerment,20,19,1,1,278,74,100,132,1.0,328
25Q240,Veritas Academy,25,19,1,1,526,96,130,-2,1.0,328
25Q241,Queens High School for Language Studies,25,19,1,1,371,90,125,76,1.0,328
25Q252,"Queens School of Inquiry, The",25,19,1,1,508,161,89,107,1.0,328
25Q263,Flushing International High School,25,19,1,1,576,182,90,90,1.0,328
26Q415,Benjamin N. Cardozo High School,26,19,1,1,4527,1666,684,926,1.0,328
27Q351,Rockaway Collegiate High School,27,19,3,3,258,71,135,-2,1.0,1
29Q283,Preparatory Academy for Writers: A College Board School,29,19,1,1,177,47,90,69,1.0,328
29Q326,Cambria Heights Academy,29,19,1,1,581,113,81,103,1.0,328
30Q367,Motion Picture Tech High School,30,19,1,1,538,133,200,-2,1.0,328
30Q555,Newcomers High School,30,19,1,1,559,166,81,107,1.0,328
31R028,The Eagle Academy for Young Men of Staten Island,31,19,1,1,94,26,81,-2,1.0,328
31R440,New Dorp High School,31,19,1,1,2806,1011,668,887,1.0,328
25Q525,Townsend Harris High School,25,19,113,65,6780,4957,290,374,0.5752212389380531,8
01M292,Orchard Collegiate Academy,1,19,2,1,280,71,90,-2,0.5,9
02M407,Institute for Collaborative Education,2,19,2,1,836,263,61,73,0.5,9
02M586,Harvey Milk High School,2,19,2,1,40,3,45,-1,0.5,9
03M291,West End Secondary School,3,19,2,1,1209,392,105,146,0.5,9
03M403,The Global Learning Collaborative,3,19,4,2,754,90,108,-2,0.5,9
04M372,Esperanza Preparatory Academy,4,19,2,1,322,114,106,120,0.5,9
06M211,Inwood Early College for Health and Information Technologies,6,19,2,1,745,156,111,-2,0.5,9
06M348,Washington Heights Expeditionary Learning School,6,19,2,1,689,175,100,115,0.5,9
06M463,High School for Media and Communications,6,19,2,1,505,61,150,-2,0.5,9
06M552,Gregorio Luperon High School for Science and Mathematics,6,19,2,1,573,165,150,45,0.5,9
07X221,South Bronx Preparatory: A College Board School,7,19,2,1,782,161,123,148,0.5,9
08X312,Millennium Art Academy,8,19,2,1,625,136,112,117,0.5,9
08X405,Herbert H. Lehman High School,8,19,2,1,2078,405,528,479,0.5,9
08X530,Longwood Preparatory Academy,8,19,2,1,649,115,120,143,0.5,9
09X241,"Urban Assembly School for Applied Math and Science, The",9,19,2,1,561,117,90,99,0.5,9
09X250,Eximius College Preparatory Academy: A College Board School,9,19,2,1,761,90,108,-2,0.5,9
09X329,DreamYard Preparatory School,9,19,2,1,522,57,108,64,0.5,9
09X412,Bronx High School of Business,9,19,2,1,765,66,120,-2,0.5,9
09X413,Bronx High School for Medical Science,9,19,2,1,1104,178,90,170,0.5,9
09X517,Frederick Douglass Academy III Secondary School,9,19,2,1,404,35,108,-2,0.5,9
10X213,Bronx Engineering and Technology Academy,10,19,2,1,754,115,142,-2,0.5,9
10X237,"The Marie Curie High School for Medicine, Nursing, and Health Professions",10,19,2,1,334,46,135,-2,0.5,9
10X374,Knowledge and Power Preparatory Academy International High School (Kappa),10,19,2,1,2279,431,120,179,0.5,9
10X434,Belmont Preparatory High School,10,19,2,1,1447,203,108,176,0.5,9
10X438,Fordham Leadership Academy,10,19,2,1,2416,416,108,155,0.5,9
10X439,Bronx High School for Law and Community Service,10,19,2,1,1467,220,108,163,0.5,9
11X249,Bronx Health Sciences High School,11,19,2,1,1270,225,200,261,0.5,9
11X290,Bronx Academy of Health Careers,11,19,2,1,897,90,108,-2,0.5,9
11X545,Bronx Aerospace High School,11,19,2,1,751,109,189,-2,0.5,9
12X511,Bronx Envision Academy,12,19,2,1,459,44,108,-2,0.5,9
12X641,Bard High School Early College Bronx,12,19,2,1,1391,613,100,106,0.5,9
21K344,Rachel Carson High School for Coastal Studies,21,19,2,1,469,162,160,200,0.5,9
24Q267,High School of Applied Communication,24,19,2,1,557,75,145,-2,0.5,9
24Q296,Pan American International High School,24,19,2,1,508,166,108,28,0.5,9
25Q281,East-West School of International Studies,25,19,2,1,766,290,89,113,0.5,9
25Q285,World Journalism Preparatory: A College Board School,25,19,2,1,448,162,90,139,0.5,9
26Q495,Bayside High School,26,19,2,1,6914,2765,851,1041,0.5,9
29Q248,Queens Preparatory Academy,29,19,2,1,383,62,100,-2,0.5,9
29Q265,Excelsior Preparatory High School,29,19,2,1,353,58,108,95,0.5,9
30Q286,"Young Women's Leadership School, Astoria",30,19,2,1,453,156,81,103,0.5,9
30Q417,Gotham Tech High School,30,19,2,1,631,96,90,-2,0.5,9
30Q502,Information Technology High School,30,19,2,1,944,190,227,-2,0.5,9
31R460,Susan E. Wagner High School,31,19,2,1,2611,968,660,631,0.5,9
01M696,Bard High School Early College,1,19,110,51,3946,2196,125,198,0.4636363636363636,52
01M539,"New Explorations into Science, Technology and Math High School",1,19,63,28,3743,2047,150,289,0.4444444444444444,53
03M479,Beacon High School,3,19,131,53,7891,4442,360,493,0.40458015267175573,54
24Q299,Bard High School Early College Queens,24,19,89,36,3866,2227,125,166,0.4044943820224719,55
03M859,Special Music School,3,19,5,2,482,165,50,64,0.4,56
04M555,Central Park East High School,4,19,30,12,4762,1538,125,215,0.4,56
19K409,East New York Family Academy,19,19,312,123,416,159,125,147,0.3942307692307692,58
30Q501,Frank Sinatra School of the Arts High School,30,19,69,27,3557,1643,236,416,0.391304347826087,59
03M541,Manhattan / Hunter Science High School,3,19,79,30,5406,2689,108,176,0.379746835443038,60
02M600,The High School of Fashion Industries,2,19,87,33,2046,720,475,395,0.3793103448275862,61
30Q580,Baccalaureate School for Global Education,30,19,16,6,1732,937,97,94,0.375,62
02M376,NYC iSchool,2,19,31,11,2459,931,118,158,0.3548387096774194,63
22K405,Midwood High School,22,19,492,166,11658,5495,910,1323,0.33739837398373984,64
15K684,Millennium Brooklyn HS,15,19,235,79,5385,2365,178,252,0.33617021276595743,65
02M139,Stephen T. Mather Building Arts & Craftsmanship High School,2,19,9,3,432,88,108,-2,0.3333333333333333,66
02M422,Quest to Learn,2,19,3,1,177,27,108,41,0.3333333333333333,66
02M605,Humanities Preparatory Academy,2,19,6,2,861,101,75,-2,0.3333333333333333,66
03M860,Frederick Douglass Academy II Secondary School,3,19,3,1,309,55,95,105,0.3333333333333333,66
05M670,Thurgood Marshall Academy for Learning and Social Change,5,19,3,1,340,71,108,-2,0.3333333333333333,66
07X259,"H.E.R.O. High (Health, Education, and Research Occupations High School)",7,19,3,1,862,174,250,182,0.3333333333333333,66
07X500,Hostos-Lincoln Academy of Science,7,19,3,1,751,158,81,121,0.3333333333333333,66
08X293,Renaissance High School for Musical Theater and the Arts,8,19,3,1,660,115,110,-2,0.3333333333333333,66
08X349,Bronx River High School,8,19,3,1,1172,196,108,168,0.3333333333333333,66
09X505,"Bronx School for Law, Government and Justice",9,19,3,1,1132,259,120,154,0.3333333333333333,66
09X525,Bronx Leadership Academy High School,9,19,3,1,1027,107,105,123,0.3333333333333333,66
10X264,Bronx Academy for Software Engineering (BASE),10,19,3,1,1199,175,120,165,0.3333333333333333,66
10X565,High School for Energy and Technology,10,19,3,1,503,51,120,-2,0.3333333333333333,66
11X288,Collegiate Institute for Math and Science,11,19,3,1,1764,317,133,200,0.3333333333333333,66
11X418,Bronx High School for the Visual Arts,11,19,3,1,951,168,102,136,0.3333333333333333,66
15K592,Khalil Gibran International Academy,15,19,3,1,101,19,81,-2,0.3333333333333333,66
24Q293,Civic Leadership Academy,24,19,3,1,1157,291,142,191,0.3333333333333333,66
31R455,Tottenville High School,31,19,3,1,3274,1627,1158,1357,0.3333333333333333,66
27Q650,"High School for Construction Trades, Engineering and Architecture",27,19,263,86,3028,1209,247,311,0.3269961977186312,84
27Q323,Scholars' Academy,27,19,34,11,1065,580,154,186,0.3235294117647059,85
02M580,Richard R. Green High School of Teaching,2,19,31,10,1291,154,160,-2,0.3225806451612903,86
24Q585,Maspeth High School,24,19,81,26,5045,1953,270,348,0.32098765432098764,87
28Q167,Metropolitan Expeditionary Learning School,28,19,25,8,1254,467,125,141,0.32,88
01M450,East Side Community School,1,19,16,5,1142,328,95,117,0.3125,89
02M519,Talent Unlimited High School,2,19,26,8,1599,468,152,213,0.3076923076923077,90
19K683,School for Classics High School,19,19,150,46,229,54,108,-2,0.30666666666666664,91
17K590,Medgar Evers College Preparatory School,17,19,217,65,2078,676,220,237,0.2995391705069124,92
20K485,High School of Telecommunication Arts and Technology,20,19,27,8,2973,1210,310,363,0.2962962962962963,93
15K656,Brooklyn High School of the Arts,15,19,196,58,2104,574,254,272,0.29591836734693877,94
28Q686,Queens Metropolitan High School,28,19,45,13,2321,931,279,279,0.28888888888888886,95
02M411,Baruch College Campus High School,2,19,97,28,6773,2753,118,188,0.28865979381443296,96
02M414,N.Y.C. Museum School,2,19,21,6,3022,865,150,254,0.2857142857142857,97
02M449,Vanguard High School,2,19,7,2,701,134,110,158,0.2857142857142857,97
05M362,Columbia Secondary School,5,19,35,10,4258,1769,112,175,0.2857142857142857,97
19K583,Multicultural High School,19,19,132,37,320,88,111,64,0.2803030303030303,100
27Q308,Robert H. Goddard High School of Communication Arts and Technology,27,19,132,37,1222,468,140,181,0.2803030303030303,100
02M418,Millennium High School,2,19,92,25,5541,2290,176,286,0.2717391304347826,102
26Q430,Francis Lewis High School,26,19,48,13,8708,3905,913,1030,0.2708333333333333,103
02M408,Professional Performing Arts High School,2,19,37,10,1255,378,128,180,0.2702702702702703,104
22K425,James Madison High School,22,19,248,67,6968,2801,837,940,0.2701612903225806,105
02M393,Business Of Sports School,2,19,26,7,1151,248,129,210,0.2692307692307692,106
02M545,High School for Dual Language and Asian Studies,2,19,15,4,769,299,108,150,0.26666666666666666,107
02M288,Food and Finance High School,2,19,36,9,1225,264,150,211,0.25,108
02M400,High School for Environmental Studies,2,19,4,1,2558,395,344,385,0.25,108
02M419,Landmark High School,2,19,4,1,457,37,100,-2,0.25,108
02M550,Liberty High School Academy for Newcomers,2,19,4,1,99,16,50,6,0.25,108
05M157,The Urban Assembly School for Global Commerce,5,19,4,1,207,26,81,-2,0.25,108
07X600,Alfred E. Smith Career and Technical Education High School,7,19,4,1,1126,227,189,193,0.25,108
10X440,DeWitt Clinton High School,10,19,4,1,2901,586,385,492,0.25,108
10X442,"Celia Cruz Bronx High School of Music, The",10,19,4,1,561,165,140,114,0.25,108
11X299,Astor Collegiate Academy,11,19,4,1,2199,342,120,189,0.25,108
21K410,Abraham Lincoln High School,21,19,218,54,2225,539,741,604,0.24770642201834864,117
23K644,Eagle Academy for Young Men II,23,19,98,24,554,179,92,139,0.24489795918367346,118
22K555,Brooklyn College Academy,22,19,164,40,2698,911,170,228,0.24390243902439024,119
15K429,Digital Arts and Cinema Technology High School,15,19,33,8,579,105,90,94,0.24242424242424243,120
27Q314,Epic High School - South,27,19,33,8,618,154,95,138,0.24242424242424243,120
24Q610,Aviation Career & Technical Education High School,24,19,62,15,4123,1548,530,723,0.24193548387096775,122
22K535,Leon M. Goldstein High School for the Sciences,22,19,87,21,3985,2007,258,429,0.2413793103448276,123
28Q440,Forest Hills High School,28,19,92,22,7184,2477,702,851,0.2391304347826087,124
14K474,PROGRESS High School for Professional Careers,14,19,77,18,506,81,153,-2,0.23376623376623376,125
04M435,Manhattan Center for Science and Mathematics,4,19,30,7,5010,1993,440,709,0.23333333333333334,126
17K543,"Science, Technology and Research Early College High School at Erasmus",17,19,69,16,790,197,130,145,0.2318840579710145,127
14K488,Brooklyn Preparatory High School,14,19,130,30,1061,174,153,-2,0.23076923076923078,128
01M448,University Neighborhood High School,1,19,35,8,2248,447,125,185,0.22857142857142856,129
14K071,Juan Morel Campos Secondary School,14,19,35,8,341,78,101,69,0.22857142857142856,129
02M282,Urban Assembly Maker Academy,2,19,22,5,1074,175,150,216,0.22727272727272727,131
02M630,Art and Design High School,2,19,132,30,3594,1359,385,523,0.22727272727272727,131
17K600,Clara Barton High School,17,19,141,32,1276,355,434,-2,0.22695035460992907,133
28Q620,Thomas A. Edison Career and Technical Education High School,28,19,129,29,6131,2355,473,583,0.2248062015503876,134
02M416,Eleanor Roosevelt High School,2,19,90,20,7699,3749,136,224,0.2222222222222222,135
02M534,Harvest Collegiate High School,2,19,9,2,1116,115,116,-2,0.2222222222222222,135
13K483,The Urban Assembly School for Law and Justice,13,19,95,21,593,105,115,-2,0.22105263157894736,137
13K670,Benjamin Banneker Academy,13,19,214,47,1912,451,225,318,0.21962616822429906,138
02M374,Gramercy Arts High School,2,19,41,9,1038,129,204,78,0.21951219512195122,139
02M543,New Design High School,2,19,41,9,852,157,125,145,0.21951219512195122,139
02M413,School of the Future High School,2,19,14,3,1741,485,108,152,0.21428571428571427,141
15K462,John Jay School for Law,15,19,70,15,1012,184,125,-2,0.21428571428571427,141
13K674,"City Polytechnic High School of Engineering, Architecture, and Technology",13,19,179,38,1239,274,108,160,0.2122905027932961,143
18K576,Victory Collegiate High School,18,19,43,9,305,61,140,-2,0.20930232558139536,144
16K765,Nelson Mandela High School,16,19,39,8,250,25,114,-2,0.20512820512820512,145
02M294,Essex Street Academy,2,19,44,9,2478,562,90,125,0.20454545454545456,146
02M305,"Urban Assembly Academy of Government and Law, The",2,19,49,10,573,75,100,-2,0.20408163265306123,147
19K502,FDNY - Captain Vernon A. Richard High School for Fire and Life Safety,19,19,294,60,745,141,108,125,0.20408163265306123,147
02M420,High School for Health Professions and Human Services,2,19,118,24,2991,776,477,590,0.2033898305084746,149
02M394,Emma Lazarus High School,2,19,5,1,134,19,60,-1,0.2,150
02M531,Repertory Company High School for Theatre Arts,2,19,5,1,365,100,60,68,0.2,150
02M551,Urban Assembly New York Harbor School,2,19,10,2,724,221,200,-2,0.2,150
04M495,Park East High School,4,19,15,3,2653,739,100,166,0.2,150
14K685,El Puente Academy for Peace and Justice,14,19,5,1,134,25,70,-2,0.2,150
24Q600,Queens Technical High School,24,19,45,9,3942,1196,350,423,0.2,150
14K558,Williamsburg High School for Architecture and Design,14,19,163,32,1223,253,155,212,0.19631901840490798,156
27Q334,Epic High School - North,27,19,51,10,735,169,70,91,0.19607843137254902,157
14K614,Young Women's Leadership School of Brooklyn,14,19,46,9,251,47,93,59,0.1956521739130435,158
13K265,Dr. Susan S. McKinney Secondary School of the Arts,13,19,41,8,362,54,82,-2,0.1951219512195122,159
13K595,Bedford Academy High School,13,19,293,57,2464,599,81,114,0.1945392491467577,160
19K618,Academy of Innovative Technology,19,19,339,65,1048,183,115,169,0.19174041297935104,161
19K615,Transit Tech Career and Technical Education High School,19,19,402,77,1168,225,315,-2,0.19154228855721392,162
27Q480,John Adams High School,27,19,325,62,2490,480,636,644,0.19076923076923077,163
17K537,High School for Youth and Community Development at Erasmus,17,19,53,10,488,82,140,-2,0.18867924528301888,164
24Q520,Middle College High School at LaGuardia Community College,24,19,16,3,1826,552,97,118,0.1875,165
02M298,Pace High School,2,19,43,8,1172,169,190,177,0.18604651162790697,166
19K660,W. H. Maxwell Career and Technical Education High School,19,19,329,61,991,185,305,164,0.18541033434650456,167
13K439,Brooklyn International High School,13,19,38,7,409,71,81,53,0.18421052631578946,168
18K617,High School for Innovation in Advertising and Media,18,19,116,21,522,101,81,91,0.1810344827586207,169
21K540,John Dewey High School,21,19,72,13,2573,622,553,577,0.18055555555555555,170
13K412,Brooklyn Community Arts & Media High School (BCAM),13,19,67,12,702,113,142,-2,0.1791044776119403,171
27Q475,Richmond Hill High School,27,19,96,17,1397,386,371,423,0.17708333333333334,172
19K639,Brooklyn Lab School,19,19,402,71,980,152,102,143,0.17661691542288557,173
17K122,Pathways in Technology Early College High School (P-Tech),17,19,109,19,712,114,150,-2,0.1743119266055046,174
21K525,Edward R. Murrow High School,21,19,118,20,6293,2283,933,1196,0.1694915254237288,175
19K422,Spring Creek Community School,19,19,254,43,341,50,73,-2,0.16929133858267717,176
14K610,A-Tech High School,14,19,154,26,1273,264,224,243,0.16883116883116883,177
02M047,47 The American Sign Language and English Secondary School,2,19,12,2,318,55,69,-2,0.16666666666666666,178
02M135,The Urban Assembly Early College High School for Emergency Medicine,2,19,24,4,510,116,122,-2,0.16666666666666666,178
02M529,Jacqueline Kennedy Onassis High School,2,19,18,3,534,81,204,-2,0.16666666666666666,178
05M499,Frederick Douglass Academy,5,19,6,1,903,195,325,214,0.16666666666666666,178
07X548,Careers in Sports High School,7,19,6,1,1056,226,125,202,0.16666666666666666,178
11X275,High School of Computers and Technology,11,19,6,1,715,115,181,156,0.16666666666666666,178
11X455,Harry S Truman High School,11,19,6,1,1891,390,913,-2,0.16666666666666666,178
21K337,International High School at Lafayette,21,19,6,1,327,76,90,35,0.16666666666666666,178
21K572,Leaders High School,21,19,6,1,462,119,110,141,0.16666666666666666,178
24Q455,Newtown High School,24,19,6,1,1328,243,419,346,0.16666666666666666,178
28Q310,Queens Collegiate: A College Board School,28,19,6,1,453,67,115,77,0.16666666666666666,178
31R445,Port Richmond High School,31,19,6,1,1267,334,564,435,0.16666666666666666,178
28Q505,Hillcrest High School,28,19,79,13,2316,496,730,517,0.16455696202531644,190
24Q485,Grover Cleveland High School,24,19,67,11,1552,359,420,437,0.16417910447761194,191
19K764,The Urban Assembly School for Collaborative Healthcare,19,19,197,32,419,71,81,-2,0.16243654822335024,192
02M489,High School of Economics and Finance,2,19,37,6,1374,223,230,-2,0.16216216216216217,193
32K554,All City Leadership Secondary School,32,19,99,16,911,247,62,62,0.16161616161616163,194
19K507,Performing Arts and Technology High School,19,19,373,59,1103,157,125,163,0.1581769436997319,195
20K505,Franklin Delano Roosevelt High School,20,19,76,12,3723,924,710,852,0.15789473684210525,196
32K545,EBC High School for Public Service - Bushwick,32,19,51,8,467,75,126,-2,0.1568627450980392,197
06M467,High School for Law and Public Service,6,19,13,2,643,95,167,84,0.15384615384615385,198
29Q498,"Health, Arts, Robotics, and Technology High School",29,19,59,9,1435,293,196,264,0.15254237288135594,199
32K556,Bushwick Leaders High School for Academic Excellence,32,19,126,19,768,125,120,-2,0.15079365079365079,200
18K629,Cultural Academy for the Arts and Sciences,18,19,80,12,567,70,116,80,0.15,201
24Q530,International High School at LaGuardia Community College,24,19,20,3,1236,505,119,114,0.15,201
32K552,The Academy of Urban Planning and Engineering,32,19,114,17,737,128,113,-2,0.14912280701754385,203
19K659,Cypress Hills Collegiate Preparatory School,19,19,303,45,581,86,99,-2,0.1485148514851485,204
14K561,Williamsburg Preparatory School,14,19,109,16,1131,226,180,236,0.14678899082568808,205
02M533,Union Square Academy for Health Sciences,2,19,48,7,834,154,163,143,0.14583333333333334,206
02M399,The High School For Language And Diplomacy,2,19,7,1,385,36,134,-2,0.14285714285714285,207
02M459,Manhattan International High School,2,19,7,1,738,151,85,73,0.14285714285714285,207
02M542,Manhattan Bridges High School,2,19,7,1,904,224,172,95,0.14285714285714285,207
06M293,City College Academy of the Arts,6,19,7,1,1028,337,81,95,0.14285714285714285,207
06M468,High School for Health Careers and Sciences,6,19,7,1,822,121,268,-2,0.14285714285714285,207
14K454,The Williamsburg High School of Art and Technology,14,19,98,14,893,129,116,120,0.14285714285714285,207
15K463,Cyberarts Studio Academy,15,19,7,1,256,30,125,-2,0.14285714285714285,207
24Q236,International High School for Health Sciences,24,19,7,1,485,112,81,68,0.14285714285714285,207
28Q325,Hillside Arts & Letters Academy,28,19,7,1,520,82,108,133,0.14285714285714285,207
30Q258,Energy Tech High School,30,19,7,1,1535,348,108,145,0.14285714285714285,207
30Q301,Academy for Careers in Television and Film,30,19,21,3,1410,330,151,200,0.14285714285714285,207
32K168,The Brooklyn School for Math and Research,32,19,124,17,710,99,108,148,0.13709677419354838,218
14K478,"The High School for Enterprise, Business and Technology",14,19,168,22,1197,144,249,130,0.13095238095238096,219
18K566,Brooklyn Community High School for Excellence and Equity,18,19,55,7,448,61,75,-2,0.12727272727272726,220
18K633,High School for Medical Professions,18,19,110,14,666,99,108,116,0.12727272727272726,220
02M296,High School of Hospitality Management,2,19,8,1,269,35,135,-2,0.125,222
02M500,Unity Center for Urban Technologies,2,19,8,1,274,48,95,136,0.125,222
05M369,Urban Assembly School for the Performing Arts,5,19,8,1,372,52,108,-2,0.125,222
07X522,Bronx Design and Construction Academy,7,19,8,1,677,112,140,91,0.125,222
19K404,Academy for Young Writers,19,19,296,37,559,71,92,82,0.125,222
20K445,New Utrecht High School,20,19,48,6,4568,1443,630,730,0.125,222
22K611,Origins High School,22,19,8,1,296,126,128,211,0.125,222
26Q566,"Queens High School of Teaching, Liberal Arts and the Sciences",26,19,8,1,671,231,258,222,0.125,222
27Q262,Channel View School for Research,27,19,8,1,755,267,194,212,0.125,222
30Q450,Long Island City High School,30,19,16,2,1827,403,790,432,0.125,222
17K548,Brooklyn School for Music & Theatre,17,19,65,8,522,74,108,-2,0.12307692307692308,232
16K498,Brooklyn High School for Law and Technology,16,19,246,30,1730,296,151,-2,0.12195121951219512,233
16K688,The Brooklyn Academy of Global Finance,16,19,50,6,469,56,108,-2,0.12,234
02M412,N.Y.C. Lab School for Collaborative Studies,2,19,17,2,3134,1067,109,161,0.11764705882352941,235
17K408,Academy of Hospitality and Tourism,17,19,68,8,571,89,118,-2,0.11764705882352941,235
14K477,East Williamsburg Scholars Academy,14,19,78,9,650,90,234,-2,0.11538461538461539,237
23K493,Brooklyn Collegiate: A College Board School,23,19,124,14,727,113,120,-2,0.11290322580645161,238
13K605,George Westinghouse Career and Technical Education High School,13,19,162,18,1254,203,254,194,0.1111111111111111,239
14K586,Lyons Community School,14,19,9,1,174,32,81,-2,0.1111111111111111,239
28Q350,Jamaica Gateway to the Sciences,28,19,9,1,1005,210,150,184,0.1111111111111111,239
28Q896,"Young Women's Leadership School, Queens",28,19,9,1,350,99,81,119,0.1111111111111111,239
32K549,The Brooklyn School for Social Justice,32,19,90,10,425,47,120,-2,0.1111111111111111,239
15K667,Sunset Park High School,15,19,19,2,989,260,354,-2,0.10526315789473684,244
18K567,Brooklyn Theatre Arts High School,18,19,57,6,352,39,125,-2,0.10526315789473684,244
02M280,Manhattan Early College School for Advertising,2,19,20,2,572,88,112,-2,0.1,246
02M316,"Urban Assembly School of Business for Young Women, the",2,19,10,1,165,17,120,-2,0.1,246
02M395,A School Without Walls,2,19,10,1,178,36,100,-2,0.1,246
02M437,Hudson High School of Learning Technologies,2,19,10,1,353,48,119,-2,0.1,246
11X544,High School for Contemporary Arts,11,19,10,1,607,55,240,-2,0.1,246
21K559,Life Academy High School for Film and Music,21,19,10,1,145,21,81,49,0.1,246
26Q435,Martin Van Buren High School,26,19,10,1,1084,217,352,273,0.1,246
29Q259,Pathways College Preparatory School: A College Board School,29,19,10,1,440,145,186,167,0.1,246
31R450,Curtis High School,31,19,10,1,1967,690,804,754,0.1,246
17K546,High School for Public Service: Heroes of Tomorrow,17,19,65,6,656,69,130,-2,0.09230769230769231,255
01M515,Lower East Side Preparatory High School,1,19,11,1,317,89,75,-2,0.09090909090909091,256
02M432,Murray Hill Academy,2,19,11,1,558,76,90,-2,0.09090909090909091,256
08X367,"Archimedes Academy for Math, Science and Technology Applications",8,19,11,1,427,75,100,-2,0.09090909090909091,256
11X270,Academy for Scholarship and Entrepreneurship: A College Board School,11,19,11,1,775,148,120,-2,0.09090909090909091,256
18K569,Kurt Hahn Expeditionary Learning School,18,19,11,1,141,21,81,-2,0.09090909090909091,256
17K751,Academy for Health Careers,17,19,113,10,715,72,108,-2,0.08849557522123894,261
03M492,"High School for Law, Advocacy and Community Justice",3,19,23,2,920,170,220,-2,0.08695652173913043,262
02M546,Academy for Software Engineering,2,19,82,7,1992,388,125,201,0.08536585365853659,263
02M438,International High School at Union Square,2,19,12,1,501,103,68,75,0.08333333333333333,264
27Q302,"Queens High School for Information, Research, and Technology",27,19,12,1,671,160,130,177,0.08333333333333333,264
30Q575,Academy of American Studies,30,19,12,1,2727,819,170,224,0.08333333333333333,264
13K419,"Science Skills Center High School for Science, Technology and the Creative Arts",13,19,109,9,909,111,258,143,0.08256880733944955,267
02M615,Chelsea Career and Technical Education High School,2,19,25,2,821,118,152,-2,0.08,268
17K382,Academy for College Preparation and Career Exploration: A College Board School,17,19,77,6,837,124,108,-2,0.07792207792207792,269
21K690,Brooklyn Studio Secondary School,21,19,13,1,844,281,102,133,0.07692307692307693,270
25Q460,Flushing High School,25,19,13,1,1592,289,419,419,0.07692307692307693,270
29Q243,Institute for Health Professions at Cambria Heights,29,19,13,1,416,79,108,132,0.07692307692307693,270
18K637,Academy for Conservation and the Environment,18,19,94,7,727,92,170,217,0.07446808510638298,273
23K514,Frederick Douglass Academy VII High School,23,19,152,11,532,76,108,85,0.07236842105263158,274
02M507,Urban Assembly Gateway School for Technology,2,19,15,1,1299,278,108,146,0.06666666666666667,275
24Q560,"Robert F. Wagner, Jr. Secondary School for Arts and Technology",24,19,15,1,1368,247,120,161,0.06666666666666667,275
29Q327,Eagle Academy for Young Men III,29,19,15,1,324,112,120,-2,0.06666666666666667,275
19K510,World Academy for Total Community Health High School,19,19,188,12,417,29,98,-2,0.06382978723404255,278
28Q690,High School for Law Enforcement and Public Safety,28,19,16,1,396,91,165,109,0.0625,279
02M439,Manhattan Village Academy,2,19,33,2,3002,860,100,201,0.06060606060606061,280
02M300,"Urban Assembly School of Design and Construction, The",2,19,17,1,346,43,108,-2,0.058823529411764705,281
02M520,Murry Bergtraum High School for Business Careers,2,19,17,1,222,38,240,-2,0.058823529411764705,281
25Q670,Robert F. Kennedy Community High School,25,19,17,1,1012,254,150,223,0.058823529411764705,281
28Q680,Queens Gateway to Health Sciences Secondary School,28,19,17,1,1238,384,108,147,0.058823529411764705,281
19K953,The East New York Arts and Civics High School,19,19,111,6,169,23,68,-2,0.05405405405405406,285
02M308,Lower Manhattan Arts Academy,2,19,19,1,524,69,95,-2,0.05263157894736842,286
02M392,Manhattan Business Academy,2,19,38,2,1321,191,161,-2,0.05263157894736842,286
29Q492,"Mathematics, Science Research and Technology Magnet High School",29,19,19,1,782,146,150,-2,0.05263157894736842,286
02M425,Leadership and Public Service High School,2,19,20,1,387,36,145,52,0.05,289
21K348,High School of Sports Management,21,19,20,1,386,75,176,-2,0.05,289
29Q313,Benjamin Franklin High School for Finance & Information Technology,29,19,20,1,735,122,108,-2,0.05,289
28Q328,High School for Community Leadership,28,19,21,1,671,160,150,231,0.047619047619047616,292
24Q264,Academy of Finance and Enterprise,24,19,44,2,2163,546,124,151,0.045454545454545456,293
28Q284,York Early College Academy,28,19,22,1,1602,580,81,91,0.045454545454545456,293
30Q445,William Cullen Bryant High School,30,19,22,1,1681,297,435,349,0.045454545454545456,293
16K455,Boys and Girls High School,16,19,135,6,712,68,369,96,0.044444444444444446,296
03M415,Wadleigh Secondary School for the Performing & Visual Arts,3,19,23,1,826,130,128,-2,0.043478260869565216,297
27Q260,Frederick Douglass Academy VI High School,27,19,23,1,482,71,121,-2,0.043478260869565216,297
29Q272,George Washington Carver High School for the Sciences,29,19,23,1,590,92,93,-2,0.043478260869565216,297
17K547,Brooklyn Academy of Science and the Environment,17,19,24,1,373,53,108,-2,0.041666666666666664,300
13K350,Urban Assembly School of Music and Art,13,19,49,2,494,52,108,-2,0.04081632653061224,301
15K464,Park Slope Collegiate,15,19,26,1,613,115,102,130,0.038461538461538464,302
02M260,The Clinton School,2,19,27,1,2837,1151,134,221,0.037037037037037035,303
13K594,Gotham Professional Arts Academy,13,19,27,1,364,61,81,-2,0.037037037037037035,303
17K539,High School for Service & Learning at Erasmus,17,19,27,1,296,35,108,98,0.037037037037037035,303
15K448,Brooklyn Collaborative Studies,15,19,28,1,693,99,90,110,0.03571428571428571,306
27Q309,Academy of Medical Technology: A College Board School,27,19,28,1,626,120,105,109,0.03571428571428571,306
06M540,A. Philip Randolph Campus High School,6,19,29,1,2050,408,471,379,0.034482758620689655,308
17K524,International High School at Prospect Heights,17,19,29,1,338,61,108,45,0.034482758620689655,308
03M494,High School of Arts and Technology,3,19,30,1,1037,132,140,-2,0.03333333333333333,310
13K527,Urban Assembly Institute of Math and Science for Young Women,13,19,31,1,237,54,81,60,0.03225806451612903,311
23K697,Teachers Preparatory High School,23,19,31,1,187,35,90,-2,0.03225806451612903,311
15K497,The Boerum Hill School for International Studies,15,19,32,1,801,155,125,-2,0.03125,313
26Q315,Business Technology Early College High School,26,19,32,1,1032,289,180,272,0.03125,313
24Q550,High School for Arts and Business,24,19,33,1,2257,552,191,255,0.030303030303030304,315
18K563,It Takes a Village Academy,18,19,34,1,353,23,135,-2,0.029411764705882353,316
21K468,Kingsborough Early College School,21,19,34,1,1229,429,110,122,0.029411764705882353,316
20K490,Fort Hamilton High School,20,19,36,1,4983,1995,883,903,0.027777777777777776,318
18K642,Urban Action Academy,18,19,37,1,231,44,107,-2,0.02702702702702703,319
13K963,Design Works High School,13,19,39,1,607,86,81,-2,0.02564102564102564,320
27Q400,August Martin High School,27,19,39,1,960,177,250,218,0.02564102564102564,320
17K528,The High School for Global Citizenship,17,19,40,1,524,55,100,63,0.025,322
15K519,Cobble Hill School of American Studies,15,19,41,1,481,62,278,-2,0.024390243902439025,323
21K620,William E. Grady Career and Technical Education High School,21,19,45,1,970,205,305,214,0.022222222222222223,324
25Q425,John Bowne High School,25,19,49,1,3116,720,783,809,0.02040816326530612,325
17K745,Brooklyn Institute for Liberal Arts,17,19,55,1,761,109,175,158,0.01818181818181818,326
32K403,Academy for Excellence in Leadership,32,19,86,1,653,76,108,-2,0.011627906976744186,327
01M292,Orchard Collegiate Academy,1,20,1,1,280,71,90,-2,1.0,243
01M458,Forsyth Satellite Academy,1,20,1,1,60,12,28,-2,1.0,243
02M047,47 The American Sign Language and English Secondary School,2,20,1,1,318,55,69,-2,1.0,243
02M139,Stephen T. Mather Building Arts & Craftsmanship High School,2,20,1,1,432,88,108,-2,1.0,243
02M300,"Urban Assembly School of Design and Construction, The",2,20,1,1,346,43,108,-2,1.0,243
02M313,"James Baldwin School, The: A School for Expeditionary Learning",2,20,1,1,71,14,25,-2,1.0,243
02M422,Quest to Learn,2,20,1,1,177,27,108,41,1.0,243
02M449,Vanguard High School,2,20,1,1,701,134,110,158,1.0,243
03M307,"Urban Assembly School for Media Studies, The",3,20,1,1,328,71,126,109,1.0,243
06M467,High School for Law and Public Service,6,20,1,1,643,95,167,84,1.0,243
07X223,The Laboratory School of Finance and Technology: X223,7,20,1,1,980,230,89,93,1.0,243
07X495,University Heights Secondary School,7,20,1,1,2181,787,140,203,1.0,243
07X500,Hostos-Lincoln Academy of Science,7,20,1,1,751,158,81,121,1.0,243
09X324,Bronx Early College Academy for Teaching & Learning,9,20,1,1,549,93,81,133,1.0,243
09X327,Comprehensive Model School Project M.S. 327,9,20,1,1,706,224,90,103,1.0,243
09X543,High School for Violin and Dance,9,20,1,1,149,19,108,-2,1.0,243
10X141,Riverdale / Kingsbridge Academy (Middle School / High School 141),10,20,1,1,648,268,210,288,1.0,243
11X418,Bronx High School for the Visual Arts,11,20,1,1,951,168,102,136,1.0,243
11X545,Bronx Aerospace High School,11,20,1,1,751,109,189,-2,1.0,243
12X521,The Metropolitan Soundview High School,12,20,1,1,453,67,120,74,1.0,243
14K561,Williamsburg Preparatory School,14,20,2,2,1131,226,180,236,1.0,1
14K614,Young Women's Leadership School of Brooklyn,14,20,1,1,251,47,93,59,1.0,243
14K685,El Puente Academy for Peace and Justice,14,20,1,1,134,25,70,-2,1.0,243
16K765,Nelson Mandela High School,16,20,1,1,250,25,114,-2,1.0,243
18K576,Victory Collegiate High School,18,20,1,1,305,61,140,-2,1.0,243
18K617,High School for Innovation in Advertising and Media,18,20,1,1,522,101,81,91,1.0,243
19K422,Spring Creek Community School,19,20,1,1,341,50,73,-2,1.0,243
19K510,World Academy for Total Community Health High School,19,20,1,1,417,29,98,-2,1.0,243
19K583,Multicultural High School,19,20,1,1,320,88,111,64,1.0,243
23K644,Eagle Academy for Young Men II,23,20,1,1,554,179,92,139,1.0,243
24Q296,Pan American International High School,24,20,1,1,508,166,108,28,1.0,243
24Q520,Middle College High School at LaGuardia Community College,24,20,1,1,1826,552,97,118,1.0,243
26Q566,"Queens High School of Teaching, Liberal Arts and the Sciences",26,20,1,1,671,231,258,222,1.0,243
27Q260,Frederick Douglass Academy VI High School,27,20,1,1,482,71,121,-2,1.0,243
27Q309,Academy of Medical Technology: A College Board School,27,20,1,1,626,120,105,109,1.0,243
28Q284,York Early College Academy,28,20,1,1,1602,580,81,91,1.0,243
28Q310,Queens Collegiate: A College Board School,28,20,1,1,453,67,115,77,1.0,243
29Q272,George Washington Carver High School for the Sciences,29,20,1,1,590,92,93,-2,1.0,243
29Q498,"Health, Arts, Robotics, and Technology High School",29,20,1,1,1435,293,196,264,1.0,243
30Q580,Baccalaureate School for Global Education,30,20,2,2,1732,937,97,94,1.0,1
31R028,The Eagle Academy for Young Men of Staten Island,31,20,1,1,94,26,81,-2,1.0,243
31R600,Ralph R. McKee Career and Technical Education High School,31,20,1,1,620,198,316,180,1.0,243
32K403,Academy for Excellence in Leadership,32,20,1,1,653,76,108,-2,1.0,243
32K549,The Brooklyn School for Social Justice,32,20,1,1,425,47,120,-2,1.0,243
04M372,Esperanza Preparatory Academy,4,20,3,2,322,114,106,120,0.6666666666666666,3
03M859,Special Music School,3,20,11,7,482,165,50,64,0.6363636363636364,4
31R047,CSI High School for International Studies,31,20,36,22,1755,879,127,182,0.6111111111111112,5
02M135,The Urban Assembly Early College High School for Emergency Medicine,2,20,10,6,510,116,122,-2,0.6,6
05M362,Columbia Secondary School,5,20,45,27,4258,1769,112,175,0.6,6
17K524,International High School at Prospect Heights,17,20,19,11,338,61,108,45,0.5789473684210527,8
22K405,Midwood High School,22,20,2227,1264,11658,5495,910,1323,0.56757970363718,9
03M479,Beacon High School,3,20,187,106,7891,4442,360,493,0.5668449197860963,10
24Q610,Aviation Career & Technical Education High School,24,20,18,10,4123,1548,530,723,0.5555555555555556,11
01M539,"New Explorations into Science, Technology and Math High School",1,20,136,75,3743,2047,150,289,0.5514705882352942,12
03M541,Manhattan / Hunter Science High School,3,20,142,77,5406,2689,108,176,0.5422535211267606,13
04M435,Manhattan Center for Science and Mathematics,4,20,15,8,5010,1993,440,709,0.5333333333333333,14
15K684,Millennium Brooklyn HS,15,20,1013,530,5385,2365,178,252,0.5231984205330701,15
20K485,High School of Telecommunication Arts and Technology,20,20,1382,719,2973,1210,310,363,0.5202604920405209,16
01M696,Bard High School Early College,1,20,132,68,3946,2196,125,198,0.5151515151515151,17
22K535,Leon M. Goldstein High School for the Sciences,22,20,829,415,3985,2007,258,429,0.5006031363088058,18
02M303,"Facing History School, The",2,20,2,1,421,87,107,-2,0.5,19
02M308,Lower Manhattan Arts Academy,2,20,4,2,524,69,95,-2,0.5,19
02M392,Manhattan Business Academy,2,20,6,3,1321,191,161,-2,0.5,19
02M427,Manhattan Academy For Arts & Language,2,20,2,1,389,72,108,49,0.5,19
02M437,Hudson High School of Learning Technologies,2,20,2,1,353,48,119,-2,0.5,19
02M438,International High School at Union Square,2,20,2,1,501,103,68,75,0.5,19
02M500,Unity Center for Urban Technologies,2,20,2,1,274,48,95,136,0.5,19
02M520,Murry Bergtraum High School for Business Careers,2,20,2,1,222,38,240,-2,0.5,19
02M542,Manhattan Bridges High School,2,20,2,1,904,224,172,95,0.5,19
02M550,Liberty High School Academy for Newcomers,2,20,2,1,99,16,50,6,0.5,19
03M402,The Urban Assembly School for Green Careers,3,20,2,1,494,39,120,45,0.5,19
03M860,Frederick Douglass Academy II Secondary School,3,20,2,1,309,55,95,105,0.5,19
04M495,Park East High School,4,20,2,1,2653,739,100,166,0.5,19
05M157,The Urban Assembly School for Global Commerce,5,20,2,1,207,26,81,-2,0.5,19
06M468,High School for Health Careers and Sciences,6,20,2,1,822,121,268,-2,0.5,19
07X522,Bronx Design and Construction Academy,7,20,2,1,677,112,140,91,0.5,19
07X625,Bronx Legacy High School,7,20,2,1,690,97,90,-2,0.5,19
08X367,"Archimedes Academy for Math, Science and Technology Applications",8,20,2,1,427,75,100,-2,0.5,19
09X505,"Bronx School for Law, Government and Justice",9,20,2,1,1132,259,120,154,0.5,19
10X225,Theatre Arts Production Company School,10,20,2,1,633,88,170,-2,0.5,19
10X237,"The Marie Curie High School for Medicine, Nursing, and Health Professions",10,20,2,1,334,46,135,-2,0.5,19
10X353,World View High School,10,20,2,1,1343,263,150,195,0.5,19
10X477,Marble Hill High School for International Studies,10,20,2,1,810,158,108,139,0.5,19
12X684,Wings Academy,12,20,2,1,370,63,150,86,0.5,19
14K477,East Williamsburg Scholars Academy,14,20,2,1,650,90,234,-2,0.5,19
16K455,Boys and Girls High School,16,20,2,1,712,68,369,96,0.5,19
18K567,Brooklyn Theatre Arts High School,18,20,2,1,352,39,125,-2,0.5,19
19K409,East New York Family Academy,19,20,2,1,416,159,125,147,0.5,19
19K764,The Urban Assembly School for Collaborative Healthcare,19,20,2,1,419,71,81,-2,0.5,19
23K493,Brooklyn Collegiate: A College Board School,23,20,2,1,727,113,120,-2,0.5,19
24Q236,International High School for Health Sciences,24,20,2,1,485,112,81,68,0.5,19
24Q267,High School of Applied Communication,24,20,2,1,557,75,145,-2,0.5,19
24Q560,"Robert F. Wagner, Jr. Secondary School for Arts and Technology",24,20,2,1,1368,247,120,161,0.5,19
24Q585,Maspeth High School,24,20,2,1,5045,1953,270,348,0.5,19
24Q600,Queens Technical High School,24,20,2,1,3942,1196,350,423,0.5,19
25Q241,Queens High School for Language Studies,25,20,2,1,371,90,125,76,0.5,19
25Q525,Townsend Harris High School,25,20,52,26,6780,4957,290,374,0.5,19
26Q315,Business Technology Early College High School,26,20,2,1,1032,289,180,272,0.5,19
26Q435,Martin Van Buren High School,26,20,2,1,1084,217,352,273,0.5,19
27Q308,Robert H. Goddard High School of Communication Arts and Technology,27,20,2,1,1222,468,140,181,0.5,19
27Q323,Scholars' Academy,27,20,4,2,1065,580,154,186,0.5,19
28Q167,Metropolitan Expeditionary Learning School,28,20,2,1,1254,467,125,141,0.5,19
29Q283,Preparatory Academy for Writers: A College Board School,29,20,2,1,177,47,90,69,0.5,19
30Q258,Energy Tech High School,30,20,2,1,1535,348,108,145,0.5,19
30Q445,William Cullen Bryant High School,30,20,2,1,1681,297,435,349,0.5,19
31R445,Port Richmond High School,31,20,2,1,1267,334,564,435,0.5,19
32K552,The Academy of Urban Planning and Engineering,32,20,2,1,737,128,113,-2,0.5,19
32K556,Bushwick Leaders High School for Academic Excellence,32,20,2,1,768,125,120,-2,0.5,19
20K490,Fort Hamilton High School,20,20,2812,1374,4983,1995,883,903,0.48862019914651494,67
02M545,High School for Dual Language and Asian Studies,2,20,83,40,769,299,108,150,0.4819277108433735,68
31R455,Tottenville High School,31,20,36,17,3274,1627,1158,1357,0.4722222222222222,69
02M418,Millennium High School,2,20,389,183,5541,2290,176,286,0.4704370179948586,70
02M432,Murray Hill Academy,2,20,15,7,558,76,90,-2,0.4666666666666667,71
02M416,Eleanor Roosevelt High School,2,20,196,88,7699,3749,136,224,0.4489795918367347,72
24Q299,Bard High School Early College Queens,24,20,34,15,3866,2227,125,166,0.4411764705882353,73
02M412,N.Y.C. Lab School for Collaborative Studies,2,20,66,28,3134,1067,109,161,0.42424242424242425,74
02M411,Baruch College Campus High School,2,20,209,88,6773,2753,118,188,0.42105263157894735,75
02M414,N.Y.C. Museum School,2,20,38,16,3022,865,150,254,0.42105263157894735,75
31R440,New Dorp High School,31,20,38,16,2806,1011,668,887,0.42105263157894735,75
21K525,Edward R. Murrow High School,21,20,1068,441,6293,2283,933,1196,0.41292134831460675,78
02M294,Essex Street Academy,2,20,65,26,2478,562,90,125,0.4,79
28Q440,Forest Hills High School,28,20,5,2,7184,2477,702,851,0.4,79
30Q450,Long Island City High School,30,20,5,2,1827,403,790,432,0.4,79
20K445,New Utrecht High School,20,20,2323,896,4568,1443,630,730,0.3857081360309944,82
21K690,Brooklyn Studio Secondary School,21,20,341,129,844,281,102,133,0.3782991202346041,83
01M450,East Side Community School,1,20,8,3,1142,328,95,117,0.375,84
02M305,"Urban Assembly Academy of Government and Law, The",2,20,8,3,573,75,100,-2,0.375,84
02M630,Art and Design High School,2,20,97,35,3594,1359,385,523,0.36082474226804123,86
02M376,NYC iSchool,2,20,61,22,2459,931,118,158,0.36065573770491804,87
22K555,Brooklyn College Academy,22,20,350,122,2698,911,170,228,0.3485714285714286,88
21K468,Kingsborough Early College School,21,20,199,68,1229,429,110,122,0.3417085427135678,89
21K337,International High School at Lafayette,21,20,88,30,327,76,90,35,0.3409090909090909,90
21K572,Leaders High School,21,20,125,42,462,119,110,141,0.336,91
22K425,James Madison High School,22,20,757,254,6968,2801,837,940,0.33553500660501984,92
02M408,Professional Performing Arts High School,2,20,27,9,1255,378,128,180,0.3333333333333333,93
02M419,Landmark High School,2,20,3,1,457,37,100,-2,0.3333333333333333,93
02M459,Manhattan International High School,2,20,3,1,738,151,85,73,0.3333333333333333,93
02M529,Jacqueline Kennedy Onassis High School,2,20,3,1,534,81,204,-2,0.3333333333333333,93
03M291,West End Secondary School,3,20,3,1,1209,392,105,146,0.3333333333333333,93
03M417,Frank McCourt High School,3,20,3,1,1253,345,120,170,0.3333333333333333,93
07X548,Careers in Sports High School,7,20,3,1,1056,226,125,202,0.3333333333333333,93
10X439,Bronx High School for Law and Community Service,10,20,3,1,1467,220,108,163,0.3333333333333333,93
14K071,Juan Morel Campos Secondary School,14,20,3,1,341,78,101,69,0.3333333333333333,93
14K454,The Williamsburg High School of Art and Technology,14,20,6,2,893,129,116,120,0.3333333333333333,93
19K639,Brooklyn Lab School,19,20,6,2,980,152,102,143,0.3333333333333333,93
19K659,Cypress Hills Collegiate Preparatory School,19,20,3,1,581,86,99,-2,0.3333333333333333,93
23K514,Frederick Douglass Academy VII High School,23,20,3,1,532,76,108,85,0.3333333333333333,93
24Q550,High School for Arts and Business,24,20,3,1,2257,552,191,255,0.3333333333333333,93
25Q263,Flushing International High School,25,20,3,1,576,182,90,90,0.3333333333333333,93
26Q430,Francis Lewis High School,26,20,3,1,8708,3905,913,1030,0.3333333333333333,93
27Q302,"Queens High School for Information, Research, and Technology",27,20,3,1,671,160,130,177,0.3333333333333333,93
27Q400,August Martin High School,27,20,3,1,960,177,250,218,0.3333333333333333,93
27Q475,Richmond Hill High School,27,20,3,1,1397,386,371,423,0.3333333333333333,93
28Q505,Hillcrest High School,28,20,3,1,2316,496,730,517,0.3333333333333333,93
29Q248,Queens Preparatory Academy,29,20,3,1,383,62,100,-2,0.3333333333333333,93
29Q492,"Mathematics, Science Research and Technology Magnet High School",29,20,3,1,782,146,150,-2,0.3333333333333333,93
30Q555,Newcomers High School,30,20,3,1,559,166,81,107,0.3333333333333333,93
31R064,Gaynor McCown Expeditionary Learning School,31,20,3,1,777,364,146,171,0.3333333333333333,93
32K545,EBC High School for Public Service - Bushwick,32,20,3,1,467,75,126,-2,0.3333333333333333,93
02M420,High School for Health Professions and Human Services,2,20,50,16,2991,776,477,590,0.32,118
02M260,The Clinton School,2,20,41,13,2837,1151,134,221,0.3170731707317073,119
21K348,High School of Sports Management,21,20,82,26,386,75,176,-2,0.3170731707317073,119
02M600,The High School of Fashion Industries,2,20,38,12,2046,720,475,395,0.3157894736842105,121
17K600,Clara Barton High School,17,20,35,11,1276,355,434,-2,0.3142857142857143,122
16K498,Brooklyn High School for Law and Technology,16,20,68,21,1730,296,151,-2,0.3088235294117647,123
02M489,High School of Economics and Finance,2,20,43,13,1374,223,230,-2,0.3023255813953488,124
20K505,Franklin Delano Roosevelt High School,20,20,1400,421,3723,924,710,852,0.3007142857142857,125
15K656,Brooklyn High School of the Arts,15,20,143,43,2104,574,254,272,0.3006993006993007,126
20K609,Urban Assembly School for Leadership and Empowerment,20,20,94,28,278,74,100,132,0.2978723404255319,127
02M546,Academy for Software Engineering,2,20,27,8,1992,388,125,201,0.2962962962962963,128
02M439,Manhattan Village Academy,2,20,31,9,3002,860,100,201,0.2903225806451613,129
21K344,Rachel Carson High School for Coastal Studies,21,20,31,9,469,162,160,200,0.2903225806451613,129
31R460,Susan E. Wagner High School,31,20,31,9,2611,968,660,631,0.2903225806451613,129
21K540,John Dewey High School,21,20,558,157,2573,622,553,577,0.28136200716845877,132
02M551,Urban Assembly New York Harbor School,2,20,40,11,724,221,200,-2,0.275,133
15K667,Sunset Park High School,15,20,343,93,989,260,354,-2,0.27113702623906705,134
15K448,Brooklyn Collaborative Studies,15,20,50,13,693,99,90,110,0.26,135
15K429,Digital Arts and Cinema Technology High School,15,20,39,10,579,105,90,94,0.2564102564102564,136
02M280,Manhattan Early College School for Advertising,2,20,4,1,572,88,112,-2,0.25,137
02M296,High School of Hospitality Management,2,20,4,1,269,35,135,-2,0.25,137
02M316,"Urban Assembly School of Business for Young Women, the",2,20,4,1,165,17,120,-2,0.25,137
02M615,Chelsea Career and Technical Education High School,2,20,12,3,821,118,152,-2,0.25,137
03M415,Wadleigh Secondary School for the Performing & Visual Arts,3,20,8,2,826,130,128,-2,0.25,137
04M555,Central Park East High School,4,20,8,2,4762,1538,125,215,0.25,137
06M540,A. Philip Randolph Campus High School,6,20,4,1,2050,408,471,379,0.25,137
10X438,Fordham Leadership Academy,10,20,4,1,2416,416,108,155,0.25,137
10X442,"Celia Cruz Bronx High School of Music, The",10,20,4,1,561,165,140,114,0.25,137
11X270,Academy for Scholarship and Entrepreneurship: A College Board School,11,20,4,1,775,148,120,-2,0.25,137
11X544,High School for Contemporary Arts,11,20,4,1,607,55,240,-2,0.25,137
19K618,Academy of Innovative Technology,19,20,4,1,1048,183,115,169,0.25,137
24Q485,Grover Cleveland High School,24,20,4,1,1552,359,420,437,0.25,137
32K554,All City Leadership Secondary School,32,20,4,1,911,247,62,62,0.25,137
13K674,"City Polytechnic High School of Engineering, Architecture, and Technology",13,20,66,16,1239,274,108,160,0.24242424242424243,151
13K595,Bedford Academy High School,13,20,79,19,2464,599,81,114,0.24050632911392406,152
02M533,Union Square Academy for Health Sciences,2,20,25,6,834,154,163,143,0.24,153
13K419,"Science Skills Center High School for Science, Technology and the Creative Arts",13,20,42,10,909,111,258,143,0.23809523809523808,154
02M400,High School for Environmental Studies,2,20,13,3,2558,395,344,385,0.23076923076923078,155
15K497,The Boerum Hill School for International Studies,15,20,39,9,801,155,125,-2,0.23076923076923078,155
21K410,Abraham Lincoln High School,21,20,262,60,2225,539,741,604,0.22900763358778625,157
02M288,Food and Finance High School,2,20,9,2,1225,264,150,211,0.2222222222222222,158
01M448,University Neighborhood High School,1,20,52,11,2248,447,125,185,0.21153846153846154,159
17K543,"Science, Technology and Research Early College High School at Erasmus",17,20,38,8,790,197,130,145,0.21052631578947367,160
15K464,Park Slope Collegiate,15,20,67,14,613,115,102,130,0.208955223880597,161
15K462,John Jay School for Law,15,20,132,27,1012,184,125,-2,0.20454545454545456,162
02M407,Institute for Collaborative Education,2,20,10,2,836,263,61,73,0.2,163
10X437,Fordham High School for the Arts,10,20,5,1,1826,399,130,158,0.2,163
19K660,W. H. Maxwell Career and Technical Education High School,19,20,5,1,991,185,305,164,0.2,163
30Q301,Academy for Careers in Television and Film,30,20,10,2,1410,330,151,200,0.2,163
30Q501,Frank Sinatra School of the Arts High School,30,20,47,9,3557,1643,236,416,0.19148936170212766,167
17K382,Academy for College Preparation and Career Exploration: A College Board School,17,20,37,7,837,124,108,-2,0.1891891891891892,168
02M393,Business Of Sports School,2,20,11,2,1151,248,129,210,0.18181818181818182,169
02M543,New Design High School,2,20,11,2,852,157,125,145,0.18181818181818182,169
01M515,Lower East Side Preparatory High School,1,20,6,1,317,89,75,-2,0.16666666666666666,171
02M394,Emma Lazarus High School,2,20,6,1,134,19,60,-1,0.16666666666666666,171
02M395,A School Without Walls,2,20,6,1,178,36,100,-2,0.16666666666666666,171
02M605,Humanities Preparatory Academy,2,20,6,1,861,101,75,-2,0.16666666666666666,171
10X440,DeWitt Clinton High School,10,20,6,1,2901,586,385,492,0.16666666666666666,171
14K474,PROGRESS High School for Professional Careers,14,20,6,1,506,81,153,-2,0.16666666666666666,171
17K122,Pathways in Technology Early College High School (P-Tech),17,20,6,1,712,114,150,-2,0.16666666666666666,171
17K539,High School for Service & Learning at Erasmus,17,20,6,1,296,35,108,98,0.16666666666666666,171
18K566,Brooklyn Community High School for Excellence and Equity,18,20,6,1,448,61,75,-2,0.16666666666666666,171
19K404,Academy for Young Writers,19,20,6,1,559,71,92,82,0.16666666666666666,171
19K502,FDNY - Captain Vernon A. Richard High School for Fire and Life Safety,19,20,6,1,745,141,108,125,0.16666666666666666,171
25Q425,John Bowne High School,25,20,6,1,3116,720,783,809,0.16666666666666666,171
27Q480,John Adams High School,27,20,6,1,2490,480,636,644,0.16666666666666666,171
27Q650,"High School for Construction Trades, Engineering and Architecture",27,20,6,1,3028,1209,247,311,0.16666666666666666,171
21K620,William E. Grady Career and Technical Education High School,21,20,75,12,970,205,305,214,0.16,185
02M519,Talent Unlimited High School,2,20,20,3,1599,468,152,213,0.15,186
02M282,Urban Assembly Maker Academy,2,20,27,4,1074,175,150,216,0.14814814814814814,187
02M399,The High School For Language And Diplomacy,2,20,7,1,385,36,134,-2,0.14285714285714285,188
03M494,High School of Arts and Technology,3,20,7,1,1037,132,140,-2,0.14285714285714285,188
08X312,Millennium Art Academy,8,20,7,1,625,136,112,117,0.14285714285714285,188
15K592,Khalil Gibran International Academy,15,20,7,1,101,19,81,-2,0.14285714285714285,188
18K563,It Takes a Village Academy,18,20,7,1,353,23,135,-2,0.14285714285714285,188
28Q620,Thomas A. Edison Career and Technical Education High School,28,20,7,1,6131,2355,473,583,0.14285714285714285,188
30Q575,Academy of American Studies,30,20,7,1,2727,819,170,224,0.14285714285714285,188
14K478,"The High School for Enterprise, Business and Technology",14,20,15,2,1197,144,249,130,0.13333333333333333,195
16K688,The Brooklyn Academy of Global Finance,16,20,15,2,469,56,108,-2,0.13333333333333333,195
02M425,Leadership and Public Service High School,2,20,8,1,387,36,145,52,0.125,197
02M507,Urban Assembly Gateway School for Technology,2,20,8,1,1299,278,108,146,0.125,197
13K527,Urban Assembly Institute of Math and Science for Young Women,13,20,8,1,237,54,81,60,0.125,197
19K507,Performing Arts and Technology High School,19,20,8,1,1103,157,125,163,0.125,197
22K611,Origins High School,22,20,8,1,296,126,128,211,0.125,197
24Q264,Academy of Finance and Enterprise,24,20,8,1,2163,546,124,151,0.125,197
24Q530,International High School at LaGuardia Community College,24,20,8,1,1236,505,119,114,0.125,197
32K168,The Brooklyn School for Math and Research,32,20,8,1,710,99,108,148,0.125,197
02M531,Repertory Company High School for Theatre Arts,2,20,9,1,365,100,60,68,0.1111111111111111,205
03M492,"High School for Law, Advocacy and Community Justice",3,20,9,1,920,170,220,-2,0.1111111111111111,205
19K615,Transit Tech Career and Technical Education High School,19,20,9,1,1168,225,315,-2,0.1111111111111111,205
29Q313,Benjamin Franklin High School for Finance & Information Technology,29,20,9,1,735,122,108,-2,0.1111111111111111,205
13K265,Dr. Susan S. McKinney Secondary School of the Arts,13,20,10,1,362,54,82,-2,0.1,209
02M580,Richard R. Green High School of Teaching,2,20,32,3,1291,154,160,-2,0.09375,210
18K629,Cultural Academy for the Arts and Sciences,18,20,11,1,567,70,116,80,0.09090909090909091,211
17K751,Academy for Health Careers,17,20,12,1,715,72,108,-2,0.08333333333333333,212
18K633,High School for Medical Professions,18,20,12,1,666,99,108,116,0.08333333333333333,212
02M374,Gramercy Arts High School,2,20,25,2,1038,129,204,78,0.08,214
14K610,A-Tech High School,14,20,25,2,1273,264,224,243,0.08,214
02M534,Harvest Collegiate High School,2,20,13,1,1116,115,116,-2,0.07692307692307693,216
17K537,High School for Youth and Community Development at Erasmus,17,20,13,1,488,82,140,-2,0.07692307692307693,216
17K548,Brooklyn School for Music & Theatre,17,20,13,1,522,74,108,-2,0.07692307692307693,216
18K637,Academy for Conservation and the Environment,18,20,14,1,727,92,170,217,0.07142857142857142,219
13K594,Gotham Professional Arts Academy,13,20,15,1,364,61,81,-2,0.06666666666666667,220
13K350,Urban Assembly School of Music and Art,13,20,16,1,494,52,108,-2,0.0625,221
17K546,High School for Public Service: Heroes of Tomorrow,17,20,16,1,656,69,130,-2,0.0625,221
31R080,The Michael J. Petrides School,31,20,84,5,724,274,128,188,0.05952380952380952,223
02M413,School of the Future High School,2,20,17,1,1741,485,108,152,0.058823529411764705,224
13K963,Design Works High School,13,20,17,1,607,86,81,-2,0.058823529411764705,224
14K488,Brooklyn Preparatory High School,14,20,17,1,1061,174,153,-2,0.058823529411764705,224
17K408,Academy of Hospitality and Tourism,17,20,19,1,571,89,118,-2,0.05263157894736842,227
13K439,Brooklyn International High School,13,20,21,1,409,71,81,53,0.047619047619047616,228
17K745,Brooklyn Institute for Liberal Arts,17,20,21,1,761,109,175,158,0.047619047619047616,228
17K547,Brooklyn Academy of Science and the Environment,17,20,22,1,373,53,108,-2,0.045454545454545456,230
13K412,Brooklyn Community Arts & Media High School (BCAM),13,20,23,1,702,113,142,-2,0.043478260869565216,231
15K519,Cobble Hill School of American Studies,15,20,25,1,481,62,278,-2,0.04,232
17K590,Medgar Evers College Preparatory School,17,20,25,1,2078,676,220,237,0.04,232
02M298,Pace High School,2,20,26,1,1172,169,190,177,0.038461538461538464,234
13K670,Benjamin Banneker Academy,13,20,26,1,1912,451,225,318,0.038461538461538464,234
21K559,Life Academy High School for Film and Music,21,20,27,1,145,21,81,49,0.037037037037037035,236
13K483,The Urban Assembly School for Law and Justice,13,20,28,1,593,105,115,-2,0.03571428571428571,237
31R450,Curtis High School,31,20,29,1,1967,690,804,754,0.034482758620689655,238
14K558,Williamsburg High School for Architecture and Design,14,20,30,1,1223,253,155,212,0.03333333333333333,239
15K463,Cyberarts Studio Academy,15,20,31,1,256,30,125,-2,0.03225806451612903,240
13K605,George Westinghouse Career and Technical Education High School,13,20,35,1,1254,203,254,194,0.02857142857142857,241
17K528,The High School for Global Citizenship,17,20,37,1,524,55,100,63,0.02702702702702703,242
01M450,East Side Community School,1,21,3,3,1142,328,95,117,1.0,1
02M047,47 The American Sign Language and English Secondary School,2,21,2,2,318,55,69,-2,1.0,1
02M308,Lower Manhattan Arts Academy,2,21,3,3,524,69,95,-2,1.0,1
02M437,Hudson High School of Learning Technologies,2,21,1,1,353,48,119,-2,1.0,221
02M438,International High School at Union Square,2,21,1,1,501,103,68,75,1.0,221
02M459,Manhattan International High School,2,21,2,2,738,151,85,73,1.0,1
02M500,Unity Center for Urban Technologies,2,21,1,1,274,48,95,136,1.0,221
02M551,Urban Assembly New York Harbor School,2,21,3,3,724,221,200,-2,1.0,1
03M291,West End Secondary School,3,21,1,1,1209,392,105,146,1.0,221
03M859,Special Music School,3,21,3,3,482,165,50,64,1.0,1
04M372,Esperanza Preparatory Academy,4,21,1,1,322,114,106,120,1.0,221
05M369,Urban Assembly School for the Performing Arts,5,21,2,2,372,52,108,-2,1.0,1
06M293,City College Academy of the Arts,6,21,1,1,1028,337,81,95,1.0,221
07X223,The Laboratory School of Finance and Technology: X223,7,21,1,1,980,230,89,93,1.0,221
07X495,University Heights Secondary School,7,21,1,1,2181,787,140,203,1.0,221
07X500,Hostos-Lincoln Academy of Science,7,21,1,1,751,158,81,121,1.0,221
07X527,Bronx Leadership Academy II High School,7,21,1,1,911,103,131,-2,1.0,221
08X269,Bronx Studio School for Writers and Artists,8,21,1,1,481,130,90,113,1.0,221
09X413,Bronx High School for Medical Science,9,21,1,1,1104,178,90,170,1.0,221
09X543,High School for Violin and Dance,9,21,1,1,149,19,108,-2,1.0,221
10X213,Bronx Engineering and Technology Academy,10,21,1,1,754,115,142,-2,1.0,221
10X228,Jonas Bronck Academy,10,21,1,1,372,91,90,-2,1.0,221
10X264,Bronx Academy for Software Engineering (BASE),10,21,1,1,1199,175,120,165,1.0,221
10X368,In-Tech Academy (M.S. / High School 368),10,21,1,1,707,244,160,205,1.0,221
10X442,"Celia Cruz Bronx High School of Music, The",10,21,1,1,561,165,140,114,1.0,221
11X270,Academy for Scholarship and Entrepreneurship: A College Board School,11,21,1,1,775,148,120,-2,1.0,221
11X455,Harry S Truman High School,11,21,1,1,1891,390,913,-2,1.0,221
12X479,Bronx Career and College Preparatory High School,12,21,1,1,321,28,81,-2,1.0,221
14K071,Juan Morel Campos Secondary School,14,21,1,1,341,78,101,69,1.0,221
14K561,Williamsburg Preparatory School,14,21,1,1,1131,226,180,236,1.0,221
15K463,Cyberarts Studio Academy,15,21,2,2,256,30,125,-2,1.0,1
16K455,Boys and Girls High School,16,21,1,1,712,68,369,96,1.0,221
16K765,Nelson Mandela High School,16,21,1,1,250,25,114,-2,1.0,221
18K576,Victory Collegiate High School,18,21,1,1,305,61,140,-2,1.0,221
18K629,Cultural Academy for the Arts and Sciences,18,21,1,1,567,70,116,80,1.0,221
19K404,Academy for Young Writers,19,21,1,1,559,71,92,82,1.0,221
19K409,East New York Family Academy,19,21,1,1,416,159,125,147,1.0,221
19K502,FDNY - Captain Vernon A. Richard High School for Fire and Life Safety,19,21,2,2,745,141,108,125,1.0,1
23K697,Teachers Preparatory High School,23,21,1,1,187,35,90,-2,1.0,221
26Q430,Francis Lewis High School,26,21,2,2,8708,3905,913,1030,1.0,1
26Q435,Martin Van Buren High School,26,21,1,1,1084,217,352,273,1.0,221
27Q323,Scholars' Academy,27,21,2,2,1065,580,154,186,1.0,1
27Q324,Rockaway Park High School for Environmental Sustainability,27,21,1,1,164,25,108,51,1.0,221
28Q620,Thomas A. Edison Career and Technical Education High School,28,21,2,2,6131,2355,473,583,1.0,1
28Q686,Queens Metropolitan High School,28,21,1,1,2321,931,279,279,1.0,221
29Q498,"Health, Arts, Robotics, and Technology High School",29,21,2,2,1435,293,196,264,1.0,1
30Q258,Energy Tech High School,30,21,1,1,1535,348,108,145,1.0,221
30Q301,Academy for Careers in Television and Film,30,21,3,3,1410,330,151,200,1.0,1
30Q450,Long Island City High School,30,21,1,1,1827,403,790,432,1.0,221
31R028,The Eagle Academy for Young Men of Staten Island,31,21,1,1,94,26,81,-2,1.0,221
31R600,Ralph R. McKee Career and Technical Education High School,31,21,1,1,620,198,316,180,1.0,221
32K168,The Brooklyn School for Math and Research,32,21,1,1,710,99,108,148,1.0,221
32K549,The Brooklyn School for Social Justice,32,21,1,1,425,47,120,-2,1.0,221
02M605,Humanities Preparatory Academy,2,21,4,3,861,101,75,-2,0.75,15
25Q525,Townsend Harris High School,25,21,25,17,6780,4957,290,374,0.68,16
02M280,Manhattan Early College School for Advertising,2,21,3,2,572,88,112,-2,0.6666666666666666,17
02M543,New Design High School,2,21,3,2,852,157,125,145,0.6666666666666666,17
23K644,Eagle Academy for Young Men II,23,21,3,2,554,179,92,139,0.6666666666666666,17
24Q585,Maspeth High School,24,21,3,2,5045,1953,270,348,0.6666666666666666,17
22K535,Leon M. Goldstein High School for the Sciences,22,21,938,609,3985,2007,258,429,0.6492537313432836,21
05M362,Columbia Secondary School,5,21,15,9,4258,1769,112,175,0.6,22
02M545,High School for Dual Language and Asian Studies,2,21,39,23,769,299,108,150,0.5897435897435898,23
24Q299,Bard High School Early College Queens,24,21,9,5,3866,2227,125,166,0.5555555555555556,24
22K405,Midwood High School,22,21,1484,823,11658,5495,910,1323,0.5545822102425876,25
01M539,"New Explorations into Science, Technology and Math High School",1,21,60,33,3743,2047,150,289,0.55,26
02M294,Essex Street Academy,2,21,13,7,2478,562,90,125,0.5384615384615384,27
02M260,The Clinton School,2,21,14,7,2837,1151,134,221,0.5,28
02M298,Pace High School,2,21,8,4,1172,169,190,177,0.5,28
02M300,"Urban Assembly School of Design and Construction, The",2,21,4,2,346,43,108,-2,0.5,28
02M305,"Urban Assembly Academy of Government and Law, The",2,21,4,2,573,75,100,-2,0.5,28
02M313,"James Baldwin School, The: A School for Expeditionary Learning",2,21,2,1,71,14,25,-2,0.5,28
02M395,A School Without Walls,2,21,2,1,178,36,100,-2,0.5,28
02M407,Institute for Collaborative Education,2,21,2,1,836,263,61,73,0.5,28
02M422,Quest to Learn,2,21,2,1,177,27,108,41,0.5,28
02M449,Vanguard High School,2,21,2,1,701,134,110,158,0.5,28
02M533,Union Square Academy for Health Sciences,2,21,8,4,834,154,163,143,0.5,28
07X548,Careers in Sports High School,7,21,2,1,1056,226,125,202,0.5,28
08X312,Millennium Art Academy,8,21,2,1,625,136,112,117,0.5,28
08X320,Pelham Lab High School,8,21,2,1,514,49,108,-2,0.5,28
10X225,Theatre Arts Production Company School,10,21,2,1,633,88,170,-2,0.5,28
10X268,Kingsbridge International High School,10,21,2,1,206,15,108,6,0.5,28
12X684,Wings Academy,12,21,2,1,370,63,150,86,0.5,28
13K527,Urban Assembly Institute of Math and Science for Young Women,13,21,2,1,237,54,81,60,0.5,28
14K614,Young Women's Leadership School of Brooklyn,14,21,2,1,251,47,93,59,0.5,28
15K519,Cobble Hill School of American Studies,15,21,2,1,481,62,278,-2,0.5,28
17K122,Pathways in Technology Early College High School (P-Tech),17,21,2,1,712,114,150,-2,0.5,28
17K524,International High School at Prospect Heights,17,21,4,2,338,61,108,45,0.5,28
17K539,High School for Service & Learning at Erasmus,17,21,2,1,296,35,108,98,0.5,28
18K617,High School for Innovation in Advertising and Media,18,21,2,1,522,101,81,91,0.5,28
19K583,Multicultural High School,19,21,2,1,320,88,111,64,0.5,28
19K618,Academy of Innovative Technology,19,21,2,1,1048,183,115,169,0.5,28
19K639,Brooklyn Lab School,19,21,2,1,980,152,102,143,0.5,28
21K468,Kingsborough Early College School,21,21,384,192,1229,429,110,122,0.5,28
23K493,Brooklyn Collegiate: A College Board School,23,21,2,1,727,113,120,-2,0.5,28
23K514,Frederick Douglass Academy VII High School,23,21,2,1,532,76,108,85,0.5,28
24Q485,Grover Cleveland High School,24,21,2,1,1552,359,420,437,0.5,28
24Q550,High School for Arts and Business,24,21,2,1,2257,552,191,255,0.5,28
25Q281,East-West School of International Studies,25,21,2,1,766,290,89,113,0.5,28
27Q260,Frederick Douglass Academy VI High School,27,21,2,1,482,71,121,-2,0.5,28
29Q248,Queens Preparatory Academy,29,21,2,1,383,62,100,-2,0.5,28
30Q417,Gotham Tech High School,30,21,2,1,631,96,90,-2,0.5,28
30Q580,Baccalaureate School for Global Education,30,21,4,2,1732,937,97,94,0.5,28
03M541,Manhattan / Hunter Science High School,3,21,61,30,5406,2689,108,176,0.4918032786885246,64
02M412,N.Y.C. Lab School for Collaborative Studies,2,21,21,10,3134,1067,109,161,0.47619047619047616,65
20K609,Urban Assembly School for Leadership and Empowerment,20,21,21,10,278,74,100,132,0.47619047619047616,65
30Q501,Frank Sinatra School of the Arts High School,30,21,36,16,3557,1643,236,416,0.4444444444444444,67
15K684,Millennium Brooklyn HS,15,21,298,132,5385,2365,178,252,0.4429530201342282,68
21K525,Edward R. Murrow High School,21,21,962,421,6293,2283,933,1196,0.4376299376299376,69
02M288,Food and Finance High School,2,21,7,3,1225,264,150,211,0.42857142857142855,70
02M418,Millennium High School,2,21,112,47,5541,2290,176,286,0.41964285714285715,71
22K425,James Madison High School,22,21,1215,509,6968,2801,837,940,0.4189300411522634,72
03M479,Beacon High School,3,21,72,30,7891,4442,360,493,0.4166666666666667,73
21K344,Rachel Carson High School for Coastal Studies,21,21,301,124,469,162,160,200,0.4119601328903654,74
02M546,Academy for Software Engineering,2,21,20,8,1992,388,125,201,0.4,75
04M495,Park East High School,4,21,5,2,2653,739,100,166,0.4,75
01M696,Bard High School Early College,1,21,43,17,3946,2196,125,198,0.3953488372093023,77
02M400,High School for Environmental Studies,2,21,8,3,2558,395,344,385,0.375,78
04M555,Central Park East High School,4,21,8,3,4762,1538,125,215,0.375,78
24Q610,Aviation Career & Technical Education High School,24,21,8,3,4123,1548,530,723,0.375,78
20K490,Fort Hamilton High School,20,21,556,207,4983,1995,883,903,0.3723021582733813,81
02M416,Eleanor Roosevelt High School,2,21,89,33,7699,3749,136,224,0.3707865168539326,82
16K498,Brooklyn High School for Law and Technology,16,21,54,20,1730,296,151,-2,0.37037037037037035,83
04M435,Manhattan Center for Science and Mathematics,4,21,19,7,5010,1993,440,709,0.3684210526315789,84
17K590,Medgar Evers College Preparatory School,17,21,23,8,2078,676,220,237,0.34782608695652173,85
17K543,"Science, Technology and Research Early College High School at Erasmus",17,21,32,11,790,197,130,145,0.34375,86
22K555,Brooklyn College Academy,22,21,123,42,2698,911,170,228,0.34146341463414637,87
02M630,Art and Design High School,2,21,56,19,3594,1359,385,523,0.3392857142857143,88
21K572,Leaders High School,21,21,149,50,462,119,110,141,0.33557046979865773,89
02M282,Urban Assembly Maker Academy,2,21,6,2,1074,175,150,216,0.3333333333333333,90
02M392,Manhattan Business Academy,2,21,3,1,1321,191,161,-2,0.3333333333333333,90
02M529,Jacqueline Kennedy Onassis High School,2,21,3,1,534,81,204,-2,0.3333333333333333,90
02M531,Repertory Company High School for Theatre Arts,2,21,3,1,365,100,60,68,0.3333333333333333,90
02M534,Harvest Collegiate High School,2,21,3,1,1116,115,116,-2,0.3333333333333333,90
03M417,Frank McCourt High School,3,21,3,1,1253,345,120,170,0.3333333333333333,90
03M492,"High School for Law, Advocacy and Community Justice",3,21,3,1,920,170,220,-2,0.3333333333333333,90
05M499,Frederick Douglass Academy,5,21,3,1,903,195,325,214,0.3333333333333333,90
06M346,Community Health Academy of the Heights,6,21,3,1,586,143,75,93,0.3333333333333333,90
07X670,Health Opportunities High School,7,21,3,1,477,47,75,-2,0.3333333333333333,90
10X437,Fordham High School for the Arts,10,21,3,1,1826,399,130,158,0.3333333333333333,90
11X275,High School of Computers and Technology,11,21,3,1,715,115,181,156,0.3333333333333333,90
11X418,Bronx High School for the Visual Arts,11,21,3,1,951,168,102,136,0.3333333333333333,90
14K454,The Williamsburg High School of Art and Technology,14,21,3,1,893,129,116,120,0.3333333333333333,90
14K474,PROGRESS High School for Professional Careers,14,21,3,1,506,81,153,-2,0.3333333333333333,90
14K477,East Williamsburg Scholars Academy,14,21,3,1,650,90,234,-2,0.3333333333333333,90
15K592,Khalil Gibran International Academy,15,21,3,1,101,19,81,-2,0.3333333333333333,90
17K547,Brooklyn Academy of Science and the Environment,17,21,3,1,373,53,108,-2,0.3333333333333333,90
18K563,It Takes a Village Academy,18,21,3,1,353,23,135,-2,0.3333333333333333,90
19K683,School for Classics High School,19,21,3,1,229,54,108,-2,0.3333333333333333,90
24Q293,Civic Leadership Academy,24,21,3,1,1157,291,142,191,0.3333333333333333,90
24Q600,Queens Technical High School,24,21,3,1,3942,1196,350,423,0.3333333333333333,90
25Q425,John Bowne High School,25,21,3,1,3116,720,783,809,0.3333333333333333,90
27Q309,Academy of Medical Technology: A College Board School,27,21,3,1,626,120,105,109,0.3333333333333333,90
27Q400,August Martin High School,27,21,3,1,960,177,250,218,0.3333333333333333,90
27Q650,"High School for Construction Trades, Engineering and Architecture",27,21,3,1,3028,1209,247,311,0.3333333333333333,90
29Q259,Pathways College Preparatory School: A College Board School,29,21,3,1,440,145,186,167,0.3333333333333333,90
29Q313,Benjamin Franklin High School for Finance & Information Technology,29,21,3,1,735,122,108,-2,0.3333333333333333,90
29Q492,"Mathematics, Science Research and Technology Magnet High School",29,21,3,1,782,146,150,-2,0.3333333333333333,90
30Q575,Academy of American Studies,30,21,3,1,2727,819,170,224,0.3333333333333333,90
32K545,EBC High School for Public Service - Bushwick,32,21,3,1,467,75,126,-2,0.3333333333333333,90
32K554,All City Leadership Secondary School,32,21,3,1,911,247,62,62,0.3333333333333333,90
21K690,Brooklyn Studio Secondary School,21,21,284,94,844,281,102,133,0.33098591549295775,122
21K337,International High School at Lafayette,21,21,103,34,327,76,90,35,0.3300970873786408,123
15K656,Brooklyn High School of the Arts,15,21,71,23,2104,574,254,272,0.323943661971831,124
02M411,Baruch College Campus High School,2,21,87,28,6773,2753,118,188,0.3218390804597701,125
13K674,"City Polytechnic High School of Engineering, Architecture, and Technology",13,21,22,7,1239,274,108,160,0.3181818181818182,126
20K445,New Utrecht High School,20,21,818,246,4568,1443,630,730,0.30073349633251834,127
02M489,High School of Economics and Finance,2,21,10,3,1374,223,230,-2,0.3,128
21K540,John Dewey High School,21,21,728,212,2573,622,553,577,0.29120879120879123,129
21K620,William E. Grady Career and Technical Education High School,21,21,325,93,970,205,305,214,0.28615384615384615,130
02M600,The High School of Fashion Industries,2,21,21,6,2046,720,475,395,0.2857142857142857,131
20K485,High School of Telecommunication Arts and Technology,20,21,147,40,2973,1210,310,363,0.272108843537415,132
20K505,Franklin Delano Roosevelt High School,20,21,636,166,3723,924,710,852,0.2610062893081761,133
01M292,Orchard Collegiate Academy,1,21,4,1,280,71,90,-2,0.25,134
01M515,Lower East Side Preparatory High School,1,21,4,1,317,89,75,-2,0.25,134
02M399,The High School For Language And Diplomacy,2,21,4,1,385,36,134,-2,0.25,134
02M427,Manhattan Academy For Arts & Language,2,21,4,1,389,72,108,49,0.25,134
02M507,Urban Assembly Gateway School for Technology,2,21,4,1,1299,278,108,146,0.25,134
02M519,Talent Unlimited High School,2,21,12,3,1599,468,152,213,0.25,134
02M542,Manhattan Bridges High School,2,21,4,1,904,224,172,95,0.25,134
06M463,High School for Media and Communications,6,21,4,1,505,61,150,-2,0.25,134
06M467,High School for Law and Public Service,6,21,4,1,643,95,167,84,0.25,134
08X405,Herbert H. Lehman High School,8,21,4,1,2078,405,528,479,0.25,134
10X237,"The Marie Curie High School for Medicine, Nursing, and Health Professions",10,21,4,1,334,46,135,-2,0.25,134
13K439,Brooklyn International High School,13,21,8,2,409,71,81,53,0.25,134
14K685,El Puente Academy for Peace and Justice,14,21,4,1,134,25,70,-2,0.25,134
19K510,World Academy for Total Community Health High School,19,21,4,1,417,29,98,-2,0.25,134
28Q505,Hillcrest High School,28,21,4,1,2316,496,730,517,0.25,134
32K552,The Academy of Urban Planning and Engineering,32,21,4,1,737,128,113,-2,0.25,134
22K611,Origins High School,22,21,41,10,296,126,128,211,0.24390243902439024,150
02M420,High School for Health Professions and Human Services,2,21,17,4,2991,776,477,590,0.23529411764705882,151
02M376,NYC iSchool,2,21,13,3,2459,931,118,158,0.23076923076923078,152
13K605,George Westinghouse Career and Technical Education High School,13,21,26,6,1254,203,254,194,0.23076923076923078,152
21K410,Abraham Lincoln High School,21,21,434,97,2225,539,741,604,0.22350230414746544,154
13K483,The Urban Assembly School for Law and Justice,13,21,9,2,593,105,115,-2,0.2222222222222222,155
21K559,Life Academy High School for Film and Music,21,21,45,10,145,21,81,49,0.2222222222222222,155
24Q530,International High School at LaGuardia Community College,24,21,9,2,1236,505,119,114,0.2222222222222222,155
21K348,High School of Sports Management,21,21,77,17,386,75,176,-2,0.22077922077922077,158
15K667,Sunset Park High School,15,21,29,6,989,260,354,-2,0.20689655172413793,159
13K595,Bedford Academy High School,13,21,39,8,2464,599,81,114,0.20512820512820512,160
03M494,High School of Arts and Technology,3,21,5,1,1037,132,140,-2,0.2,161
11X544,High School for Contemporary Arts,11,21,5,1,607,55,240,-2,0.2,161
17K751,Academy for Health Careers,17,21,10,2,715,72,108,-2,0.2,161
24Q264,Academy of Finance and Enterprise,24,21,5,1,2163,546,124,151,0.2,161
30Q445,William Cullen Bryant High School,30,21,5,1,1681,297,435,349,0.2,161
31R445,Port Richmond High School,31,21,5,1,1267,334,564,435,0.2,161
02M414,N.Y.C. Museum School,2,21,16,3,3022,865,150,254,0.1875,167
02M432,Murray Hill Academy,2,21,6,1,558,76,90,-2,0.16666666666666666,168
02M580,Richard R. Green High School of Teaching,2,21,6,1,1291,154,160,-2,0.16666666666666666,168
02M615,Chelsea Career and Technical Education High School,2,21,6,1,821,118,152,-2,0.16666666666666666,168
06M540,A. Philip Randolph Campus High School,6,21,6,1,2050,408,471,379,0.16666666666666666,168
13K963,Design Works High School,13,21,6,1,607,86,81,-2,0.16666666666666666,168
14K610,A-Tech High School,14,21,12,2,1273,264,224,243,0.16666666666666666,168
28Q440,Forest Hills High School,28,21,6,1,7184,2477,702,851,0.16666666666666666,168
31R450,Curtis High School,31,21,6,1,1967,690,804,754,0.16666666666666666,168
32K556,Bushwick Leaders High School for Academic Excellence,32,21,6,1,768,125,120,-2,0.16666666666666666,168
01M448,University Neighborhood High School,1,21,20,3,2248,447,125,185,0.15,177
02M413,School of the Future High School,2,21,7,1,1741,485,108,152,0.14285714285714285,178
14K488,Brooklyn Preparatory High School,14,21,7,1,1061,174,153,-2,0.14285714285714285,178
15K429,Digital Arts and Cinema Technology High School,15,21,7,1,579,105,90,94,0.14285714285714285,178
15K448,Brooklyn Collaborative Studies,15,21,7,1,693,99,90,110,0.14285714285714285,178
17K546,High School for Public Service: Heroes of Tomorrow,17,21,7,1,656,69,130,-2,0.14285714285714285,178
17K745,Brooklyn Institute for Liberal Arts,17,21,7,1,761,109,175,158,0.14285714285714285,178
19K507,Performing Arts and Technology High School,19,21,7,1,1103,157,125,163,0.14285714285714285,178
19K615,Transit Tech Career and Technical Education High School,19,21,7,1,1168,225,315,-2,0.14285714285714285,178
02M408,Professional Performing Arts High School,2,21,16,2,1255,378,128,180,0.125,186
02M520,Murry Bergtraum High School for Business Careers,2,21,8,1,222,38,240,-2,0.125,186
13K265,Dr. Susan S. McKinney Secondary School of the Arts,13,21,8,1,362,54,82,-2,0.125,186
13K350,Urban Assembly School of Music and Art,13,21,8,1,494,52,108,-2,0.125,186
13K412,Brooklyn Community Arts & Media High School (BCAM),13,21,8,1,702,113,142,-2,0.125,186
14K478,"The High School for Enterprise, Business and Technology",14,21,8,1,1197,144,249,130,0.125,186
15K497,The Boerum Hill School for International Studies,15,21,8,1,801,155,125,-2,0.125,186
17K537,High School for Youth and Community Development at Erasmus,17,21,8,1,488,82,140,-2,0.125,186
24Q520,Middle College High School at LaGuardia Community College,24,21,8,1,1826,552,97,118,0.125,186
27Q480,John Adams High School,27,21,8,1,2490,480,636,644,0.125,186
32K403,Academy for Excellence in Leadership,32,21,8,1,653,76,108,-2,0.125,186
03M415,Wadleigh Secondary School for the Performing & Visual Arts,3,21,9,1,826,130,128,-2,0.1111111111111111,197
13K670,Benjamin Banneker Academy,13,21,18,2,1912,451,225,318,0.1111111111111111,197
17K528,The High School for Global Citizenship,17,21,9,1,524,55,100,63,0.1111111111111111,197
19K660,W. H. Maxwell Career and Technical Education High School,19,21,9,1,991,185,305,164,0.1111111111111111,197
31R455,Tottenville High School,31,21,9,1,3274,1627,1158,1357,0.1111111111111111,197
15K464,Park Slope Collegiate,15,21,10,1,613,115,102,130,0.1,202
18K566,Brooklyn Community High School for Excellence and Equity,18,21,10,1,448,61,75,-2,0.1,202
31R460,Susan E. Wagner High School,31,21,10,1,2611,968,660,631,0.1,202
13K594,Gotham Professional Arts Academy,13,21,11,1,364,61,81,-2,0.09090909090909091,205
15K462,John Jay School for Law,15,21,22,2,1012,184,125,-2,0.09090909090909091,205
17K600,Clara Barton High School,17,21,11,1,1276,355,434,-2,0.09090909090909091,205
31R047,CSI High School for International Studies,31,21,12,1,1755,879,127,182,0.08333333333333333,208
31R440,New Dorp High School,31,21,12,1,2806,1011,668,887,0.08333333333333333,208
02M439,Manhattan Village Academy,2,21,25,2,3002,860,100,201,0.08,210
02M374,Gramercy Arts High School,2,21,13,1,1038,129,204,78,0.07692307692307693,211
13K419,"Science Skills Center High School for Science, Technology and the Creative Arts",13,21,13,1,909,111,258,143,0.07692307692307693,211
16K688,The Brooklyn Academy of Global Finance,16,21,13,1,469,56,108,-2,0.07692307692307693,211
17K548,Brooklyn School for Music & Theatre,17,21,13,1,522,74,108,-2,0.07692307692307693,211
18K567,Brooklyn Theatre Arts High School,18,21,13,1,352,39,125,-2,0.07692307692307693,211
14K558,Williamsburg High School for Architecture and Design,14,21,14,1,1223,253,155,212,0.07142857142857142,216
18K633,High School for Medical Professions,18,21,16,1,666,99,108,116,0.0625,217
17K408,Academy of Hospitality and Tourism,17,21,17,1,571,89,118,-2,0.058823529411764705,218
18K637,Academy for Conservation and the Environment,18,21,21,1,727,92,170,217,0.047619047619047616,219
17K382,Academy for College Preparation and Career Exploration: A College Board School,17,21,33,1,837,124,108,-2,0.030303030303030304,220
01M515,Lower East Side Preparatory High School,1,22,2,2,317,89,75,-2,1.0,1
02M437,Hudson High School of Learning Technologies,2,22,1,1,353,48,119,-2,1.0,282
02M586,Harvey Milk High School,2,22,1,1,40,3,45,-1,1.0,282
03M403,The Global Learning Collaborative,3,22,1,1,754,90,108,-2,1.0,282
04M372,Esperanza Preparatory Academy,4,22,1,1,322,114,106,120,1.0,282
04M680,"Heritage School, The",4,22,1,1,482,60,80,-2,1.0,282
05M369,Urban Assembly School for the Performing Arts,5,22,1,1,372,52,108,-2,1.0,282
05M499,Frederick Douglass Academy,5,22,1,1,903,195,325,214,1.0,282
06M293,City College Academy of the Arts,6,22,1,1,1028,337,81,95,1.0,282
08X376,Antonia Pantoja Preparatory Academy: A College Board School,8,22,1,1,308,82,84,104,1.0,282
08X530,Longwood Preparatory Academy,8,22,1,1,649,115,120,143,1.0,282
08X558,Westchester Square Academy,8,22,1,1,788,106,135,114,1.0,282
09X231,Eagle Academy for Young Men,9,22,1,1,455,163,80,130,1.0,282
09X297,Morris Academy for Collaborative Studies,9,22,1,1,568,80,123,-2,1.0,282
09X365,Academy for Language and Technology,9,22,1,1,773,224,92,89,1.0,282
09X564,Claremont International HS,9,22,1,1,412,50,81,25,1.0,282
10X141,Riverdale / Kingsbridge Academy (Middle School / High School 141),10,22,1,1,648,268,210,288,1.0,282
10X213,Bronx Engineering and Technology Academy,10,22,1,1,754,115,142,-2,1.0,282
10X228,Jonas Bronck Academy,10,22,1,1,372,91,90,-2,1.0,282
10X243,West Bronx Academy for the Future,10,22,1,1,917,136,90,109,1.0,282
10X546,Bronx Theatre High School,10,22,1,1,414,45,128,-2,1.0,282
11X270,Academy for Scholarship and Entrepreneurship: A College Board School,11,22,1,1,775,148,120,-2,1.0,282
11X288,Collegiate Institute for Math and Science,11,22,1,1,1764,317,133,200,1.0,282
11X290,Bronx Academy of Health Careers,11,22,1,1,897,90,108,-2,1.0,282
11X418,Bronx High School for the Visual Arts,11,22,1,1,951,168,102,136,1.0,282
11X455,Harry S Truman High School,11,22,1,1,1891,390,913,-2,1.0,282
11X509,High School of Language and Innovation,11,22,1,1,299,56,108,36,1.0,282
11X544,High School for Contemporary Arts,11,22,1,1,607,55,240,-2,1.0,282
12X248,"Metropolitan High School, The",12,22,1,1,228,33,151,-2,1.0,282
12X446,Arturo A. Schomburg Satellite Academy Bronx,12,22,1,1,222,33,40,24,1.0,282
12X641,Bard High School Early College Bronx,12,22,2,2,1391,613,100,106,1.0,1
14K586,Lyons Community School,14,22,1,1,174,32,81,-2,1.0,282
14K685,El Puente Academy for Peace and Justice,14,22,1,1,134,25,70,-2,1.0,282
19K409,East New York Family Academy,19,22,1,1,416,159,125,147,1.0,282
19K659,Cypress Hills Collegiate Preparatory School,19,22,1,1,581,86,99,-2,1.0,282
19K764,The Urban Assembly School for Collaborative Healthcare,19,22,1,1,419,71,81,-2,1.0,282
19K953,The East New York Arts and Civics High School,19,22,1,1,169,23,68,-2,1.0,282
24Q293,Civic Leadership Academy,24,22,1,1,1157,291,142,191,1.0,282
24Q560,"Robert F. Wagner, Jr. Secondary School for Arts and Technology",24,22,1,1,1368,247,120,161,1.0,282
25Q241,Queens High School for Language Studies,25,22,3,3,371,90,125,76,1.0,1
25Q263,Flushing International High School,25,22,1,1,576,182,90,90,1.0,282
25Q281,East-West School of International Studies,25,22,1,1,766,290,89,113,1.0,282
25Q460,Flushing High School,25,22,1,1,1592,289,419,419,1.0,282
26Q430,Francis Lewis High School,26,22,2,2,8708,3905,913,1030,1.0,1
26Q566,"Queens High School of Teaching, Liberal Arts and the Sciences",26,22,1,1,671,231,258,222,1.0,282
27Q324,Rockaway Park High School for Environmental Sustainability,27,22,1,1,164,25,108,51,1.0,282
27Q400,August Martin High School,27,22,1,1,960,177,250,218,1.0,282
28Q325,Hillside Arts & Letters Academy,28,22,1,1,520,82,108,133,1.0,282
28Q680,Queens Gateway to Health Sciences Secondary School,28,22,1,1,1238,384,108,147,1.0,282
28Q686,Queens Metropolitan High School,28,22,1,1,2321,931,279,279,1.0,282
29Q248,Queens Preparatory Academy,29,22,1,1,383,62,100,-2,1.0,282
30Q286,"Young Women's Leadership School, Astoria",30,22,1,1,453,156,81,103,1.0,282
30Q502,Information Technology High School,30,22,1,1,944,190,227,-2,1.0,282
31R028,The Eagle Academy for Young Men of Staten Island,31,22,1,1,94,26,81,-2,1.0,282
31R600,Ralph R. McKee Career and Technical Education High School,31,22,1,1,620,198,316,180,1.0,282
32K545,EBC High School for Public Service - Bushwick,32,22,1,1,467,75,126,-2,1.0,282
02M459,Manhattan International High School,2,22,3,2,738,151,85,73,0.6666666666666666,5
31R047,CSI High School for International Studies,31,22,14,9,1755,879,127,182,0.6428571428571429,6
27Q323,Scholars' Academy,27,22,56,35,1065,580,154,186,0.625,7
01M450,East Side Community School,1,22,7,4,1142,328,95,117,0.5714285714285714,8
02M507,Urban Assembly Gateway School for Technology,2,22,7,4,1299,278,108,146,0.5714285714285714,8
24Q299,Bard High School Early College Queens,24,22,33,18,3866,2227,125,166,0.5454545454545454,10
22K611,Origins High School,22,22,191,101,296,126,128,211,0.5287958115183246,11
22K405,Midwood High School,22,22,3097,1628,11658,5495,910,1323,0.5256700032289312,12
22K535,Leon M. Goldstein High School for the Sciences,22,22,1287,668,3985,2007,258,429,0.519036519036519,13
02M545,High School for Dual Language and Asian Studies,2,22,27,14,769,299,108,150,0.5185185185185185,14
02M047,47 The American Sign Language and English Secondary School,2,22,2,1,318,55,69,-2,0.5,15
02M296,High School of Hospitality Management,2,22,2,1,269,35,135,-2,0.5,15
02M300,"Urban Assembly School of Design and Construction, The",2,22,2,1,346,43,108,-2,0.5,15
02M316,"Urban Assembly School of Business for Young Women, the",2,22,2,1,165,17,120,-2,0.5,15
02M394,Emma Lazarus High School,2,22,2,1,134,19,60,-1,0.5,15
02M395,A School Without Walls,2,22,2,1,178,36,100,-2,0.5,15
02M422,Quest to Learn,2,22,2,1,177,27,108,41,0.5,15
02M449,Vanguard High School,2,22,4,2,701,134,110,158,0.5,15
02M500,Unity Center for Urban Technologies,2,22,2,1,274,48,95,136,0.5,15
02M550,Liberty High School Academy for Newcomers,2,22,2,1,99,16,50,6,0.5,15
03M291,West End Secondary School,3,22,2,1,1209,392,105,146,0.5,15
03M299,The Maxine Greene HS for Imaginative Inquiry,3,22,2,1,77,10,120,-2,0.5,15
03M307,"Urban Assembly School for Media Studies, The",3,22,2,1,328,71,126,109,0.5,15
03M417,Frank McCourt High School,3,22,2,1,1253,345,120,170,0.5,15
05M362,Columbia Secondary School,5,22,26,13,4258,1769,112,175,0.5,15
06M468,High School for Health Careers and Sciences,6,22,2,1,822,121,268,-2,0.5,15
06M552,Gregorio Luperon High School for Science and Mathematics,6,22,2,1,573,165,150,45,0.5,15
07X223,The Laboratory School of Finance and Technology: X223,7,22,2,1,980,230,89,93,0.5,15
07X522,Bronx Design and Construction Academy,7,22,2,1,677,112,140,91,0.5,15
08X269,Bronx Studio School for Writers and Artists,8,22,2,1,481,130,90,113,0.5,15
08X636,Virtual Innovators Academy,8,22,2,1,113,31,80,-2,0.5,15
09X525,Bronx Leadership Academy High School,9,22,2,1,1027,107,105,123,0.5,15
10X225,Theatre Arts Production Company School,10,22,2,1,633,88,170,-2,0.5,15
10X264,Bronx Academy for Software Engineering (BASE),10,22,2,1,1199,175,120,165,0.5,15
10X374,Knowledge and Power Preparatory Academy International High School (Kappa),10,22,2,1,2279,431,120,179,0.5,15
10X433,High School for Teaching and the Professions,10,22,2,1,344,61,102,-2,0.5,15
10X434,Belmont Preparatory High School,10,22,2,1,1447,203,108,176,0.5,15
11X299,Astor Collegiate Academy,11,22,2,1,2199,342,120,189,0.5,15
11X514,The Bronxwood Preparatory Academy,11,22,2,1,668,93,120,150,0.5,15
12X251,Explorations Academy H.S.,12,22,2,1,476,39,117,-2,0.5,15
16K765,Nelson Mandela High School,16,22,2,1,250,25,114,-2,0.5,15
19K422,Spring Creek Community School,19,22,2,1,341,50,73,-2,0.5,15
19K683,School for Classics High School,19,22,2,1,229,54,108,-2,0.5,15
25Q240,Veritas Academy,25,22,2,1,526,96,130,-2,0.5,15
25Q525,Townsend Harris High School,25,22,62,31,6780,4957,290,374,0.5,15
26Q435,Martin Van Buren High School,26,22,2,1,1084,217,352,273,0.5,15
26Q495,Bayside High School,26,22,2,1,6914,2765,851,1041,0.5,15
27Q262,Channel View School for Research,27,22,2,1,755,267,194,212,0.5,15
27Q302,"Queens High School for Information, Research, and Technology",27,22,2,1,671,160,130,177,0.5,15
27Q314,Epic High School - South,27,22,2,1,618,154,95,138,0.5,15
27Q475,Richmond Hill High School,27,22,2,1,1397,386,371,423,0.5,15
28Q284,York Early College Academy,28,22,2,1,1602,580,81,91,0.5,15
29Q326,Cambria Heights Academy,29,22,2,1,581,113,81,103,0.5,15
30Q258,Energy Tech High School,30,22,2,1,1535,348,108,145,0.5,15
30Q445,William Cullen Bryant High School,30,22,2,1,1681,297,435,349,0.5,15
30Q575,Academy of American Studies,30,22,2,1,2727,819,170,224,0.5,15
31R064,Gaynor McCown Expeditionary Learning School,31,22,2,1,777,364,146,171,0.5,15
03M479,Beacon High School,3,22,173,83,7891,4442,360,493,0.4797687861271676,62
22K425,James Madison High School,22,22,3085,1451,6968,2801,837,940,0.47034035656401946,63
01M539,"New Explorations into Science, Technology and Math High School",1,22,121,56,3743,2047,150,289,0.4628099173553719,64
03M541,Manhattan / Hunter Science High School,3,22,144,66,5406,2689,108,176,0.4583333333333333,65
01M696,Bard High School Early College,1,22,142,64,3946,2196,125,198,0.4507042253521127,66
30Q580,Baccalaureate School for Global Education,30,22,18,8,1732,937,97,94,0.4444444444444444,67
15K684,Millennium Brooklyn HS,15,22,682,288,5385,2365,178,252,0.4222873900293255,68
04M555,Central Park East High School,4,22,19,8,4762,1538,125,215,0.42105263157894735,69
03M859,Special Music School,3,22,12,5,482,165,50,64,0.4166666666666667,70
21K525,Edward R. Murrow High School,21,22,1873,762,6293,2283,933,1196,0.406833956219968,71
02M416,Eleanor Roosevelt High School,2,22,161,65,7699,3749,136,224,0.40372670807453415,72
02M303,"Facing History School, The",2,22,5,2,421,87,107,-2,0.4,73
06M540,A. Philip Randolph Campus High School,6,22,10,4,2050,408,471,379,0.4,73
20K609,Urban Assembly School for Leadership and Empowerment,20,22,55,22,278,74,100,132,0.4,73
02M418,Millennium High School,2,22,206,82,5541,2290,176,286,0.39805825242718446,76
02M551,Urban Assembly New York Harbor School,2,22,33,13,724,221,200,-2,0.3939393939393939,77
30Q501,Frank Sinatra School of the Arts High School,30,22,79,31,3557,1643,236,416,0.3924050632911392,78
01M448,University Neighborhood High School,1,22,34,13,2248,447,125,185,0.38235294117647056,79
04M435,Manhattan Center for Science and Mathematics,4,22,29,11,5010,1993,440,709,0.3793103448275862,80
02M411,Baruch College Campus High School,2,22,171,64,6773,2753,118,188,0.3742690058479532,81
22K555,Brooklyn College Academy,22,22,676,240,2698,911,170,228,0.35502958579881655,82
02M420,High School for Health Professions and Human Services,2,22,63,22,2991,776,477,590,0.3492063492063492,83
17K524,International High School at Prospect Heights,17,22,49,17,338,61,108,45,0.3469387755102041,84
02M376,NYC iSchool,2,22,53,18,2459,931,118,158,0.33962264150943394,85
02M399,The High School For Language And Diplomacy,2,22,3,1,385,36,134,-2,0.3333333333333333,86
02M419,Landmark High School,2,22,3,1,457,37,100,-2,0.3333333333333333,86
02M438,International High School at Union Square,2,22,3,1,501,103,68,75,0.3333333333333333,86
02M529,Jacqueline Kennedy Onassis High School,2,22,6,2,534,81,204,-2,0.3333333333333333,86
02M546,Academy for Software Engineering,2,22,39,13,1992,388,125,201,0.3333333333333333,86
02M600,The High School of Fashion Industries,2,22,54,18,2046,720,475,395,0.3333333333333333,86
03M402,The Urban Assembly School for Green Careers,3,22,3,1,494,39,120,45,0.3333333333333333,86
03M494,High School of Arts and Technology,3,22,3,1,1037,132,140,-2,0.3333333333333333,86
06M211,Inwood Early College for Health and Information Technologies,6,22,3,1,745,156,111,-2,0.3333333333333333,86
06M462,The College Academy,6,22,3,1,814,121,121,129,0.3333333333333333,86
07X259,"H.E.R.O. High (Health, Education, and Research Occupations High School)",7,22,3,1,862,174,250,182,0.3333333333333333,86
07X500,Hostos-Lincoln Academy of Science,7,22,3,1,751,158,81,121,0.3333333333333333,86
07X600,Alfred E. Smith Career and Technical Education High School,7,22,3,1,1126,227,189,193,0.3333333333333333,86
07X670,Health Opportunities High School,7,22,3,1,477,47,75,-2,0.3333333333333333,86
08X405,Herbert H. Lehman High School,8,22,3,1,2078,405,528,479,0.3333333333333333,86
09X505,"Bronx School for Law, Government and Justice",9,22,3,1,1132,259,120,154,0.3333333333333333,86
09X543,High School for Violin and Dance,9,22,3,1,149,19,108,-2,0.3333333333333333,86
10X268,Kingsbridge International High School,10,22,3,1,206,15,108,6,0.3333333333333333,86
13K527,Urban Assembly Institute of Math and Science for Young Women,13,22,21,7,237,54,81,60,0.3333333333333333,86
19K583,Multicultural High School,19,22,3,1,320,88,111,64,0.3333333333333333,86
24Q485,Grover Cleveland High School,24,22,3,1,1552,359,420,437,0.3333333333333333,86
24Q585,Maspeth High School,24,22,3,1,5045,1953,270,348,0.3333333333333333,86
25Q285,World Journalism Preparatory: A College Board School,25,22,3,1,448,162,90,139,0.3333333333333333,86
25Q670,Robert F. Kennedy Community High School,25,22,3,1,1012,254,150,223,0.3333333333333333,86
26Q315,Business Technology Early College High School,26,22,3,1,1032,289,180,272,0.3333333333333333,86
27Q308,Robert H. Goddard High School of Communication Arts and Technology,27,22,3,1,1222,468,140,181,0.3333333333333333,86
28Q505,Hillcrest High School,28,22,3,1,2316,496,730,517,0.3333333333333333,86
30Q367,Motion Picture Tech High School,30,22,3,1,538,133,200,-2,0.3333333333333333,86
17K590,Medgar Evers College Preparatory School,17,22,344,114,2078,676,220,237,0.3313953488372093,114
17K600,Clara Barton High School,17,22,239,79,1276,355,434,-2,0.3305439330543933,115
24Q610,Aviation Career & Technical Education High School,24,22,25,8,4123,1548,530,723,0.32,116
02M408,Professional Performing Arts High School,2,22,44,14,1255,378,128,180,0.3181818181818182,117
21K690,Brooklyn Studio Secondary School,21,22,130,41,844,281,102,133,0.3153846153846154,118
15K656,Brooklyn High School of the Arts,15,22,170,52,2104,574,254,272,0.3058823529411765,119
20K490,Fort Hamilton High School,20,22,419,127,4983,1995,883,903,0.3031026252983294,120
02M630,Art and Design High School,2,22,114,34,3594,1359,385,523,0.2982456140350877,121
02M414,N.Y.C. Museum School,2,22,42,12,3022,865,150,254,0.2857142857142857,122
14K558,Williamsburg High School for Architecture and Design,14,22,35,10,1223,253,155,212,0.2857142857142857,122
21K468,Kingsborough Early College School,21,22,279,79,1229,429,110,122,0.2831541218637993,124
16K498,Brooklyn High School for Law and Technology,16,22,143,40,1730,296,151,-2,0.27972027972027974,125
15K464,Park Slope Collegiate,15,22,54,15,613,115,102,130,0.2777777777777778,126
17K543,"Science, Technology and Research Early College High School at Erasmus",17,22,157,43,790,197,130,145,0.27388535031847133,127
02M282,Urban Assembly Maker Academy,2,22,22,6,1074,175,150,216,0.2727272727272727,128
29Q492,"Mathematics, Science Research and Technology Magnet High School",29,22,22,6,782,146,150,-2,0.2727272727272727,128
21K410,Abraham Lincoln High School,21,22,560,149,2225,539,741,604,0.26607142857142857,130
23K644,Eagle Academy for Young Men II,23,22,34,9,554,179,92,139,0.2647058823529412,131
13K674,"City Polytechnic High School of Engineering, Architecture, and Technology",13,22,122,32,1239,274,108,160,0.26229508196721313,132
15K429,Digital Arts and Cinema Technology High School,15,22,27,7,579,105,90,94,0.25925925925925924,133
13K963,Design Works High School,13,22,31,8,607,86,81,-2,0.25806451612903225,134
02M260,The Clinton School,2,22,43,11,2837,1151,134,221,0.2558139534883721,135
02M427,Manhattan Academy For Arts & Language,2,22,4,1,389,72,108,49,0.25,136
02M439,Manhattan Village Academy,2,22,28,7,3002,860,100,201,0.25,136
02M542,Manhattan Bridges High School,2,22,4,1,904,224,172,95,0.25,136
10X440,DeWitt Clinton High School,10,22,4,1,2901,586,385,492,0.25,136
10X565,High School for Energy and Technology,10,22,4,1,503,51,120,-2,0.25,136
11X275,High School of Computers and Technology,11,22,4,1,715,115,181,156,0.25,136
24Q264,Academy of Finance and Enterprise,24,22,4,1,2163,546,124,151,0.25,136
28Q690,High School for Law Enforcement and Public Safety,28,22,4,1,396,91,165,109,0.25,136
30Q417,Gotham Tech High School,30,22,4,1,631,96,90,-2,0.25,136
31R445,Port Richmond High School,31,22,4,1,1267,334,564,435,0.25,136
13K595,Bedford Academy High School,13,22,258,64,2464,599,81,114,0.24806201550387597,146
21K620,William E. Grady Career and Technical Education High School,21,22,308,74,970,205,305,214,0.24025974025974026,147
17K408,Academy of Hospitality and Tourism,17,22,101,24,571,89,118,-2,0.2376237623762376,148
13K439,Brooklyn International High School,13,22,38,9,409,71,81,53,0.23684210526315788,149
02M412,N.Y.C. Lab School for Collaborative Studies,2,22,55,13,3134,1067,109,161,0.23636363636363636,150
21K540,John Dewey High School,21,22,615,145,2573,622,553,577,0.23577235772357724,151
29Q498,"Health, Arts, Robotics, and Technology High School",29,22,13,3,1435,293,196,264,0.23076923076923078,152
20K445,New Utrecht High School,20,22,528,121,4568,1443,630,730,0.22916666666666666,153
21K344,Rachel Carson High School for Coastal Studies,21,22,110,25,469,162,160,200,0.22727272727272727,154
02M413,School of the Future High School,2,22,27,6,1741,485,108,152,0.2222222222222222,155
18K566,Brooklyn Community High School for Excellence and Equity,18,22,111,24,448,61,75,-2,0.21621621621621623,156
17K537,High School for Youth and Community Development at Erasmus,17,22,86,18,488,82,140,-2,0.20930232558139536,157
20K485,High School of Telecommunication Arts and Technology,20,22,149,31,2973,1210,310,363,0.2080536912751678,158
20K505,Franklin Delano Roosevelt High School,20,22,669,139,3723,924,710,852,0.2077727952167414,159
18K637,Academy for Conservation and the Environment,18,22,154,31,727,92,170,217,0.2012987012987013,160
02M139,Stephen T. Mather Building Arts & Craftsmanship High School,2,22,10,2,432,88,108,-2,0.2,161
03M415,Wadleigh Secondary School for the Performing & Visual Arts,3,22,5,1,826,130,128,-2,0.2,161
24Q267,High School of Applied Communication,24,22,5,1,557,75,145,-2,0.2,161
19K507,Performing Arts and Technology High School,19,22,41,8,1103,157,125,163,0.1951219512195122,164
13K605,George Westinghouse Career and Technical Education High School,13,22,108,21,1254,203,254,194,0.19444444444444445,165
15K497,The Boerum Hill School for International Studies,15,22,36,7,801,155,125,-2,0.19444444444444445,165
21K348,High School of Sports Management,21,22,57,11,386,75,176,-2,0.19298245614035087,167
13K670,Benjamin Banneker Academy,13,22,155,29,1912,451,225,318,0.1870967741935484,168
18K576,Victory Collegiate High School,18,22,97,18,305,61,140,-2,0.18556701030927836,169
02M294,Essex Street Academy,2,22,55,10,2478,562,90,125,0.18181818181818182,170
02M305,"Urban Assembly Academy of Government and Law, The",2,22,17,3,573,75,100,-2,0.17647058823529413,171
13K412,Brooklyn Community Arts & Media High School (BCAM),13,22,51,9,702,113,142,-2,0.17647058823529413,171
13K419,"Science Skills Center High School for Science, Technology and the Creative Arts",13,22,74,13,909,111,258,143,0.17567567567567569,173
23K493,Brooklyn Collegiate: A College Board School,23,22,58,10,727,113,120,-2,0.1724137931034483,174
02M519,Talent Unlimited High School,2,22,41,7,1599,468,152,213,0.17073170731707318,175
17K547,Brooklyn Academy of Science and the Environment,17,22,41,7,373,53,108,-2,0.17073170731707318,175
18K617,High School for Innovation in Advertising and Media,18,22,41,7,522,101,81,91,0.17073170731707318,175
21K572,Leaders High School,21,22,65,11,462,119,110,141,0.16923076923076924,178
06M463,High School for Media and Communications,6,22,6,1,505,61,150,-2,0.16666666666666666,179
06M467,High School for Law and Public Service,6,22,6,1,643,95,167,84,0.16666666666666666,179
14K071,Juan Morel Campos Secondary School,14,22,6,1,341,78,101,69,0.16666666666666666,179
15K592,Khalil Gibran International Academy,15,22,6,1,101,19,81,-2,0.16666666666666666,179
28Q440,Forest Hills High School,28,22,6,1,7184,2477,702,851,0.16666666666666666,179
29Q243,Institute for Health Professions at Cambria Heights,29,22,6,1,416,79,108,132,0.16666666666666666,179
29Q272,George Washington Carver High School for the Sciences,29,22,6,1,590,92,93,-2,0.16666666666666666,179
02M489,High School of Economics and Finance,2,22,25,4,1374,223,230,-2,0.16,186
19K502,FDNY - Captain Vernon A. Richard High School for Fire and Life Safety,19,22,25,4,745,141,108,125,0.16,186
21K337,International High School at Lafayette,21,22,44,7,327,76,90,35,0.1590909090909091,188
15K667,Sunset Park High School,15,22,63,10,989,260,354,-2,0.15873015873015872,189
17K382,Academy for College Preparation and Career Exploration: A College Board School,17,22,152,24,837,124,108,-2,0.15789473684210525,190
17K539,High School for Service & Learning at Erasmus,17,22,57,9,296,35,108,98,0.15789473684210525,190
27Q650,"High School for Construction Trades, Engineering and Architecture",27,22,19,3,3028,1209,247,311,0.15789473684210525,190
18K633,High School for Medical Professions,18,22,90,13,666,99,108,116,0.14444444444444443,193
02M280,Manhattan Early College School for Advertising,2,22,14,2,572,88,112,-2,0.14285714285714285,194
02M605,Humanities Preparatory Academy,2,22,7,1,861,101,75,-2,0.14285714285714285,194
02M615,Chelsea Career and Technical Education High School,2,22,14,2,821,118,152,-2,0.14285714285714285,194
04M495,Park East High School,4,22,7,1,2653,739,100,166,0.14285714285714285,194
07X548,Careers in Sports High School,7,22,7,1,1056,226,125,202,0.14285714285714285,194
08X367,"Archimedes Academy for Math, Science and Technology Applications",8,22,7,1,427,75,100,-2,0.14285714285714285,194
10X237,"The Marie Curie High School for Medicine, Nursing, and Health Professions",10,22,7,1,334,46,135,-2,0.14285714285714285,194
13K483,The Urban Assembly School for Law and Justice,13,22,63,9,593,105,115,-2,0.14285714285714285,194
23K697,Teachers Preparatory High School,23,22,7,1,187,35,90,-2,0.14285714285714285,194
24Q520,Middle College High School at LaGuardia Community College,24,22,7,1,1826,552,97,118,0.14285714285714285,194
27Q260,Frederick Douglass Academy VI High School,27,22,7,1,482,71,121,-2,0.14285714285714285,194
28Q620,Thomas A. Edison Career and Technical Education High School,28,22,7,1,6131,2355,473,583,0.14285714285714285,194
30Q450,Long Island City High School,30,22,7,1,1827,403,790,432,0.14285714285714285,194
31R455,Tottenville High School,31,22,7,1,3274,1627,1158,1357,0.14285714285714285,194
32K549,The Brooklyn School for Social Justice,32,22,7,1,425,47,120,-2,0.14285714285714285,194
32K556,Bushwick Leaders High School for Academic Excellence,32,22,7,1,768,125,120,-2,0.14285714285714285,194
15K462,John Jay School for Law,15,22,141,19,1012,184,125,-2,0.1347517730496454,210
14K610,A-Tech High School,14,22,54,7,1273,264,224,243,0.12962962962962962,211
17K528,The High School for Global Citizenship,17,22,47,6,524,55,100,63,0.1276595744680851,212
02M313,"James Baldwin School, The: A School for Expeditionary Learning",2,22,8,1,71,14,25,-2,0.125,213
08X312,Millennium Art Academy,8,22,8,1,625,136,112,117,0.125,213
14K614,Young Women's Leadership School of Brooklyn,14,22,8,1,251,47,93,59,0.125,213
18K567,Brooklyn Theatre Arts High School,18,22,77,9,352,39,125,-2,0.11688311688311688,216
02M425,Leadership and Public Service High School,2,22,9,1,387,36,145,52,0.1111111111111111,217
02M432,Murray Hill Academy,2,22,9,1,558,76,90,-2,0.1111111111111111,217
02M531,Repertory Company High School for Theatre Arts,2,22,9,1,365,100,60,68,0.1111111111111111,217
31R450,Curtis High School,31,22,9,1,1967,690,804,754,0.1111111111111111,217
17K745,Brooklyn Institute for Liberal Arts,17,22,93,10,761,109,175,158,0.10752688172043011,221
18K563,It Takes a Village Academy,18,22,66,7,353,23,135,-2,0.10606060606060606,222
02M533,Union Square Academy for Health Sciences,2,22,19,2,834,154,163,143,0.10526315789473684,223
02M400,High School for Environmental Studies,2,22,20,2,2558,395,344,385,0.1,224
14K474,PROGRESS High School for Professional Careers,14,22,10,1,506,81,153,-2,0.1,224
23K514,Frederick Douglass Academy VII High School,23,22,10,1,532,76,108,85,0.1,224
27Q309,Academy of Medical Technology: A College Board School,27,22,10,1,626,120,105,109,0.1,224
31R460,Susan E. Wagner High School,31,22,10,1,2611,968,660,631,0.1,224
02M135,The Urban Assembly Early College High School for Emergency Medicine,2,22,11,1,510,116,122,-2,0.09090909090909091,229
02M393,Business Of Sports School,2,22,11,1,1151,248,129,210,0.09090909090909091,229
03M492,"High School for Law, Advocacy and Community Justice",3,22,11,1,920,170,220,-2,0.09090909090909091,229
24Q550,High School for Arts and Business,24,22,11,1,2257,552,191,255,0.09090909090909091,229
31R440,New Dorp High School,31,22,11,1,2806,1011,668,887,0.09090909090909091,229
02M520,Murry Bergtraum High School for Business Careers,2,22,12,1,222,38,240,-2,0.08333333333333333,234
24Q600,Queens Technical High School,24,22,12,1,3942,1196,350,423,0.08333333333333333,234
29Q313,Benjamin Franklin High School for Finance & Information Technology,29,22,12,1,735,122,108,-2,0.08333333333333333,234
17K546,High School for Public Service: Heroes of Tomorrow,17,22,97,8,656,69,130,-2,0.08247422680412371,237
32K554,All City Leadership Secondary School,32,22,25,2,911,247,62,62,0.08,238
02M308,Lower Manhattan Arts Academy,2,22,13,1,524,69,95,-2,0.07692307692307693,239
02M543,New Design High School,2,22,13,1,852,157,125,145,0.07692307692307693,239
19K404,Academy for Young Writers,19,22,13,1,559,71,92,82,0.07692307692307693,239
32K552,The Academy of Urban Planning and Engineering,32,22,13,1,737,128,113,-2,0.07692307692307693,239
02M288,Food and Finance High School,2,22,14,1,1225,264,150,211,0.07142857142857142,243
21K559,Life Academy High School for Film and Music,21,22,14,1,145,21,81,49,0.07142857142857142,243
24Q530,International High School at LaGuardia Community College,24,22,14,1,1236,505,119,114,0.07142857142857142,243
32K403,Academy for Excellence in Leadership,32,22,14,1,653,76,108,-2,0.07142857142857142,243
02M392,Manhattan Business Academy,2,22,15,1,1321,191,161,-2,0.06666666666666667,247
02M407,Institute for Collaborative Education,2,22,15,1,836,263,61,73,0.06666666666666667,247
02M534,Harvest Collegiate High School,2,22,15,1,1116,115,116,-2,0.06666666666666667,247
25Q425,John Bowne High School,25,22,15,1,3116,720,783,809,0.06666666666666667,247
19K510,World Academy for Total Community Health High School,19,22,16,1,417,29,98,-2,0.0625,251
19K618,Academy of Innovative Technology,19,22,16,1,1048,183,115,169,0.0625,251
30Q301,Academy for Careers in Television and Film,30,22,16,1,1410,330,151,200,0.0625,251
31R080,The Michael J. Petrides School,31,22,82,5,724,274,128,188,0.06097560975609756,254
02M580,Richard R. Green High School of Teaching,2,22,34,2,1291,154,160,-2,0.058823529411764705,255
18K642,Urban Action Academy,18,22,19,1,231,44,107,-2,0.05263157894736842,256
14K454,The Williamsburg High School of Art and Technology,14,22,20,1,893,129,116,120,0.05,257
14K477,East Williamsburg Scholars Academy,14,22,20,1,650,90,234,-2,0.05,257
14K561,Williamsburg Preparatory School,14,22,20,1,1131,226,180,236,0.05,257
15K463,Cyberarts Studio Academy,15,22,20,1,256,30,125,-2,0.05,257
18K569,Kurt Hahn Expeditionary Learning School,18,22,20,1,141,21,81,-2,0.05,257
02M374,Gramercy Arts High School,2,22,21,1,1038,129,204,78,0.047619047619047616,262
13K265,Dr. Susan S. McKinney Secondary School of the Arts,13,22,21,1,362,54,82,-2,0.047619047619047616,262
02M298,Pace High School,2,22,22,1,1172,169,190,177,0.045454545454545456,264
32K168,The Brooklyn School for Math and Research,32,22,23,1,710,99,108,148,0.043478260869565216,265
19K639,Brooklyn Lab School,19,22,24,1,980,152,102,143,0.041666666666666664,266
13K594,Gotham Professional Arts Academy,13,22,25,1,364,61,81,-2,0.04,267
13K350,Urban Assembly School of Music and Art,13,22,26,1,494,52,108,-2,0.038461538461538464,268
27Q480,John Adams High School,27,22,28,1,2490,480,636,644,0.03571428571428571,269
14K488,Brooklyn Preparatory High School,14,22,30,1,1061,174,153,-2,0.03333333333333333,270
16K688,The Brooklyn Academy of Global Finance,16,22,31,1,469,56,108,-2,0.03225806451612903,271
15K448,Brooklyn Collaborative Studies,15,22,33,1,693,99,90,110,0.030303030303030304,272
15K519,Cobble Hill School of American Studies,15,22,34,1,481,62,278,-2,0.029411764705882353,273
19K615,Transit Tech Career and Technical Education High School,19,22,37,1,1168,225,315,-2,0.02702702702702703,274
19K660,W. H. Maxwell Career and Technical Education High School,19,22,39,1,991,185,305,164,0.02564102564102564,275
17K122,Pathways in Technology Early College High School (P-Tech),17,22,40,1,712,114,150,-2,0.025,276
17K751,Academy for Health Careers,17,22,42,1,715,72,108,-2,0.023809523809523808,277
16K455,Boys and Girls High School,16,22,44,1,712,68,369,96,0.022727272727272728,278
17K548,Brooklyn School for Music & Theatre,17,22,46,1,522,74,108,-2,0.021739130434782608,279
14K478,"The High School for Enterprise, Business and Technology",14,22,55,1,1197,144,249,130,0.01818181818181818,280
18K629,Cultural Academy for the Arts and Sciences,18,22,79,1,567,70,116,80,0.012658227848101266,281
01M292,Orchard Collegiate Academy,1,23,1,1,280,71,90,-2,1.0,287
02M047,47 The American Sign Language and English Secondary School,2,23,5,5,318,55,69,-2,1.0,1
02M300,"Urban Assembly School of Design and Construction, The",2,23,1,1,346,43,108,-2,1.0,287
02M303,"Facing History School, The",2,23,1,1,421,87,107,-2,1.0,287
02M500,Unity Center for Urban Technologies,2,23,1,1,274,48,95,136,1.0,287
02M542,Manhattan Bridges High School,2,23,1,1,904,224,172,95,1.0,287
02M545,High School for Dual Language and Asian Studies,2,23,2,2,769,299,108,150,1.0,1
02M586,Harvey Milk High School,2,23,1,1,40,3,45,-1,1.0,287
03M299,The Maxine Greene HS for Imaginative Inquiry,3,23,1,1,77,10,120,-2,1.0,287
03M307,"Urban Assembly School for Media Studies, The",3,23,1,1,328,71,126,109,1.0,287
03M402,The Urban Assembly School for Green Careers,3,23,1,1,494,39,120,45,1.0,287
03M417,Frank McCourt High School,3,23,1,1,1253,345,120,170,1.0,287
03M859,Special Music School,3,23,2,2,482,165,50,64,1.0,1
04M372,Esperanza Preparatory Academy,4,23,1,1,322,114,106,120,1.0,287
05M369,Urban Assembly School for the Performing Arts,5,23,1,1,372,52,108,-2,1.0,287
06M463,High School for Media and Communications,6,23,1,1,505,61,150,-2,1.0,287
06M467,High School for Law and Public Service,6,23,2,2,643,95,167,84,1.0,1
06M552,Gregorio Luperon High School for Science and Mathematics,6,23,1,1,573,165,150,45,1.0,287
07X223,The Laboratory School of Finance and Technology: X223,7,23,1,1,980,230,89,93,1.0,287
07X259,"H.E.R.O. High (Health, Education, and Research Occupations High School)",7,23,1,1,862,174,250,182,1.0,287
07X334,International Community High School,7,23,1,1,210,40,81,23,1.0,287
07X473,Mott Haven Village Preparatory High School,7,23,1,1,460,62,81,-2,1.0,287
07X495,University Heights Secondary School,7,23,2,2,2181,787,140,203,1.0,1
07X500,Hostos-Lincoln Academy of Science,7,23,1,1,751,158,81,121,1.0,287
07X522,Bronx Design and Construction Academy,7,23,1,1,677,112,140,91,1.0,287
07X551,The Urban Assembly Bronx Academy of Letters,7,23,1,1,309,45,108,58,1.0,287
07X625,Bronx Legacy High School,7,23,1,1,690,97,90,-2,1.0,287
07X670,Health Opportunities High School,7,23,1,1,477,47,75,-2,1.0,287
08X269,Bronx Studio School for Writers and Artists,8,23,1,1,481,130,90,113,1.0,287
08X530,Longwood Preparatory Academy,8,23,1,1,649,115,120,143,1.0,287
08X636,Virtual Innovators Academy,8,23,1,1,113,31,80,-2,1.0,287
09X241,"Urban Assembly School for Applied Math and Science, The",9,23,1,1,561,117,90,99,1.0,287
09X263,Validus Preparatory Academy,9,23,1,1,264,33,90,-2,1.0,287
09X403,Bronx International High School,9,23,1,1,537,54,135,12,1.0,287
09X543,High School for Violin and Dance,9,23,1,1,149,19,108,-2,1.0,287
10X243,West Bronx Academy for the Future,10,23,1,1,917,136,90,109,1.0,287
10X264,Bronx Academy for Software Engineering (BASE),10,23,1,1,1199,175,120,165,1.0,287
10X434,Belmont Preparatory High School,10,23,1,1,1447,203,108,176,1.0,287
10X477,Marble Hill High School for International Studies,10,23,1,1,810,158,108,139,1.0,287
10X546,Bronx Theatre High School,10,23,1,1,414,45,128,-2,1.0,287
10X565,High School for Energy and Technology,10,23,1,1,503,51,120,-2,1.0,287
11X509,High School of Language and Innovation,11,23,1,1,299,56,108,36,1.0,287
11X545,Bronx Aerospace High School,11,23,1,1,751,109,189,-2,1.0,287
12X242,Mott Hall V,12,23,1,1,1001,282,81,91,1.0,287
12X248,"Metropolitan High School, The",12,23,1,1,228,33,151,-2,1.0,287
12X271,East Bronx Academy for the Future,12,23,1,1,464,97,90,79,1.0,287
12X479,Bronx Career and College Preparatory High School,12,23,1,1,321,28,81,-2,1.0,287
12X511,Bronx Envision Academy,12,23,1,1,459,44,108,-2,1.0,287
12X641,Bard High School Early College Bronx,12,23,2,2,1391,613,100,106,1.0,1
12X682,Fannie Lou Hamer Freedom High School,12,23,1,1,388,73,110,83,1.0,287
12X684,Wings Academy,12,23,1,1,370,63,150,86,1.0,287
21K559,Life Academy High School for Film and Music,21,23,1,1,145,21,81,49,1.0,287
24Q236,International High School for Health Sciences,24,23,1,1,485,112,81,68,1.0,287
24Q267,High School of Applied Communication,24,23,1,1,557,75,145,-2,1.0,287
24Q293,Civic Leadership Academy,24,23,1,1,1157,291,142,191,1.0,287
25Q263,Flushing International High School,25,23,1,1,576,182,90,90,1.0,287
26Q435,Martin Van Buren High School,26,23,1,1,1084,217,352,273,1.0,287
26Q495,Bayside High School,26,23,1,1,6914,2765,851,1041,1.0,287
26Q566,"Queens High School of Teaching, Liberal Arts and the Sciences",26,23,1,1,671,231,258,222,1.0,287
27Q314,Epic High School - South,27,23,1,1,618,154,95,138,1.0,287
27Q324,Rockaway Park High School for Environmental Sustainability,27,23,1,1,164,25,108,51,1.0,287
27Q334,Epic High School - North,27,23,1,1,735,169,70,91,1.0,287
27Q351,Rockaway Collegiate High School,27,23,3,3,258,71,135,-2,1.0,1
28Q167,Metropolitan Expeditionary Learning School,28,23,1,1,1254,467,125,141,1.0,287
28Q310,Queens Collegiate: A College Board School,28,23,1,1,453,67,115,77,1.0,287
28Q328,High School for Community Leadership,28,23,1,1,671,160,150,231,1.0,287
28Q680,Queens Gateway to Health Sciences Secondary School,28,23,1,1,1238,384,108,147,1.0,287
28Q896,"Young Women's Leadership School, Queens",28,23,1,1,350,99,81,119,1.0,287
29Q259,Pathways College Preparatory School: A College Board School,29,23,1,1,440,145,186,167,1.0,287
29Q265,Excelsior Preparatory High School,29,23,1,1,353,58,108,95,1.0,287
29Q272,George Washington Carver High School for the Sciences,29,23,1,1,590,92,93,-2,1.0,287
30Q286,"Young Women's Leadership School, Astoria",30,23,1,1,453,156,81,103,1.0,287
30Q555,Newcomers High School,30,23,1,1,559,166,81,107,1.0,287
31R455,Tottenville High School,31,23,1,1,3274,1627,1158,1357,1.0,287
02M412,N.Y.C. Lab School for Collaborative Studies,2,23,4,3,3134,1067,109,161,0.75,8
02M655,The High School for Climate Justice,2,23,3,2,298,60,152,105,0.6666666666666666,9
06M468,High School for Health Careers and Sciences,6,23,3,2,822,121,268,-2,0.6666666666666666,9
07X427,Community School for Social Justice,7,23,3,2,229,33,81,-2,0.6666666666666666,9
22K611,Origins High School,22,23,3,2,296,126,128,211,0.6666666666666666,9
02M551,Urban Assembly New York Harbor School,2,23,9,5,724,221,200,-2,0.5555555555555556,13
01M696,Bard High School Early College,1,23,42,23,3946,2196,125,198,0.5476190476190477,14
02M376,NYC iSchool,2,23,10,5,2459,931,118,158,0.5,15
02M419,Landmark High School,2,23,2,1,457,37,100,-2,0.5,15
03M403,The Global Learning Collaborative,3,23,2,1,754,90,108,-2,0.5,15
03M860,Frederick Douglass Academy II Secondary School,3,23,2,1,309,55,95,105,0.5,15
04M680,"Heritage School, The",4,23,2,1,482,60,80,-2,0.5,15
05M157,The Urban Assembly School for Global Commerce,5,23,2,1,207,26,81,-2,0.5,15
05M499,Frederick Douglass Academy,5,23,2,1,903,195,325,214,0.5,15
07X527,Bronx Leadership Academy II High School,7,23,2,1,911,103,131,-2,0.5,15
08X320,Pelham Lab High School,8,23,2,1,514,49,108,-2,0.5,15
08X405,Herbert H. Lehman High School,8,23,2,1,2078,405,528,479,0.5,15
08X452,Gotham Collaborative High School,8,23,2,1,343,51,120,-2,0.5,15
09X260,Bronx Center for Science and Mathematics,9,23,2,1,2530,621,108,201,0.5,15
10X237,"The Marie Curie High School for Medicine, Nursing, and Health Professions",10,23,2,1,334,46,135,-2,0.5,15
10X438,Fordham Leadership Academy,10,23,2,1,2416,416,108,155,0.5,15
10X439,Bronx High School for Law and Community Service,10,23,2,1,1467,220,108,163,0.5,15
11X249,Bronx Health Sciences High School,11,23,2,1,1270,225,200,261,0.5,15
11X275,High School of Computers and Technology,11,23,2,1,715,115,181,156,0.5,15
11X288,Collegiate Institute for Math and Science,11,23,2,1,1764,317,133,200,0.5,15
11X290,Bronx Academy of Health Careers,11,23,2,1,897,90,108,-2,0.5,15
11X299,Astor Collegiate Academy,11,23,2,1,2199,342,120,189,0.5,15
11X418,Bronx High School for the Visual Arts,11,23,2,1,951,168,102,136,0.5,15
11X544,High School for Contemporary Arts,11,23,2,1,607,55,240,-2,0.5,15
12X267,Bronx Latin,12,23,2,1,841,149,81,113,0.5,15
12X388,Pan American International High School at Monroe,12,23,2,1,310,71,108,43,0.5,15
12X446,Arturo A. Schomburg Satellite Academy Bronx,12,23,2,1,222,33,40,24,0.5,15
12X550,High School of World Cultures,12,23,2,1,380,49,108,36,0.5,15
25Q425,John Bowne High School,25,23,2,1,3116,720,783,809,0.5,15
27Q262,Channel View School for Research,27,23,2,1,755,267,194,212,0.5,15
29Q243,Institute for Health Professions at Cambria Heights,29,23,2,1,416,79,108,132,0.5,15
29Q326,Cambria Heights Academy,29,23,2,1,581,113,81,103,0.5,15
30Q417,Gotham Tech High School,30,23,2,1,631,96,90,-2,0.5,15
31R440,New Dorp High School,31,23,2,1,2806,1011,668,887,0.5,15
02M630,Art and Design High School,2,23,51,25,3594,1359,385,523,0.49019607843137253,47
24Q299,Bard High School Early College Queens,24,23,21,10,3866,2227,125,166,0.47619047619047616,48
02M439,Manhattan Village Academy,2,23,11,5,3002,860,100,201,0.45454545454545453,49
21K468,Kingsborough Early College School,21,23,23,10,1229,429,110,122,0.43478260869565216,50
02M507,Urban Assembly Gateway School for Technology,2,23,7,3,1299,278,108,146,0.42857142857142855,51
24Q610,Aviation Career & Technical Education High School,24,23,14,6,4123,1548,530,723,0.42857142857142855,51
30Q501,Frank Sinatra School of the Arts High School,30,23,28,12,3557,1643,236,416,0.42857142857142855,51
05M362,Columbia Secondary School,5,23,10,4,4258,1769,112,175,0.4,54
22K405,Midwood High School,22,23,281,106,11658,5495,910,1323,0.37722419928825623,55
25Q525,Townsend Harris High School,25,23,27,10,6780,4957,290,374,0.37037037037037035,56
02M418,Millennium High School,2,23,50,18,5541,2290,176,286,0.36,57
02M135,The Urban Assembly Early College High School for Emergency Medicine,2,23,14,5,510,116,122,-2,0.35714285714285715,58
20K485,High School of Telecommunication Arts and Technology,20,23,17,6,2973,1210,310,363,0.35294117647058826,59
15K684,Millennium Brooklyn HS,15,23,122,43,5385,2365,178,252,0.3524590163934426,60
23K644,Eagle Academy for Young Men II,23,23,105,37,554,179,92,139,0.3523809523809524,61
01M450,East Side Community School,1,23,6,2,1142,328,95,117,0.3333333333333333,62
01M539,"New Explorations into Science, Technology and Math High School",1,23,27,9,3743,2047,150,289,0.3333333333333333,62
02M139,Stephen T. Mather Building Arts & Craftsmanship High School,2,23,3,1,432,88,108,-2,0.3333333333333333,62
02M296,High School of Hospitality Management,2,23,3,1,269,35,135,-2,0.3333333333333333,62
02M313,"James Baldwin School, The: A School for Expeditionary Learning",2,23,3,1,71,14,25,-2,0.3333333333333333,62
02M316,"Urban Assembly School of Business for Young Women, the",2,23,3,1,165,17,120,-2,0.3333333333333333,62
02M399,The High School For Language And Diplomacy,2,23,3,1,385,36,134,-2,0.3333333333333333,62
02M400,High School for Environmental Studies,2,23,3,1,2558,395,344,385,0.3333333333333333,62
02M407,Institute for Collaborative Education,2,23,3,1,836,263,61,73,0.3333333333333333,62
02M449,Vanguard High School,2,23,3,1,701,134,110,158,0.3333333333333333,62
02M519,Talent Unlimited High School,2,23,30,10,1599,468,152,213,0.3333333333333333,62
02M531,Repertory Company High School for Theatre Arts,2,23,3,1,365,100,60,68,0.3333333333333333,62
06M293,City College Academy of the Arts,6,23,3,1,1028,337,81,95,0.3333333333333333,62
08X312,Millennium Art Academy,8,23,3,1,625,136,112,117,0.3333333333333333,62
08X367,"Archimedes Academy for Math, Science and Technology Applications",8,23,3,1,427,75,100,-2,0.3333333333333333,62
09X413,Bronx High School for Medical Science,9,23,3,1,1104,178,90,170,0.3333333333333333,62
10X213,Bronx Engineering and Technology Academy,10,23,3,1,754,115,142,-2,0.3333333333333333,62
10X225,Theatre Arts Production Company School,10,23,3,1,633,88,170,-2,0.3333333333333333,62
10X374,Knowledge and Power Preparatory Academy International High School (Kappa),10,23,3,1,2279,431,120,179,0.3333333333333333,62
12X251,Explorations Academy H.S.,12,23,3,1,476,39,117,-2,0.3333333333333333,62
14K685,El Puente Academy for Peace and Justice,14,23,3,1,134,25,70,-2,0.3333333333333333,62
20K609,Urban Assembly School for Leadership and Empowerment,20,23,3,1,278,74,100,132,0.3333333333333333,62
24Q296,Pan American International High School,24,23,3,1,508,166,108,28,0.3333333333333333,62
27Q323,Scholars' Academy,27,23,3,1,1065,580,154,186,0.3333333333333333,62
28Q350,Jamaica Gateway to the Sciences,28,23,3,1,1005,210,150,184,0.3333333333333333,62
28Q686,Queens Metropolitan High School,28,23,3,1,2321,931,279,279,0.3333333333333333,62
28Q690,High School for Law Enforcement and Public Safety,28,23,3,1,396,91,165,109,0.3333333333333333,62
29Q327,Eagle Academy for Young Men III,29,23,3,1,324,112,120,-2,0.3333333333333333,62
30Q258,Energy Tech High School,30,23,3,1,1535,348,108,145,0.3333333333333333,62
30Q450,Long Island City High School,30,23,3,1,1827,403,790,432,0.3333333333333333,62
30Q580,Baccalaureate School for Global Education,30,23,6,2,1732,937,97,94,0.3333333333333333,62
02M600,The High School of Fashion Industries,2,23,52,17,2046,720,475,395,0.3269230769230769,93
22K535,Leon M. Goldstein High School for the Sciences,22,23,31,10,3985,2007,258,429,0.3225806451612903,94
22K555,Brooklyn College Academy,22,23,119,38,2698,911,170,228,0.31932773109243695,95
15K656,Brooklyn High School of the Arts,15,23,118,36,2104,574,254,272,0.3050847457627119,96
21K410,Abraham Lincoln High School,21,23,110,33,2225,539,741,604,0.3,97
03M479,Beacon High School,3,23,71,21,7891,4442,360,493,0.29577464788732394,98
03M541,Manhattan / Hunter Science High School,3,23,38,11,5406,2689,108,176,0.2894736842105263,99
02M393,Business Of Sports School,2,23,21,6,1151,248,129,210,0.2857142857142857,100
02M605,Humanities Preparatory Academy,2,23,7,2,861,101,75,-2,0.2857142857142857,100
04M435,Manhattan Center for Science and Mathematics,4,23,14,4,5010,1993,440,709,0.2857142857142857,100
02M420,High School for Health Professions and Human Services,2,23,50,14,2991,776,477,590,0.28,103
19K583,Multicultural High School,19,23,36,10,320,88,111,64,0.2777777777777778,104
02M260,The Clinton School,2,23,11,3,2837,1151,134,221,0.2727272727272727,105
13K483,The Urban Assembly School for Law and Justice,13,23,41,11,593,105,115,-2,0.2682926829268293,106
06M540,A. Philip Randolph Campus High School,6,23,15,4,2050,408,471,379,0.26666666666666666,107
22K425,James Madison High School,22,23,144,38,6968,2801,837,940,0.2638888888888889,108
02M308,Lower Manhattan Arts Academy,2,23,8,2,524,69,95,-2,0.25,109
02M459,Manhattan International High School,2,23,4,1,738,151,85,73,0.25,109
03M291,West End Secondary School,3,23,4,1,1209,392,105,146,0.25,109
04M495,Park East High School,4,23,12,3,2653,739,100,166,0.25,109
07X548,Careers in Sports High School,7,23,4,1,1056,226,125,202,0.25,109
09X525,Bronx Leadership Academy High School,9,23,4,1,1027,107,105,123,0.25,109
10X437,Fordham High School for the Arts,10,23,4,1,1826,399,130,158,0.25,109
11X455,Harry S Truman High School,11,23,4,1,1891,390,913,-2,0.25,109
21K690,Brooklyn Studio Secondary School,21,23,8,2,844,281,102,133,0.25,109
30Q575,Academy of American Studies,30,23,4,1,2727,819,170,224,0.25,109
32K549,The Brooklyn School for Social Justice,32,23,24,6,425,47,120,-2,0.25,109
21K525,Edward R. Murrow High School,21,23,77,19,6293,2283,933,1196,0.24675324675324675,120
02M411,Baruch College Campus High School,2,23,62,15,6773,2753,118,188,0.24193548387096775,121
02M374,Gramercy Arts High School,2,23,34,8,1038,129,204,78,0.23529411764705882,122
23K697,Teachers Preparatory High School,23,23,85,20,187,35,90,-2,0.23529411764705882,122
17K537,High School for Youth and Community Development at Erasmus,17,23,43,10,488,82,140,-2,0.23255813953488372,124
17K590,Medgar Evers College Preparatory School,17,23,185,43,2078,676,220,237,0.23243243243243245,125
13K595,Bedford Academy High School,13,23,212,49,2464,599,81,114,0.23113207547169812,126
32K554,All City Leadership Secondary School,32,23,39,9,911,247,62,62,0.23076923076923078,127
14K558,Williamsburg High School for Architecture and Design,14,23,48,11,1223,253,155,212,0.22916666666666666,128
23K514,Frederick Douglass Academy VII High School,23,23,162,37,532,76,108,85,0.22839506172839505,129
19K409,East New York Family Academy,19,23,44,10,416,159,125,147,0.22727272727272727,130
18K642,Urban Action Academy,18,23,31,7,231,44,107,-2,0.22580645161290322,131
13K674,"City Polytechnic High School of Engineering, Architecture, and Technology",13,23,98,22,1239,274,108,160,0.22448979591836735,132
19K502,FDNY - Captain Vernon A. Richard High School for Fire and Life Safety,19,23,98,22,745,141,108,125,0.22448979591836735,132
30Q301,Academy for Careers in Television and Film,30,23,9,2,1410,330,151,200,0.2222222222222222,134
13K670,Benjamin Banneker Academy,13,23,163,36,1912,451,225,318,0.22085889570552147,135
32K556,Bushwick Leaders High School for Academic Excellence,32,23,59,13,768,125,120,-2,0.22033898305084745,136
15K462,John Jay School for Law,15,23,71,15,1012,184,125,-2,0.2112676056338028,137
13K594,Gotham Professional Arts Academy,13,23,34,7,364,61,81,-2,0.20588235294117646,138
14K477,East Williamsburg Scholars Academy,14,23,39,8,650,90,234,-2,0.20512820512820512,139
02M427,Manhattan Academy For Arts & Language,2,23,5,1,389,72,108,49,0.2,140
02M437,Hudson High School of Learning Technologies,2,23,5,1,353,48,119,-2,0.2,140
04M555,Central Park East High School,4,23,15,3,4762,1538,125,215,0.2,140
09X252,Mott Hall Bronx High School,9,23,5,1,1138,141,90,130,0.2,140
24Q520,Middle College High School at LaGuardia Community College,24,23,10,2,1826,552,97,118,0.2,140
13K605,George Westinghouse Career and Technical Education High School,13,23,111,22,1254,203,254,194,0.1981981981981982,145
19K660,W. H. Maxwell Career and Technical Education High School,19,23,139,27,991,185,305,164,0.19424460431654678,146
17K600,Clara Barton High School,17,23,93,18,1276,355,434,-2,0.1935483870967742,147
18K629,Cultural Academy for the Arts and Sciences,18,23,93,18,567,70,116,80,0.1935483870967742,147
19K639,Brooklyn Lab School,19,23,62,12,980,152,102,143,0.1935483870967742,147
17K543,"Science, Technology and Research Early College High School at Erasmus",17,23,57,11,790,197,130,145,0.19298245614035087,150
23K493,Brooklyn Collegiate: A College Board School,23,23,163,31,727,113,120,-2,0.1901840490797546,151
18K617,High School for Innovation in Advertising and Media,18,23,58,11,522,101,81,91,0.1896551724137931,152
02M413,School of the Future High School,2,23,11,2,1741,485,108,152,0.18181818181818182,153
02M615,Chelsea Career and Technical Education High School,2,23,11,2,821,118,152,-2,0.18181818181818182,153
13K439,Brooklyn International High School,13,23,39,7,409,71,81,53,0.1794871794871795,155
17K528,The High School for Global Citizenship,17,23,39,7,524,55,100,63,0.1794871794871795,155
14K561,Williamsburg Preparatory School,14,23,69,12,1131,226,180,236,0.17391304347826086,157
02M408,Professional Performing Arts High School,2,23,29,5,1255,378,128,180,0.1724137931034483,158
19K507,Performing Arts and Technology High School,19,23,183,31,1103,157,125,163,0.16939890710382513,159
02M395,A School Without Walls,2,23,6,1,178,36,100,-2,0.16666666666666666,160
02M422,Quest to Learn,2,23,6,1,177,27,108,41,0.16666666666666666,160
02M520,Murry Bergtraum High School for Business Careers,2,23,6,1,222,38,240,-2,0.16666666666666666,160
02M529,Jacqueline Kennedy Onassis High School,2,23,6,1,534,81,204,-2,0.16666666666666666,160
06M211,Inwood Early College for Health and Information Technologies,6,23,6,1,745,156,111,-2,0.16666666666666666,160
07X600,Alfred E. Smith Career and Technical Education High School,7,23,6,1,1126,227,189,193,0.16666666666666666,160
09X412,Bronx High School of Business,9,23,6,1,765,66,120,-2,0.16666666666666666,160
21K572,Leaders High School,21,23,6,1,462,119,110,141,0.16666666666666666,160
24Q264,Academy of Finance and Enterprise,24,23,12,2,2163,546,124,151,0.16666666666666666,160
25Q460,Flushing High School,25,23,6,1,1592,289,419,419,0.16666666666666666,160
25Q670,Robert F. Kennedy Community High School,25,23,6,1,1012,254,150,223,0.16666666666666666,160
27Q302,"Queens High School for Information, Research, and Technology",27,23,6,1,671,160,130,177,0.16666666666666666,160
27Q308,Robert H. Goddard High School of Communication Arts and Technology,27,23,6,1,1222,468,140,181,0.16666666666666666,160
29Q248,Queens Preparatory Academy,29,23,6,1,383,62,100,-2,0.16666666666666666,160
29Q492,"Mathematics, Science Research and Technology Magnet High School",29,23,6,1,782,146,150,-2,0.16666666666666666,160
19K615,Transit Tech Career and Technical Education High School,19,23,111,18,1168,225,315,-2,0.16216216216216217,175
14K610,A-Tech High School,14,23,87,14,1273,264,224,243,0.16091954022988506,176
02M416,Eleanor Roosevelt High School,2,23,25,4,7699,3749,136,224,0.16,177
24Q530,International High School at LaGuardia Community College,24,23,13,2,1236,505,119,114,0.15384615384615385,178
27Q480,John Adams High School,27,23,52,8,2490,480,636,644,0.15384615384615385,178
14K488,Brooklyn Preparatory High School,14,23,80,12,1061,174,153,-2,0.15,180
13K419,"Science Skills Center High School for Science, Technology and the Creative Arts",13,23,90,13,909,111,258,143,0.14444444444444443,181
02M294,Essex Street Academy,2,23,42,6,2478,562,90,125,0.14285714285714285,182
11X270,Academy for Scholarship and Entrepreneurship: A College Board School,11,23,7,1,775,148,120,-2,0.14285714285714285,182
18K633,High School for Medical Professions,18,23,56,8,666,99,108,116,0.14285714285714285,182
24Q560,"Robert F. Wagner, Jr. Secondary School for Arts and Technology",24,23,7,1,1368,247,120,161,0.14285714285714285,182
26Q315,Business Technology Early College High School,26,23,7,1,1032,289,180,272,0.14285714285714285,182
27Q475,Richmond Hill High School,27,23,7,1,1397,386,371,423,0.14285714285714285,182
31R460,Susan E. Wagner High School,31,23,7,1,2611,968,660,631,0.14285714285714285,182
17K122,Pathways in Technology Early College High School (P-Tech),17,23,102,14,712,114,150,-2,0.13725490196078433,189
02M282,Urban Assembly Maker Academy,2,23,22,3,1074,175,150,216,0.13636363636363635,190
32K552,The Academy of Urban Planning and Engineering,32,23,59,8,737,128,113,-2,0.13559322033898305,191
13K412,Brooklyn Community Arts & Media High School (BCAM),13,23,52,7,702,113,142,-2,0.1346153846153846,192
02M543,New Design High School,2,23,15,2,852,157,125,145,0.13333333333333333,193
15K519,Cobble Hill School of American Studies,15,23,45,6,481,62,278,-2,0.13333333333333333,193
02M298,Pace High School,2,23,23,3,1172,169,190,177,0.13043478260869565,195
14K454,The Williamsburg High School of Art and Technology,14,23,79,10,893,129,116,120,0.12658227848101267,196
02M394,Emma Lazarus High School,2,23,8,1,134,19,60,-1,0.125,197
02M432,Murray Hill Academy,2,23,8,1,558,76,90,-2,0.125,197
02M550,Liberty High School Academy for Newcomers,2,23,8,1,99,16,50,6,0.125,197
02M580,Richard R. Green High School of Teaching,2,23,8,1,1291,154,160,-2,0.125,197
03M492,"High School for Law, Advocacy and Community Justice",3,23,16,2,920,170,220,-2,0.125,197
13K963,Design Works High School,13,23,8,1,607,86,81,-2,0.125,197
15K592,Khalil Gibran International Academy,15,23,8,1,101,19,81,-2,0.125,197
28Q505,Hillcrest High School,28,23,8,1,2316,496,730,517,0.125,197
29Q313,Benjamin Franklin High School for Finance & Information Technology,29,23,8,1,735,122,108,-2,0.125,197
31R450,Curtis High School,31,23,8,1,1967,690,804,754,0.125,197
17K745,Brooklyn Institute for Liberal Arts,17,23,89,11,761,109,175,158,0.12359550561797752,207
21K540,John Dewey High School,21,23,59,7,2573,622,553,577,0.11864406779661017,208
28Q620,Thomas A. Edison Career and Technical Education High School,28,23,17,2,6131,2355,473,583,0.11764705882352941,209
02M489,High School of Economics and Finance,2,23,27,3,1374,223,230,-2,0.1111111111111111,210
17K548,Brooklyn School for Music & Theatre,17,23,54,6,522,74,108,-2,0.1111111111111111,210
16K455,Boys and Girls High School,16,23,91,10,712,68,369,96,0.10989010989010989,212
16K498,Brooklyn High School for Law and Technology,16,23,166,18,1730,296,151,-2,0.10843373493975904,213
14K478,"The High School for Enterprise, Business and Technology",14,23,84,9,1197,144,249,130,0.10714285714285714,214
32K168,The Brooklyn School for Math and Research,32,23,57,6,710,99,108,148,0.10526315789473684,215
02M546,Academy for Software Engineering,2,23,29,3,1992,388,125,201,0.10344827586206896,216
02M280,Manhattan Early College School for Advertising,2,23,10,1,572,88,112,-2,0.1,217
02M534,Harvest Collegiate High School,2,23,10,1,1116,115,116,-2,0.1,217
03M415,Wadleigh Secondary School for the Performing & Visual Arts,3,23,10,1,826,130,128,-2,0.1,217
15K463,Cyberarts Studio Academy,15,23,10,1,256,30,125,-2,0.1,217
26Q430,Francis Lewis High School,26,23,10,1,8708,3905,913,1030,0.1,217
28Q284,York Early College Academy,28,23,10,1,1602,580,81,91,0.1,217
17K382,Academy for College Preparation and Career Exploration: A College Board School,17,23,64,6,837,124,108,-2,0.09375,223
02M414,N.Y.C. Museum School,2,23,11,1,3022,865,150,254,0.09090909090909091,224
02M533,Union Square Academy for Health Sciences,2,23,11,1,834,154,163,143,0.09090909090909091,224
24Q550,High School for Arts and Business,24,23,11,1,2257,552,191,255,0.09090909090909091,224
27Q260,Frederick Douglass Academy VI High School,27,23,11,1,482,71,121,-2,0.09090909090909091,224
30Q445,William Cullen Bryant High School,30,23,11,1,1681,297,435,349,0.09090909090909091,224
19K510,World Academy for Total Community Health High School,19,23,67,6,417,29,98,-2,0.08955223880597014,229
19K618,Academy of Innovative Technology,19,23,75,6,1048,183,115,169,0.08,230
01M515,Lower East Side Preparatory High School,1,23,13,1,317,89,75,-2,0.07692307692307693,231
13K527,Urban Assembly Institute of Math and Science for Young Women,13,23,13,1,237,54,81,60,0.07692307692307693,231
21K337,International High School at Lafayette,21,23,13,1,327,76,90,35,0.07692307692307693,231
27Q309,Academy of Medical Technology: A College Board School,27,23,13,1,626,120,105,109,0.07692307692307693,231
24Q585,Maspeth High School,24,23,14,1,5045,1953,270,348,0.07142857142857142,235
02M425,Leadership and Public Service High School,2,23,15,1,387,36,145,52,0.06666666666666667,236
14K586,Lyons Community School,14,23,15,1,174,32,81,-2,0.06666666666666667,236
15K667,Sunset Park High School,15,23,15,1,989,260,354,-2,0.06666666666666667,236
16K688,The Brooklyn Academy of Global Finance,16,23,30,2,469,56,108,-2,0.06666666666666667,236
18K576,Victory Collegiate High School,18,23,15,1,305,61,140,-2,0.06666666666666667,236
21K620,William E. Grady Career and Technical Education High School,21,23,15,1,970,205,305,214,0.06666666666666667,236
02M305,"Urban Assembly Academy of Government and Law, The",2,23,16,1,573,75,100,-2,0.0625,242
02M392,Manhattan Business Academy,2,23,16,1,1321,191,161,-2,0.0625,242
28Q440,Forest Hills High School,28,23,16,1,7184,2477,702,851,0.0625,242
29Q498,"Health, Arts, Robotics, and Technology High School",29,23,16,1,1435,293,196,264,0.0625,242
19K683,School for Classics High School,19,23,17,1,229,54,108,-2,0.058823529411764705,246
20K490,Fort Hamilton High School,20,23,17,1,4983,1995,883,903,0.058823529411764705,246
24Q485,Grover Cleveland High School,24,23,17,1,1552,359,420,437,0.058823529411764705,246
24Q600,Queens Technical High School,24,23,17,1,3942,1196,350,423,0.058823529411764705,246
27Q400,August Martin High School,27,23,17,1,960,177,250,218,0.058823529411764705,246
32K545,EBC High School for Public Service - Bushwick,32,23,17,1,467,75,126,-2,0.058823529411764705,246
02M438,International High School at Union Square,2,23,18,1,501,103,68,75,0.05555555555555555,252
21K348,High School of Sports Management,21,23,18,1,386,75,176,-2,0.05555555555555555,252
03M494,High School of Arts and Technology,3,23,19,1,1037,132,140,-2,0.05263157894736842,254
15K464,Park Slope Collegiate,15,23,19,1,613,115,102,130,0.05263157894736842,254
18K569,Kurt Hahn Expeditionary Learning School,18,23,19,1,141,21,81,-2,0.05263157894736842,254
14K614,Young Women's Leadership School of Brooklyn,14,23,20,1,251,47,93,59,0.05,257
15K497,The Boerum Hill School for International Studies,15,23,20,1,801,155,125,-2,0.05,257
01M448,University Neighborhood High School,1,23,21,1,2248,447,125,185,0.047619047619047616,259
27Q650,"High School for Construction Trades, Engineering and Architecture",27,23,21,1,3028,1209,247,311,0.047619047619047616,259
14K071,Juan Morel Campos Secondary School,14,23,22,1,341,78,101,69,0.045454545454545456,261
20K445,New Utrecht High School,20,23,23,1,4568,1443,630,730,0.043478260869565216,262
14K474,PROGRESS High School for Professional Careers,14,23,24,1,506,81,153,-2,0.041666666666666664,263
19K764,The Urban Assembly School for Collaborative Healthcare,19,23,24,1,419,71,81,-2,0.041666666666666664,263
19K953,The East New York Arts and Civics High School,19,23,24,1,169,23,68,-2,0.041666666666666664,263
13K350,Urban Assembly School of Music and Art,13,23,25,1,494,52,108,-2,0.04,266
02M288,Food and Finance High School,2,23,26,1,1225,264,150,211,0.038461538461538464,267
19K422,Spring Creek Community School,19,23,30,1,341,50,73,-2,0.03333333333333333,268
17K524,International High School at Prospect Heights,17,23,31,1,338,61,108,45,0.03225806451612903,269
13K265,Dr. Susan S. McKinney Secondary School of the Arts,13,23,34,1,362,54,82,-2,0.029411764705882353,270
17K539,High School for Service & Learning at Erasmus,17,23,34,1,296,35,108,98,0.029411764705882353,270
19K659,Cypress Hills Collegiate Preparatory School,19,23,34,1,581,86,99,-2,0.029411764705882353,270
15K429,Digital Arts and Cinema Technology High School,15,23,36,1,579,105,90,94,0.027777777777777776,273
17K547,Brooklyn Academy of Science and the Environment,17,23,36,1,373,53,108,-2,0.027777777777777776,273
18K566,Brooklyn Community High School for Excellence and Equity,18,23,36,1,448,61,75,-2,0.027777777777777776,273
18K567,Brooklyn Theatre Arts High School,18,23,37,1,352,39,125,-2,0.02702702702702703,276
32K403,Academy for Excellence in Leadership,32,23,37,1,653,76,108,-2,0.02702702702702703,276
15K448,Brooklyn Collaborative Studies,15,23,38,1,693,99,90,110,0.02631578947368421,278
16K765,Nelson Mandela High School,16,23,39,1,250,25,114,-2,0.02564102564102564,279
19K404,Academy for Young Writers,19,23,44,1,559,71,92,82,0.022727272727272728,280
20K505,Franklin Delano Roosevelt High School,20,23,47,1,3723,924,710,852,0.02127659574468085,281
17K408,Academy of Hospitality and Tourism,17,23,48,1,571,89,118,-2,0.020833333333333332,282
18K563,It Takes a Village Academy,18,23,59,1,353,23,135,-2,0.01694915254237288,283
17K546,High School for Public Service: Heroes of Tomorrow,17,23,65,1,656,69,130,-2,0.015384615384615385,284
18K637,Academy for Conservation and the Environment,18,23,66,1,727,92,170,217,0.015151515151515152,285
17K751,Academy for Health Careers,17,23,74,1,715,72,108,-2,0.013513513513513514,286
01M458,Forsyth Satellite Academy,1,24,1,1,60,12,28,-2,1.0,298
02M303,"Facing History School, The",2,24,1,1,421,87,107,-2,1.0,298
02M550,Liberty High School Academy for Newcomers,2,24,1,1,99,16,50,6,1.0,298
02M586,Harvey Milk High School,2,24,1,1,40,3,45,-1,1.0,298
02M655,The High School for Climate Justice,2,24,2,2,298,60,152,105,1.0,1
03M403,The Global Learning Collaborative,3,24,1,1,754,90,108,-2,1.0,298
03M860,Frederick Douglass Academy II Secondary School,3,24,1,1,309,55,95,105,1.0,298
04M372,Esperanza Preparatory Academy,4,24,3,3,322,114,106,120,1.0,1
04M680,"Heritage School, The",4,24,1,1,482,60,80,-2,1.0,298
05M148,Eagle Academy for Young Men of Harlem,5,24,1,1,257,46,120,88,1.0,298
05M304,Mott Hall High School,5,24,1,1,455,53,108,-2,1.0,298
05M499,Frederick Douglass Academy,5,24,1,1,903,195,325,214,1.0,298
05M670,Thurgood Marshall Academy for Learning and Social Change,5,24,1,1,340,71,108,-2,1.0,298
06M211,Inwood Early College for Health and Information Technologies,6,24,1,1,745,156,111,-2,1.0,298
07X223,The Laboratory School of Finance and Technology: X223,7,24,1,1,980,230,89,93,1.0,298
07X334,International Community High School,7,24,1,1,210,40,81,23,1.0,298
07X495,University Heights Secondary School,7,24,3,3,2181,787,140,203,1.0,1
07X522,Bronx Design and Construction Academy,7,24,1,1,677,112,140,91,1.0,298
08X376,Antonia Pantoja Preparatory Academy: A College Board School,8,24,1,1,308,82,84,104,1.0,298
08X452,Gotham Collaborative High School,8,24,1,1,343,51,120,-2,1.0,298
08X636,Virtual Innovators Academy,8,24,2,2,113,31,80,-2,1.0,1
09X297,Morris Academy for Collaborative Studies,9,24,1,1,568,80,123,-2,1.0,298
09X413,Bronx High School for Medical Science,9,24,1,1,1104,178,90,170,1.0,298
09X505,"Bronx School for Law, Government and Justice",9,24,1,1,1132,259,120,154,1.0,298
09X543,High School for Violin and Dance,9,24,1,1,149,19,108,-2,1.0,298
09X568,Young Women's Leadership School of the Bronx,9,24,1,1,449,109,90,127,1.0,298
10X213,Bronx Engineering and Technology Academy,10,24,1,1,754,115,142,-2,1.0,298
10X284,Bronx School of Law and Finance,10,24,1,1,558,58,130,-2,1.0,298
10X374,Knowledge and Power Preparatory Academy International High School (Kappa),10,24,1,1,2279,431,120,179,1.0,298
10X438,Fordham Leadership Academy,10,24,1,1,2416,416,108,155,1.0,298
11X275,High School of Computers and Technology,11,24,1,1,715,115,181,156,1.0,298
11X288,Collegiate Institute for Math and Science,11,24,1,1,1764,317,133,200,1.0,298
12X267,Bronx Latin,12,24,1,1,841,149,81,113,1.0,298
12X478,The Cinema School,12,24,1,1,618,139,81,117,1.0,298
12X521,The Metropolitan Soundview High School,12,24,1,1,453,67,120,74,1.0,298
12X682,Fannie Lou Hamer Freedom High School,12,24,1,1,388,73,110,83,1.0,298
12X684,Wings Academy,12,24,1,1,370,63,150,86,1.0,298
13K594,Gotham Professional Arts Academy,13,24,1,1,364,61,81,-2,1.0,298
15K448,Brooklyn Collaborative Studies,15,24,1,1,693,99,90,110,1.0,298
15K464,Park Slope Collegiate,15,24,1,1,613,115,102,130,1.0,298
16K455,Boys and Girls High School,16,24,1,1,712,68,369,96,1.0,298
17K528,The High School for Global Citizenship,17,24,1,1,524,55,100,63,1.0,298
17K547,Brooklyn Academy of Science and the Environment,17,24,1,1,373,53,108,-2,1.0,298
18K569,Kurt Hahn Expeditionary Learning School,18,24,1,1,141,21,81,-2,1.0,298
19K953,The East New York Arts and Civics High School,19,24,2,2,169,23,68,-2,1.0,1
20K609,Urban Assembly School for Leadership and Empowerment,20,24,1,1,278,74,100,132,1.0,298
22K555,Brooklyn College Academy,22,24,1,1,2698,911,170,228,1.0,298
23K493,Brooklyn Collegiate: A College Board School,23,24,1,1,727,113,120,-2,1.0,298
23K644,Eagle Academy for Young Men II,23,24,1,1,554,179,92,139,1.0,298
23K697,Teachers Preparatory High School,23,24,1,1,187,35,90,-2,1.0,298
27Q262,Channel View School for Research,27,24,1,1,755,267,194,212,1.0,298
27Q324,Rockaway Park High School for Environmental Sustainability,27,24,3,3,164,25,108,51,1.0,1
27Q351,Rockaway Collegiate High School,27,24,2,2,258,71,135,-2,1.0,1
29Q243,Institute for Health Professions at Cambria Heights,29,24,1,1,416,79,108,132,1.0,298
29Q326,Cambria Heights Academy,29,24,1,1,581,113,81,103,1.0,298
31R455,Tottenville High School,31,24,1,1,3274,1627,1158,1357,1.0,298
25Q525,Townsend Harris High School,25,24,870,638,6780,4957,290,374,0.7333333333333333,8
03M610,Young Women's Leadership School,3,24,3,2,370,113,81,-2,0.6666666666666666,9
01M515,Lower East Side Preparatory High School,1,24,52,33,317,89,75,-2,0.6346153846153846,10
24Q299,Bard High School Early College Queens,24,24,678,419,3866,2227,125,166,0.6179941002949852,11
01M696,Bard High School Early College,1,24,231,136,3946,2196,125,198,0.5887445887445888,12
01M539,"New Explorations into Science, Technology and Math High School",1,24,202,118,3743,2047,150,289,0.5841584158415841,13
03M541,Manhattan / Hunter Science High School,3,24,350,185,5406,2689,108,176,0.5285714285714286,14
03M479,Beacon High School,3,24,345,178,7891,4442,360,493,0.5159420289855072,15
30Q501,Frank Sinatra School of the Arts High School,30,24,436,221,3557,1643,236,416,0.5068807339449541,16
02M316,"Urban Assembly School of Business for Young Women, the",2,24,2,1,165,17,120,-2,0.5,17
02M395,A School Without Walls,2,24,2,1,178,36,100,-2,0.5,17
06M293,City College Academy of the Arts,6,24,2,1,1028,337,81,95,0.5,17
06M348,Washington Heights Expeditionary Learning School,6,24,2,1,689,175,100,115,0.5,17
06M463,High School for Media and Communications,6,24,2,1,505,61,150,-2,0.5,17
06M552,Gregorio Luperon High School for Science and Mathematics,6,24,2,1,573,165,150,45,0.5,17
07X259,"H.E.R.O. High (Health, Education, and Research Occupations High School)",7,24,2,1,862,174,250,182,0.5,17
07X600,Alfred E. Smith Career and Technical Education High School,7,24,2,1,1126,227,189,193,0.5,17
07X670,Health Opportunities High School,7,24,2,1,477,47,75,-2,0.5,17
08X269,Bronx Studio School for Writers and Artists,8,24,2,1,481,130,90,113,0.5,17
08X293,Renaissance High School for Musical Theater and the Arts,8,24,2,1,660,115,110,-2,0.5,17
08X432,Bronx Bridges High School,8,24,2,1,454,83,81,70,0.5,17
10X225,Theatre Arts Production Company School,10,24,2,1,633,88,170,-2,0.5,17
10X237,"The Marie Curie High School for Medicine, Nursing, and Health Professions",10,24,2,1,334,46,135,-2,0.5,17
10X437,Fordham High School for the Arts,10,24,2,1,1826,399,130,158,0.5,17
10X439,Bronx High School for Law and Community Service,10,24,2,1,1467,220,108,163,0.5,17
10X442,"Celia Cruz Bronx High School of Music, The",10,24,2,1,561,165,140,114,0.5,17
10X546,Bronx Theatre High School,10,24,2,1,414,45,128,-2,0.5,17
11X249,Bronx Health Sciences High School,11,24,2,1,1270,225,200,261,0.5,17
11X290,Bronx Academy of Health Careers,11,24,2,1,897,90,108,-2,0.5,17
11X418,Bronx High School for the Visual Arts,11,24,2,1,951,168,102,136,0.5,17
11X545,Bronx Aerospace High School,11,24,2,1,751,109,189,-2,0.5,17
13K527,Urban Assembly Institute of Math and Science for Young Women,13,24,2,1,237,54,81,60,0.5,17
13K963,Design Works High School,13,24,2,1,607,86,81,-2,0.5,17
15K497,The Boerum Hill School for International Studies,15,24,2,1,801,155,125,-2,0.5,17
15K519,Cobble Hill School of American Studies,15,24,2,1,481,62,278,-2,0.5,17
17K122,Pathways in Technology Early College High School (P-Tech),17,24,2,1,712,114,150,-2,0.5,17
17K537,High School for Youth and Community Development at Erasmus,17,24,2,1,488,82,140,-2,0.5,17
17K590,Medgar Evers College Preparatory School,17,24,2,1,2078,676,220,237,0.5,17
18K566,Brooklyn Community High School for Excellence and Equity,18,24,2,1,448,61,75,-2,0.5,17
18K576,Victory Collegiate High School,18,24,2,1,305,61,140,-2,0.5,17
19K422,Spring Creek Community School,19,24,2,1,341,50,73,-2,0.5,17
19K683,School for Classics High School,19,24,2,1,229,54,108,-2,0.5,17
20K505,Franklin Delano Roosevelt High School,20,24,2,1,3723,924,710,852,0.5,17
22K425,James Madison High School,22,24,2,1,6968,2801,837,940,0.5,17
23K514,Frederick Douglass Academy VII High School,23,24,2,1,532,76,108,85,0.5,17
29Q259,Pathways College Preparatory School: A College Board School,29,24,2,1,440,145,186,167,0.5,17
29Q265,Excelsior Preparatory High School,29,24,2,1,353,58,108,95,0.5,17
29Q283,Preparatory Academy for Writers: A College Board School,29,24,2,1,177,47,90,69,0.5,17
31R440,New Dorp High School,31,24,2,1,2806,1011,668,887,0.5,17
31R460,Susan E. Wagner High School,31,24,2,1,2611,968,660,631,0.5,17
30Q580,Baccalaureate School for Global Education,30,24,348,172,1732,937,97,94,0.4942528735632184,58
01M450,East Side Community School,1,24,34,16,1142,328,95,117,0.47058823529411764,59
02M416,Eleanor Roosevelt High School,2,24,527,241,7699,3749,136,224,0.4573055028462998,60
02M411,Baruch College Campus High School,2,24,384,175,6773,2753,118,188,0.4557291666666667,61
24Q585,Maspeth High School,24,24,2184,984,5045,1953,270,348,0.45054945054945056,62
24Q530,International High School at LaGuardia Community College,24,24,370,160,1236,505,119,114,0.43243243243243246,63
02M551,Urban Assembly New York Harbor School,2,24,26,11,724,221,200,-2,0.4230769230769231,64
27Q323,Scholars' Academy,27,24,19,8,1065,580,154,186,0.42105263157894735,65
15K684,Millennium Brooklyn HS,15,24,62,26,5385,2365,178,252,0.41935483870967744,66
02M376,NYC iSchool,2,24,70,29,2459,931,118,158,0.4142857142857143,67
20K445,New Utrecht High School,20,24,5,2,4568,1443,630,730,0.4,68
05M362,Columbia Secondary School,5,24,152,59,4258,1769,112,175,0.3881578947368421,69
28Q686,Queens Metropolitan High School,28,24,599,229,2321,931,279,279,0.3823038397328882,70
02M519,Talent Unlimited High School,2,24,89,34,1599,468,152,213,0.38202247191011235,71
02M407,Institute for Collaborative Education,2,24,21,8,836,263,61,73,0.38095238095238093,72
02M260,The Clinton School,2,24,48,18,2837,1151,134,221,0.375,73
24Q610,Aviation Career & Technical Education High School,24,24,1183,440,4123,1548,530,723,0.37193575655114114,74
02M282,Urban Assembly Maker Academy,2,24,14,5,1074,175,150,216,0.35714285714285715,75
02M408,Professional Performing Arts High School,2,24,56,20,1255,378,128,180,0.35714285714285715,75
02M413,School of the Future High School,2,24,37,13,1741,485,108,152,0.35135135135135137,77
02M630,Art and Design High School,2,24,247,86,3594,1359,385,523,0.3481781376518219,78
02M420,High School for Health Professions and Human Services,2,24,306,105,2991,776,477,590,0.3431372549019608,79
22K405,Midwood High School,22,24,41,14,11658,5495,910,1323,0.34146341463414637,80
28Q440,Forest Hills High School,28,24,1787,610,7184,2477,702,851,0.3413542249580302,81
02M418,Millennium High School,2,24,203,69,5541,2290,176,286,0.3399014778325123,82
02M393,Business Of Sports School,2,24,48,16,1151,248,129,210,0.3333333333333333,83
02M394,Emma Lazarus High School,2,24,3,1,134,19,60,-1,0.3333333333333333,83
02M422,Quest to Learn,2,24,3,1,177,27,108,41,0.3333333333333333,83
03M299,The Maxine Greene HS for Imaginative Inquiry,3,24,3,1,77,10,120,-2,0.3333333333333333,83
03M307,"Urban Assembly School for Media Studies, The",3,24,3,1,328,71,126,109,0.3333333333333333,83
03M402,The Urban Assembly School for Green Careers,3,24,3,1,494,39,120,45,0.3333333333333333,83
05M157,The Urban Assembly School for Global Commerce,5,24,3,1,207,26,81,-2,0.3333333333333333,83
06M462,The College Academy,6,24,6,2,814,121,121,129,0.3333333333333333,83
07X548,Careers in Sports High School,7,24,3,1,1056,226,125,202,0.3333333333333333,83
08X312,Millennium Art Academy,8,24,3,1,625,136,112,117,0.3333333333333333,83
08X405,Herbert H. Lehman High School,8,24,3,1,2078,405,528,479,0.3333333333333333,83
10X264,Bronx Academy for Software Engineering (BASE),10,24,3,1,1199,175,120,165,0.3333333333333333,83
11X270,Academy for Scholarship and Entrepreneurship: A College Board School,11,24,3,1,775,148,120,-2,0.3333333333333333,83
11X455,Harry S Truman High School,11,24,3,1,1891,390,913,-2,0.3333333333333333,83
14K685,El Puente Academy for Peace and Justice,14,24,3,1,134,25,70,-2,0.3333333333333333,83
17K543,"Science, Technology and Research Early College High School at Erasmus",17,24,3,1,790,197,130,145,0.3333333333333333,83
18K567,Brooklyn Theatre Arts High School,18,24,3,1,352,39,125,-2,0.3333333333333333,83
18K617,High School for Innovation in Advertising and Media,18,24,3,1,522,101,81,91,0.3333333333333333,83
18K629,Cultural Academy for the Arts and Sciences,18,24,3,1,567,70,116,80,0.3333333333333333,83
20K485,High School of Telecommunication Arts and Technology,20,24,3,1,2973,1210,310,363,0.3333333333333333,83
21K344,Rachel Carson High School for Coastal Studies,21,24,3,1,469,162,160,200,0.3333333333333333,83
21K348,High School of Sports Management,21,24,3,1,386,75,176,-2,0.3333333333333333,83
21K410,Abraham Lincoln High School,21,24,3,1,2225,539,741,604,0.3333333333333333,83
24Q296,Pan American International High School,24,24,240,80,508,166,108,28,0.3333333333333333,83
26Q566,"Queens High School of Teaching, Liberal Arts and the Sciences",26,24,24,8,671,231,258,222,0.3333333333333333,83
27Q314,Epic High School - South,27,24,3,1,618,154,95,138,0.3333333333333333,83
31R450,Curtis High School,31,24,3,1,1967,690,804,754,0.3333333333333333,83
24Q600,Queens Technical High School,24,24,1310,436,3942,1196,350,423,0.332824427480916,110
26Q430,Francis Lewis High School,26,24,902,298,8708,3905,913,1030,0.3303769401330377,111
24Q520,Middle College High School at LaGuardia Community College,24,24,646,208,1826,552,97,118,0.3219814241486068,112
28Q284,York Early College Academy,28,24,47,15,1602,580,81,91,0.3191489361702128,113
30Q367,Motion Picture Tech High School,30,24,156,49,538,133,200,-2,0.3141025641025641,114
30Q286,"Young Women's Leadership School, Astoria",30,24,99,31,453,156,81,103,0.31313131313131315,115
02M600,The High School of Fashion Industries,2,24,129,40,2046,720,475,395,0.31007751937984496,116
02M439,Manhattan Village Academy,2,24,124,38,3002,860,100,201,0.3064516129032258,117
04M435,Manhattan Center for Science and Mathematics,4,24,198,60,5010,1993,440,709,0.30303030303030304,118
30Q301,Academy for Careers in Television and Film,30,24,291,88,1410,330,151,200,0.3024054982817869,119
28Q167,Metropolitan Expeditionary Learning School,28,24,277,80,1254,467,125,141,0.2888086642599278,120
02M432,Murray Hill Academy,2,24,21,6,558,76,90,-2,0.2857142857142857,121
13K674,"City Polytechnic High School of Engineering, Architecture, and Technology",13,24,21,6,1239,274,108,160,0.2857142857142857,121
02M412,N.Y.C. Lab School for Collaborative Studies,2,24,67,19,3134,1067,109,161,0.2835820895522388,123
24Q485,Grover Cleveland High School,24,24,809,226,1552,359,420,437,0.27935723114956734,124
24Q264,Academy of Finance and Enterprise,24,24,639,175,2163,546,124,151,0.27386541471048514,125
26Q315,Business Technology Early College High School,26,24,55,15,1032,289,180,272,0.2727272727272727,126
30Q575,Academy of American Studies,30,24,731,196,2727,819,170,224,0.26812585499316005,127
28Q680,Queens Gateway to Health Sciences Secondary School,28,24,71,19,1238,384,108,147,0.2676056338028169,128
25Q263,Flushing International High School,25,24,161,43,576,182,90,90,0.2670807453416149,129
01M448,University Neighborhood High School,1,24,53,14,2248,447,125,185,0.2641509433962264,130
24Q293,Civic Leadership Academy,24,24,530,140,1157,291,142,191,0.2641509433962264,130
28Q620,Thomas A. Edison Career and Technical Education High School,28,24,424,111,6131,2355,473,583,0.2617924528301887,132
25Q281,East-West School of International Studies,25,24,73,19,766,290,89,113,0.2602739726027397,133
26Q415,Benjamin N. Cardozo High School,26,24,254,66,4527,1666,684,926,0.25984251968503935,134
24Q236,International High School for Health Sciences,24,24,167,43,485,112,81,68,0.25748502994011974,135
02M546,Academy for Software Engineering,2,24,106,27,1992,388,125,201,0.25471698113207547,136
02M542,Manhattan Bridges High School,2,24,110,28,904,224,172,95,0.2545454545454545,137
02M545,High School for Dual Language and Asian Studies,2,24,67,17,769,299,108,150,0.2537313432835821,138
26Q495,Bayside High School,26,24,617,155,6914,2765,851,1041,0.25121555915721233,139
02M288,Food and Finance High School,2,24,64,16,1225,264,150,211,0.25,140
02M294,Essex Street Academy,2,24,64,16,2478,562,90,125,0.25,140
09X260,Bronx Center for Science and Mathematics,9,24,8,2,2530,621,108,201,0.25,140
10X440,DeWitt Clinton High School,10,24,4,1,2901,586,385,492,0.25,140
11X544,High School for Contemporary Arts,11,24,4,1,607,55,240,-2,0.25,140
15K429,Digital Arts and Cinema Technology High School,15,24,4,1,579,105,90,94,0.25,140
18K563,It Takes a Village Academy,18,24,4,1,353,23,135,-2,0.25,140
19K409,East New York Family Academy,19,24,4,1,416,159,125,147,0.25,140
29Q327,Eagle Academy for Young Men III,29,24,4,1,324,112,120,-2,0.25,140
30Q555,Newcomers High School,30,24,212,53,559,166,81,107,0.25,140
32K554,All City Leadership Secondary School,32,24,202,50,911,247,62,62,0.24752475247524752,150
27Q650,"High School for Construction Trades, Engineering and Architecture",27,24,206,50,3028,1209,247,311,0.24271844660194175,151
02M615,Chelsea Career and Technical Education High School,2,24,42,10,821,118,152,-2,0.23809523809523808,152
19K615,Transit Tech Career and Technical Education High School,19,24,59,14,1168,225,315,-2,0.23728813559322035,153
14K561,Williamsburg Preparatory School,14,24,76,18,1131,226,180,236,0.23684210526315788,154
04M495,Park East High School,4,24,26,6,2653,739,100,166,0.23076923076923078,155
04M555,Central Park East High School,4,24,117,27,4762,1538,125,215,0.23076923076923078,155
19K764,The Urban Assembly School for Collaborative Healthcare,19,24,26,6,419,71,81,-2,0.23076923076923078,155
24Q550,High School for Arts and Business,24,24,772,176,2257,552,191,255,0.22797927461139897,158
32K556,Bushwick Leaders High School for Academic Excellence,32,24,136,31,768,125,120,-2,0.22794117647058823,159
02M374,Gramercy Arts High School,2,24,53,12,1038,129,204,78,0.22641509433962265,160
14K610,A-Tech High School,14,24,85,19,1273,264,224,243,0.2235294117647059,161
03M859,Special Music School,3,24,18,4,482,165,50,64,0.2222222222222222,162
25Q670,Robert F. Kennedy Community High School,25,24,72,16,1012,254,150,223,0.2222222222222222,162
13K595,Bedford Academy High School,13,24,41,9,2464,599,81,114,0.21951219512195122,164
02M135,The Urban Assembly Early College High School for Emergency Medicine,2,24,14,3,510,116,122,-2,0.21428571428571427,165
30Q445,William Cullen Bryant High School,30,24,490,104,1681,297,435,349,0.21224489795918366,166
24Q560,"Robert F. Wagner, Jr. Secondary School for Arts and Technology",24,24,360,76,1368,247,120,161,0.2111111111111111,167
27Q475,Richmond Hill High School,27,24,53,11,1397,386,371,423,0.20754716981132076,168
02M533,Union Square Academy for Health Sciences,2,24,82,17,834,154,163,143,0.2073170731707317,169
19K660,W. H. Maxwell Career and Technical Education High School,19,24,29,6,991,185,305,164,0.20689655172413793,170
14K558,Williamsburg High School for Architecture and Design,14,24,92,19,1223,253,155,212,0.20652173913043478,171
30Q502,Information Technology High School,30,24,296,61,944,190,227,-2,0.20608108108108109,172
02M459,Manhattan International High School,2,24,88,18,738,151,85,73,0.20454545454545456,173
15K656,Brooklyn High School of the Arts,15,24,44,9,2104,574,254,272,0.20454545454545456,173
30Q450,Long Island City High School,30,24,499,102,1827,403,790,432,0.20440881763527055,175
25Q241,Queens High School for Language Studies,25,24,69,14,371,90,125,76,0.2028985507246377,176
09X365,Academy for Language and Technology,9,24,5,1,773,224,92,89,0.2,177
19K618,Academy of Innovative Technology,19,24,80,16,1048,183,115,169,0.2,177
24Q455,Newtown High School,24,24,619,123,1328,243,419,346,0.1987075928917609,179
30Q258,Energy Tech High School,30,24,453,89,1535,348,108,145,0.19646799116997793,180
02M414,N.Y.C. Museum School,2,24,62,12,3022,865,150,254,0.1935483870967742,181
30Q417,Gotham Tech High School,30,24,147,28,631,96,90,-2,0.19047619047619047,182
32K552,The Academy of Urban Planning and Engineering,32,24,105,20,737,128,113,-2,0.19047619047619047,182
03M492,"High School for Law, Advocacy and Community Justice",3,24,58,11,920,170,220,-2,0.1896551724137931,184
16K498,Brooklyn High School for Law and Technology,16,24,96,18,1730,296,151,-2,0.1875,185
02M489,High School of Economics and Finance,2,24,75,14,1374,223,230,-2,0.18666666666666668,186
32K168,The Brooklyn School for Math and Research,32,24,70,13,710,99,108,148,0.18571428571428572,187
02M580,Richard R. Green High School of Teaching,2,24,11,2,1291,154,160,-2,0.18181818181818182,188
27Q302,"Queens High School for Information, Research, and Technology",27,24,33,6,671,160,130,177,0.18181818181818182,188
25Q460,Flushing High School,25,24,332,57,1592,289,419,419,0.1716867469879518,190
25Q425,John Bowne High School,25,24,432,74,3116,720,783,809,0.1712962962962963,191
01M292,Orchard Collegiate Academy,1,24,6,1,280,71,90,-2,0.16666666666666666,192
08X367,"Archimedes Academy for Math, Science and Technology Applications",8,24,6,1,427,75,100,-2,0.16666666666666666,192
12X248,"Metropolitan High School, The",12,24,6,1,228,33,151,-2,0.16666666666666666,192
13K350,Urban Assembly School of Music and Art,13,24,12,2,494,52,108,-2,0.16666666666666666,192
13K483,The Urban Assembly School for Law and Justice,13,24,6,1,593,105,115,-2,0.16666666666666666,192
17K546,High School for Public Service: Heroes of Tomorrow,17,24,6,1,656,69,130,-2,0.16666666666666666,192
21K337,International High School at Lafayette,21,24,6,1,327,76,90,35,0.16666666666666666,192
25Q240,Veritas Academy,25,24,152,25,526,96,130,-2,0.16447368421052633,199
27Q480,John Adams High School,27,24,122,20,2490,480,636,644,0.16393442622950818,200
24Q267,High School of Applied Communication,24,24,160,24,557,75,145,-2,0.15,201
14K477,East Williamsburg Scholars Academy,14,24,94,14,650,90,234,-2,0.14893617021276595,202
02M437,Hudson High School of Learning Technologies,2,24,7,1,353,48,119,-2,0.14285714285714285,203
03M291,West End Secondary School,3,24,7,1,1209,392,105,146,0.14285714285714285,203
03M417,Frank McCourt High School,3,24,7,1,1253,345,120,170,0.14285714285714285,203
05M369,Urban Assembly School for the Performing Arts,5,24,7,1,372,52,108,-2,0.14285714285714285,203
14K614,Young Women's Leadership School of Brooklyn,14,24,7,1,251,47,93,59,0.14285714285714285,203
20K490,Fort Hamilton High School,20,24,7,1,4983,1995,883,903,0.14285714285714285,203
21K525,Edward R. Murrow High School,21,24,7,1,6293,2283,933,1196,0.14285714285714285,203
21K540,John Dewey High School,21,24,7,1,2573,622,553,577,0.14285714285714285,203
21K620,William E. Grady Career and Technical Education High School,21,24,7,1,970,205,305,214,0.14285714285714285,203
27Q260,Frederick Douglass Academy VI High School,27,24,7,1,482,71,121,-2,0.14285714285714285,203
32K549,The Brooklyn School for Social Justice,32,24,42,6,425,47,120,-2,0.14285714285714285,203
29Q498,"Health, Arts, Robotics, and Technology High School",29,24,64,9,1435,293,196,264,0.140625,214
14K474,PROGRESS High School for Professional Careers,14,24,57,8,506,81,153,-2,0.14035087719298245,215
02M425,Leadership and Public Service High School,2,24,8,1,387,36,145,52,0.125,216
02M500,Unity Center for Urban Technologies,2,24,8,1,274,48,95,136,0.125,216
02M520,Murry Bergtraum High School for Business Careers,2,24,8,1,222,38,240,-2,0.125,216
10X565,High School for Energy and Technology,10,24,8,1,503,51,120,-2,0.125,216
12X641,Bard High School Early College Bronx,12,24,8,1,1391,613,100,106,0.125,216
16K765,Nelson Mandela High School,16,24,8,1,250,25,114,-2,0.125,216
17K408,Academy of Hospitality and Tourism,17,24,8,1,571,89,118,-2,0.125,216
17K548,Brooklyn School for Music & Theatre,17,24,8,1,522,74,108,-2,0.125,216
17K600,Clara Barton High School,17,24,8,1,1276,355,434,-2,0.125,216
19K404,Academy for Young Writers,19,24,8,1,559,71,92,82,0.125,216
19K639,Brooklyn Lab School,19,24,56,7,980,152,102,143,0.125,216
14K488,Brooklyn Preparatory High School,14,24,49,6,1061,174,153,-2,0.12244897959183673,227
32K403,Academy for Excellence in Leadership,32,24,113,13,653,76,108,-2,0.11504424778761062,228
02M400,High School for Environmental Studies,2,24,61,7,2558,395,344,385,0.11475409836065574,229
02M047,47 The American Sign Language and English Secondary School,2,24,18,2,318,55,69,-2,0.1111111111111111,230
02M419,Landmark High School,2,24,9,1,457,37,100,-2,0.1111111111111111,230
02M534,Harvest Collegiate High School,2,24,27,3,1116,115,116,-2,0.1111111111111111,230
03M415,Wadleigh Secondary School for the Performing & Visual Arts,3,24,27,3,826,130,128,-2,0.1111111111111111,230
06M467,High School for Law and Public Service,6,24,9,1,643,95,167,84,0.1111111111111111,230
18K637,Academy for Conservation and the Environment,18,24,9,1,727,92,170,217,0.1111111111111111,230
28Q505,Hillcrest High School,28,24,73,8,2316,496,730,517,0.1095890410958904,236
02M392,Manhattan Business Academy,2,24,56,6,1321,191,161,-2,0.10714285714285714,237
14K478,"The High School for Enterprise, Business and Technology",14,24,113,12,1197,144,249,130,0.10619469026548672,238
02M298,Pace High School,2,24,38,4,1172,169,190,177,0.10526315789473684,239
14K454,The Williamsburg High School of Art and Technology,14,24,89,9,893,129,116,120,0.10112359550561797,240
02M280,Manhattan Early College School for Advertising,2,24,10,1,572,88,112,-2,0.1,241
02M529,Jacqueline Kennedy Onassis High School,2,24,20,2,534,81,204,-2,0.1,241
14K071,Juan Morel Campos Secondary School,14,24,10,1,341,78,101,69,0.1,241
14K586,Lyons Community School,14,24,10,1,174,32,81,-2,0.1,241
17K524,International High School at Prospect Heights,17,24,20,2,338,61,108,45,0.1,241
19K510,World Academy for Total Community Health High School,19,24,10,1,417,29,98,-2,0.1,241
02M449,Vanguard High School,2,24,21,2,701,134,110,158,0.09523809523809523,247
02M531,Repertory Company High School for Theatre Arts,2,24,11,1,365,100,60,68,0.09090909090909091,248
17K382,Academy for College Preparation and Career Exploration: A College Board School,17,24,11,1,837,124,108,-2,0.09090909090909091,248
13K265,Dr. Susan S. McKinney Secondary School of the Arts,13,24,12,1,362,54,82,-2,0.08333333333333333,250
18K633,High School for Medical Professions,18,24,12,1,666,99,108,116,0.08333333333333333,250
22K535,Leon M. Goldstein High School for the Sciences,22,24,12,1,3985,2007,258,429,0.08333333333333333,250
28Q310,Queens Collegiate: A College Board School,28,24,12,1,453,67,115,77,0.08333333333333333,250
02M438,International High School at Union Square,2,24,73,6,501,103,68,75,0.0821917808219178,254
02M305,"Urban Assembly Academy of Government and Law, The",2,24,25,2,573,75,100,-2,0.08,255
13K439,Brooklyn International High School,13,24,25,2,409,71,81,53,0.08,255
19K502,FDNY - Captain Vernon A. Richard High School for Fire and Life Safety,19,24,13,1,745,141,108,125,0.07692307692307693,257
28Q325,Hillside Arts & Letters Academy,28,24,13,1,520,82,108,133,0.07692307692307693,257
12X388,Pan American International High School at Monroe,12,24,14,1,310,71,108,43,0.07142857142857142,259
02M399,The High School For Language And Diplomacy,2,24,15,1,385,36,134,-2,0.06666666666666667,260
06M468,High School for Health Careers and Sciences,6,24,15,1,822,121,268,-2,0.06666666666666667,260
13K412,Brooklyn Community Arts & Media High School (BCAM),13,24,15,1,702,113,142,-2,0.06666666666666667,260
15K462,John Jay School for Law,15,24,15,1,1012,184,125,-2,0.06666666666666667,260
06M540,A. Philip Randolph Campus High School,6,24,32,2,2050,408,471,379,0.0625,264
13K419,"Science Skills Center High School for Science, Technology and the Creative Arts",13,24,16,1,909,111,258,143,0.0625,264
25Q285,World Journalism Preparatory: A College Board School,25,24,16,1,448,162,90,139,0.0625,264
27Q334,Epic High School - North,27,24,16,1,735,169,70,91,0.0625,264
16K688,The Brooklyn Academy of Global Finance,16,24,17,1,469,56,108,-2,0.058823529411764705,268
27Q400,August Martin High School,27,24,17,1,960,177,250,218,0.058823529411764705,268
28Q350,Jamaica Gateway to the Sciences,28,24,17,1,1005,210,150,184,0.058823529411764705,268
28Q690,High School for Law Enforcement and Public Safety,28,24,17,1,396,91,165,109,0.058823529411764705,268
27Q309,Academy of Medical Technology: A College Board School,27,24,18,1,626,120,105,109,0.05555555555555555,272
29Q313,Benjamin Franklin High School for Finance & Information Technology,29,24,18,1,735,122,108,-2,0.05555555555555555,272
02M308,Lower Manhattan Arts Academy,2,24,19,1,524,69,95,-2,0.05263157894736842,274
02M296,High School of Hospitality Management,2,24,20,1,269,35,135,-2,0.05,275
13K605,George Westinghouse Career and Technical Education High School,13,24,20,1,1254,203,254,194,0.05,275
19K583,Multicultural High School,19,24,20,1,320,88,111,64,0.05,275
02M139,Stephen T. Mather Building Arts & Craftsmanship High School,2,24,21,1,432,88,108,-2,0.047619047619047616,278
13K670,Benjamin Banneker Academy,13,24,21,1,1912,451,225,318,0.047619047619047616,278
27Q308,Robert H. Goddard High School of Communication Arts and Technology,27,24,21,1,1222,468,140,181,0.047619047619047616,278
28Q896,"Young Women's Leadership School, Queens",28,24,21,1,350,99,81,119,0.047619047619047616,278
19K507,Performing Arts and Technology High School,19,24,22,1,1103,157,125,163,0.045454545454545456,282
29Q248,Queens Preparatory Academy,29,24,22,1,383,62,100,-2,0.045454545454545456,282
29Q272,George Washington Carver High School for the Sciences,29,24,23,1,590,92,93,-2,0.043478260869565216,284
02M507,Urban Assembly Gateway School for Technology,2,24,24,1,1299,278,108,146,0.041666666666666664,285
02M543,New Design High School,2,24,24,1,852,157,125,145,0.041666666666666664,285
02M605,Humanities Preparatory Academy,2,24,24,1,861,101,75,-2,0.041666666666666664,285
26Q435,Martin Van Buren High School,26,24,24,1,1084,217,352,273,0.041666666666666664,285
02M427,Manhattan Academy For Arts & Language,2,24,25,1,389,72,108,49,0.04,289
03M494,High School of Arts and Technology,3,24,26,1,1037,132,140,-2,0.038461538461538464,290
28Q328,High School for Community Leadership,28,24,27,1,671,160,150,231,0.037037037037037035,291
29Q492,"Mathematics, Science Research and Technology Magnet High School",29,24,29,1,782,146,150,-2,0.034482758620689655,292
02M300,"Urban Assembly School of Design and Construction, The",2,24,30,1,346,43,108,-2,0.03333333333333333,293
19K659,Cypress Hills Collegiate Preparatory School,19,24,31,1,581,86,99,-2,0.03225806451612903,294
25Q252,"Queens School of Inquiry, The",25,24,35,1,508,161,89,107,0.02857142857142857,295
17K751,Academy for Health Careers,17,24,37,1,715,72,108,-2,0.02702702702702703,296
32K545,EBC High School for Public Service - Bushwick,32,24,47,1,467,75,126,-2,0.02127659574468085,297
01M292,Orchard Collegiate Academy,1,25,1,1,280,71,90,-2,1.0,257
02M139,Stephen T. Mather Building Arts & Craftsmanship High School,2,25,2,2,432,88,108,-2,1.0,1
02M394,Emma Lazarus High School,2,25,1,1,134,19,60,-1,1.0,257
02M543,New Design High School,2,25,2,2,852,157,125,145,1.0,1
02M580,Richard R. Green High School of Teaching,2,25,1,1,1291,154,160,-2,1.0,257
03M299,The Maxine Greene HS for Imaginative Inquiry,3,25,1,1,77,10,120,-2,1.0,257
03M403,The Global Learning Collaborative,3,25,1,1,754,90,108,-2,1.0,257
03M417,Frank McCourt High School,3,25,1,1,1253,345,120,170,1.0,257
03M610,Young Women's Leadership School,3,25,2,2,370,113,81,-2,1.0,1
04M372,Esperanza Preparatory Academy,4,25,1,1,322,114,106,120,1.0,257
04M680,"Heritage School, The",4,25,1,1,482,60,80,-2,1.0,257
06M293,City College Academy of the Arts,6,25,1,1,1028,337,81,95,1.0,257
06M346,Community Health Academy of the Heights,6,25,1,1,586,143,75,93,1.0,257
06M467,High School for Law and Public Service,6,25,2,2,643,95,167,84,1.0,1
06M552,Gregorio Luperon High School for Science and Mathematics,6,25,1,1,573,165,150,45,1.0,257
07X223,The Laboratory School of Finance and Technology: X223,7,25,1,1,980,230,89,93,1.0,257
07X259,"H.E.R.O. High (Health, Education, and Research Occupations High School)",7,25,1,1,862,174,250,182,1.0,257
07X548,Careers in Sports High School,7,25,1,1,1056,226,125,202,1.0,257
08X376,Antonia Pantoja Preparatory Academy: A College Board School,8,25,1,1,308,82,84,104,1.0,257
09X231,Eagle Academy for Young Men,9,25,1,1,455,163,80,130,1.0,257
09X365,Academy for Language and Technology,9,25,1,1,773,224,92,89,1.0,257
09X403,Bronx International High School,9,25,1,1,537,54,135,12,1.0,257
09X543,High School for Violin and Dance,9,25,1,1,149,19,108,-2,1.0,257
09X564,Claremont International HS,9,25,1,1,412,50,81,25,1.0,257
10X213,Bronx Engineering and Technology Academy,10,25,1,1,754,115,142,-2,1.0,257
10X368,In-Tech Academy (M.S. / High School 368),10,25,1,1,707,244,160,205,1.0,257
10X437,Fordham High School for the Arts,10,25,1,1,1826,399,130,158,1.0,257
11X288,Collegiate Institute for Math and Science,11,25,1,1,1764,317,133,200,1.0,257
11X290,Bronx Academy of Health Careers,11,25,1,1,897,90,108,-2,1.0,257
12X478,The Cinema School,12,25,1,1,618,139,81,117,1.0,257
12X521,The Metropolitan Soundview High School,12,25,1,1,453,67,120,74,1.0,257
13K439,Brooklyn International High School,13,25,1,1,409,71,81,53,1.0,257
13K594,Gotham Professional Arts Academy,13,25,1,1,364,61,81,-2,1.0,257
15K429,Digital Arts and Cinema Technology High School,15,25,1,1,579,105,90,94,1.0,257
15K464,Park Slope Collegiate,15,25,1,1,613,115,102,130,1.0,257
15K519,Cobble Hill School of American Studies,15,25,1,1,481,62,278,-2,1.0,257
17K524,International High School at Prospect Heights,17,25,1,1,338,61,108,45,1.0,257
17K546,High School for Public Service: Heroes of Tomorrow,17,25,1,1,656,69,130,-2,1.0,257
17K548,Brooklyn School for Music & Theatre,17,25,1,1,522,74,108,-2,1.0,257
17K590,Medgar Evers College Preparatory School,17,25,2,2,2078,676,220,237,1.0,1
18K576,Victory Collegiate High School,18,25,1,1,305,61,140,-2,1.0,257
19K404,Academy for Young Writers,19,25,1,1,559,71,92,82,1.0,257
19K659,Cypress Hills Collegiate Preparatory School,19,25,1,1,581,86,99,-2,1.0,257
20K485,High School of Telecommunication Arts and Technology,20,25,1,1,2973,1210,310,363,1.0,257
20K609,Urban Assembly School for Leadership and Empowerment,20,25,1,1,278,74,100,132,1.0,257
21K525,Edward R. Murrow High School,21,25,1,1,6293,2283,933,1196,1.0,257
22K535,Leon M. Goldstein High School for the Sciences,22,25,1,1,3985,2007,258,429,1.0,257
27Q262,Channel View School for Research,27,25,1,1,755,267,194,212,1.0,257
27Q324,Rockaway Park High School for Environmental Sustainability,27,25,1,1,164,25,108,51,1.0,257
29Q283,Preparatory Academy for Writers: A College Board School,29,25,1,1,177,47,90,69,1.0,257
31R047,CSI High School for International Studies,31,25,1,1,1755,879,127,182,1.0,257
31R440,New Dorp High School,31,25,1,1,2806,1011,668,887,1.0,257
31R445,Port Richmond High School,31,25,1,1,1267,334,564,435,1.0,257
02M280,Manhattan Early College School for Advertising,2,25,5,4,572,88,112,-2,0.8,6
25Q525,Townsend Harris High School,25,25,933,707,6780,4957,290,374,0.7577706323687031,7
16K688,The Brooklyn Academy of Global Finance,16,25,3,2,469,56,108,-2,0.6666666666666666,8
01M696,Bard High School Early College,1,25,68,41,3946,2196,125,198,0.6029411764705882,9
03M541,Manhattan / Hunter Science High School,3,25,119,69,5406,2689,108,176,0.5798319327731093,10
02M416,Eleanor Roosevelt High School,2,25,189,103,7699,3749,136,224,0.544973544973545,11
24Q299,Bard High School Early College Queens,24,25,329,177,3866,2227,125,166,0.5379939209726444,12
16K498,Brooklyn High School for Law and Technology,16,25,25,13,1730,296,151,-2,0.52,13
30Q580,Baccalaureate School for Global Education,30,25,130,67,1732,937,97,94,0.5153846153846153,14
30Q501,Frank Sinatra School of the Arts High School,30,25,239,121,3557,1643,236,416,0.5062761506276151,15
26Q430,Francis Lewis High School,26,25,1877,949,8708,3905,913,1030,0.5055940330314331,16
02M305,"Urban Assembly Academy of Government and Law, The",2,25,4,2,573,75,100,-2,0.5,17
02M313,"James Baldwin School, The: A School for Expeditionary Learning",2,25,2,1,71,14,25,-2,0.5,17
02M395,A School Without Walls,2,25,2,1,178,36,100,-2,0.5,17
02M500,Unity Center for Urban Technologies,2,25,2,1,274,48,95,136,0.5,17
02M520,Murry Bergtraum High School for Business Careers,2,25,2,1,222,38,240,-2,0.5,17
02M531,Repertory Company High School for Theatre Arts,2,25,6,3,365,100,60,68,0.5,17
02M545,High School for Dual Language and Asian Studies,2,25,20,10,769,299,108,150,0.5,17
02M551,Urban Assembly New York Harbor School,2,25,2,1,724,221,200,-2,0.5,17
06M211,Inwood Early College for Health and Information Technologies,6,25,2,1,745,156,111,-2,0.5,17
07X670,Health Opportunities High School,7,25,2,1,477,47,75,-2,0.5,17
08X293,Renaissance High School for Musical Theater and the Arts,8,25,2,1,660,115,110,-2,0.5,17
08X312,Millennium Art Academy,8,25,2,1,625,136,112,117,0.5,17
08X405,Herbert H. Lehman High School,8,25,2,1,2078,405,528,479,0.5,17
08X452,Gotham Collaborative High School,8,25,2,1,343,51,120,-2,0.5,17
09X505,"Bronx School for Law, Government and Justice",9,25,2,1,1132,259,120,154,0.5,17
10X225,Theatre Arts Production Company School,10,25,2,1,633,88,170,-2,0.5,17
10X264,Bronx Academy for Software Engineering (BASE),10,25,2,1,1199,175,120,165,0.5,17
10X438,Fordham Leadership Academy,10,25,2,1,2416,416,108,155,0.5,17
10X442,"Celia Cruz Bronx High School of Music, The",10,25,2,1,561,165,140,114,0.5,17
10X565,High School for Energy and Technology,10,25,2,1,503,51,120,-2,0.5,17
11X299,Astor Collegiate Academy,11,25,2,1,2199,342,120,189,0.5,17
12X248,"Metropolitan High School, The",12,25,2,1,228,33,151,-2,0.5,17
12X267,Bronx Latin,12,25,2,1,841,149,81,113,0.5,17
13K265,Dr. Susan S. McKinney Secondary School of the Arts,13,25,2,1,362,54,82,-2,0.5,17
13K670,Benjamin Banneker Academy,13,25,4,2,1912,451,225,318,0.5,17
14K474,PROGRESS High School for Professional Careers,14,25,2,1,506,81,153,-2,0.5,17
14K488,Brooklyn Preparatory High School,14,25,2,1,1061,174,153,-2,0.5,17
17K528,The High School for Global Citizenship,17,25,2,1,524,55,100,63,0.5,17
18K629,Cultural Academy for the Arts and Sciences,18,25,2,1,567,70,116,80,0.5,17
18K633,High School for Medical Professions,18,25,2,1,666,99,108,116,0.5,17
19K615,Transit Tech Career and Technical Education High School,19,25,2,1,1168,225,315,-2,0.5,17
19K683,School for Classics High School,19,25,2,1,229,54,108,-2,0.5,17
20K445,New Utrecht High School,20,25,2,1,4568,1443,630,730,0.5,17
21K348,High School of Sports Management,21,25,2,1,386,75,176,-2,0.5,17
21K540,John Dewey High School,21,25,2,1,2573,622,553,577,0.5,17
21K620,William E. Grady Career and Technical Education High School,21,25,2,1,970,205,305,214,0.5,17
27Q314,Epic High School - South,27,25,2,1,618,154,95,138,0.5,17
29Q265,Excelsior Preparatory High School,29,25,2,1,353,58,108,95,0.5,17
31R450,Curtis High School,31,25,2,1,1967,690,804,754,0.5,17
31R460,Susan E. Wagner High School,31,25,2,1,2611,968,660,631,0.5,17
32K168,The Brooklyn School for Math and Research,32,25,2,1,710,99,108,148,0.5,17
32K554,All City Leadership Secondary School,32,25,4,2,911,247,62,62,0.5,17
03M479,Beacon High School,3,25,104,50,7891,4442,360,493,0.4807692307692308,59
26Q495,Bayside High School,26,25,1823,866,6914,2765,851,1041,0.4750411409764125,60
12X641,Bard High School Early College Bronx,12,25,15,7,1391,613,100,106,0.4666666666666667,61
24Q530,International High School at LaGuardia Community College,24,25,179,80,1236,505,119,114,0.44692737430167595,62
02M260,The Clinton School,2,25,9,4,2837,1151,134,221,0.4444444444444444,63
25Q281,East-West School of International Studies,25,25,416,180,766,290,89,113,0.4326923076923077,64
01M450,East Side Community School,1,25,7,3,1142,328,95,117,0.42857142857142855,65
02M615,Chelsea Career and Technical Education High School,2,25,7,3,821,118,152,-2,0.42857142857142855,65
24Q610,Aviation Career & Technical Education High School,24,25,610,249,4123,1548,530,723,0.4081967213114754,67
22K405,Midwood High School,22,25,10,4,11658,5495,910,1323,0.4,68
02M630,Art and Design High School,2,25,96,38,3594,1359,385,523,0.3958333333333333,69
25Q252,"Queens School of Inquiry, The",25,25,204,80,508,161,89,107,0.39215686274509803,70
02M533,Union Square Academy for Health Sciences,2,25,23,9,834,154,163,143,0.391304347826087,71
02M411,Baruch College Campus High School,2,25,112,43,6773,2753,118,188,0.38392857142857145,72
02M376,NYC iSchool,2,25,21,8,2459,931,118,158,0.38095238095238093,73
04M555,Central Park East High School,4,25,42,16,4762,1538,125,215,0.38095238095238093,73
04M435,Manhattan Center for Science and Mathematics,4,25,79,30,5010,1993,440,709,0.379746835443038,75
24Q585,Maspeth High School,24,25,850,322,5045,1953,270,348,0.3788235294117647,76
24Q520,Middle College High School at LaGuardia Community College,24,25,310,117,1826,552,97,118,0.3774193548387097,77
02M400,High School for Environmental Studies,2,25,16,6,2558,395,344,385,0.375,78
24Q296,Pan American International High School,24,25,150,56,508,166,108,28,0.37333333333333335,79
26Q415,Benjamin N. Cardozo High School,26,25,829,308,4527,1666,684,926,0.3715319662243667,80
25Q263,Flushing International High School,25,25,246,91,576,182,90,90,0.3699186991869919,81
25Q285,World Journalism Preparatory: A College Board School,25,25,188,69,448,162,90,139,0.3670212765957447,82
27Q475,Richmond Hill High School,27,25,22,8,1397,386,371,423,0.36363636363636365,83
26Q566,"Queens High School of Teaching, Liberal Arts and the Sciences",26,25,25,9,671,231,258,222,0.36,84
02M408,Professional Performing Arts High School,2,25,14,5,1255,378,128,180,0.35714285714285715,85
30Q286,"Young Women's Leadership School, Astoria",30,25,42,15,453,156,81,103,0.35714285714285715,85
25Q670,Robert F. Kennedy Community High School,25,25,353,124,1012,254,150,223,0.35127478753541075,87
28Q440,Forest Hills High School,28,25,1310,457,7184,2477,702,851,0.34885496183206105,88
02M439,Manhattan Village Academy,2,25,35,12,3002,860,100,201,0.34285714285714286,89
28Q680,Queens Gateway to Health Sciences Secondary School,28,25,106,36,1238,384,108,147,0.33962264150943394,90
24Q550,High School for Arts and Business,24,25,698,237,2257,552,191,255,0.33954154727793695,91
30Q301,Academy for Careers in Television and Film,30,25,116,39,1410,330,151,200,0.33620689655172414,92
24Q600,Queens Technical High School,24,25,689,230,3942,1196,350,423,0.33381712626995647,93
01M539,"New Explorations into Science, Technology and Math High School",1,25,42,14,3743,2047,150,289,0.3333333333333333,94
02M407,Institute for Collaborative Education,2,25,3,1,836,263,61,73,0.3333333333333333,94
02M413,School of the Future High School,2,25,6,2,1741,485,108,152,0.3333333333333333,94
02M419,Landmark High School,2,25,3,1,457,37,100,-2,0.3333333333333333,94
02M425,Leadership and Public Service High School,2,25,3,1,387,36,145,52,0.3333333333333333,94
02M438,International High School at Union Square,2,25,3,1,501,103,68,75,0.3333333333333333,94
02M550,Liberty High School Academy for Newcomers,2,25,3,1,99,16,50,6,0.3333333333333333,94
02M600,The High School of Fashion Industries,2,25,39,13,2046,720,475,395,0.3333333333333333,94
02M605,Humanities Preparatory Academy,2,25,3,1,861,101,75,-2,0.3333333333333333,94
03M307,"Urban Assembly School for Media Studies, The",3,25,3,1,328,71,126,109,0.3333333333333333,94
03M494,High School of Arts and Technology,3,25,18,6,1037,132,140,-2,0.3333333333333333,94
05M304,Mott Hall High School,5,25,3,1,455,53,108,-2,0.3333333333333333,94
05M499,Frederick Douglass Academy,5,25,3,1,903,195,325,214,0.3333333333333333,94
06M462,The College Academy,6,25,3,1,814,121,121,129,0.3333333333333333,94
06M463,High School for Media and Communications,6,25,3,1,505,61,150,-2,0.3333333333333333,94
07X495,University Heights Secondary School,7,25,3,1,2181,787,140,203,0.3333333333333333,94
07X522,Bronx Design and Construction Academy,7,25,3,1,677,112,140,91,0.3333333333333333,94
08X282,Women's Academy of Excellence,8,25,3,1,172,27,108,-2,0.3333333333333333,94
09X241,"Urban Assembly School for Applied Math and Science, The",9,25,3,1,561,117,90,99,0.3333333333333333,94
10X237,"The Marie Curie High School for Medicine, Nursing, and Health Professions",10,25,3,1,334,46,135,-2,0.3333333333333333,94
10X374,Knowledge and Power Preparatory Academy International High School (Kappa),10,25,3,1,2279,431,120,179,0.3333333333333333,94
11X275,High School of Computers and Technology,11,25,3,1,715,115,181,156,0.3333333333333333,94
13K412,Brooklyn Community Arts & Media High School (BCAM),13,25,3,1,702,113,142,-2,0.3333333333333333,94
13K595,Bedford Academy High School,13,25,3,1,2464,599,81,114,0.3333333333333333,94
13K605,George Westinghouse Career and Technical Education High School,13,25,3,1,1254,203,254,194,0.3333333333333333,94
14K685,El Puente Academy for Peace and Justice,14,25,3,1,134,25,70,-2,0.3333333333333333,94
15K462,John Jay School for Law,15,25,3,1,1012,184,125,-2,0.3333333333333333,94
17K408,Academy of Hospitality and Tourism,17,25,3,1,571,89,118,-2,0.3333333333333333,94
17K537,High School for Youth and Community Development at Erasmus,17,25,3,1,488,82,140,-2,0.3333333333333333,94
18K567,Brooklyn Theatre Arts High School,18,25,3,1,352,39,125,-2,0.3333333333333333,94
18K637,Academy for Conservation and the Environment,18,25,3,1,727,92,170,217,0.3333333333333333,94
19K502,FDNY - Captain Vernon A. Richard High School for Fire and Life Safety,19,25,6,2,745,141,108,125,0.3333333333333333,94
31R455,Tottenville High School,31,25,3,1,3274,1627,1158,1357,0.3333333333333333,94
32K549,The Brooklyn School for Social Justice,32,25,3,1,425,47,120,-2,0.3333333333333333,94
32K556,Bushwick Leaders High School for Academic Excellence,32,25,3,1,768,125,120,-2,0.3333333333333333,94
25Q241,Queens High School for Language Studies,25,25,151,48,371,90,125,76,0.31788079470198677,129
28Q284,York Early College Academy,28,25,63,20,1602,580,81,91,0.31746031746031744,130
02M418,Millennium High School,2,25,54,17,5541,2290,176,286,0.3148148148148148,131
02M519,Talent Unlimited High School,2,25,26,8,1599,468,152,213,0.3076923076923077,132
02M542,Manhattan Bridges High School,2,25,26,8,904,224,172,95,0.3076923076923077,132
29Q313,Benjamin Franklin High School for Finance & Information Technology,29,25,26,8,735,122,108,-2,0.3076923076923077,132
27Q650,"High School for Construction Trades, Engineering and Architecture",27,25,164,50,3028,1209,247,311,0.3048780487804878,135
28Q620,Thomas A. Edison Career and Technical Education High School,28,25,587,178,6131,2355,473,583,0.303236797274276,136
05M362,Columbia Secondary School,5,25,58,17,4258,1769,112,175,0.29310344827586204,137
02M420,High School for Health Professions and Human Services,2,25,77,22,2991,776,477,590,0.2857142857142857,138
06M468,High School for Health Careers and Sciences,6,25,7,2,822,121,268,-2,0.2857142857142857,138
24Q236,International High School for Health Sciences,24,25,127,36,485,112,81,68,0.28346456692913385,140
24Q293,Civic Leadership Academy,24,25,378,107,1157,291,142,191,0.2830687830687831,141
30Q367,Motion Picture Tech High School,30,25,40,11,538,133,200,-2,0.275,142
25Q425,John Bowne High School,25,25,966,265,3116,720,783,809,0.2743271221532091,143
28Q686,Queens Metropolitan High School,28,25,147,40,2321,931,279,279,0.272108843537415,144
24Q264,Academy of Finance and Enterprise,24,25,270,73,2163,546,124,151,0.27037037037037037,145
30Q450,Long Island City High School,30,25,288,77,1827,403,790,432,0.2673611111111111,146
30Q555,Newcomers High School,30,25,84,22,559,166,81,107,0.2619047619047619,147
28Q896,"Young Women's Leadership School, Queens",28,25,23,6,350,99,81,119,0.2608695652173913,148
01M515,Lower East Side Preparatory High School,1,25,4,1,317,89,75,-2,0.25,149
02M135,The Urban Assembly Early College High School for Emergency Medicine,2,25,8,2,510,116,122,-2,0.25,149
02M298,Pace High School,2,25,8,2,1172,169,190,177,0.25,149
02M300,"Urban Assembly School of Design and Construction, The",2,25,4,1,346,43,108,-2,0.25,149
02M316,"Urban Assembly School of Business for Young Women, the",2,25,4,1,165,17,120,-2,0.25,149
02M399,The High School For Language And Diplomacy,2,25,4,1,385,36,134,-2,0.25,149
02M437,Hudson High School of Learning Technologies,2,25,4,1,353,48,119,-2,0.25,149
02M534,Harvest Collegiate High School,2,25,8,2,1116,115,116,-2,0.25,149
02M655,The High School for Climate Justice,2,25,4,1,298,60,152,105,0.25,149
10X477,Marble Hill High School for International Studies,10,25,4,1,810,158,108,139,0.25,149
11X270,Academy for Scholarship and Entrepreneurship: A College Board School,11,25,4,1,775,148,120,-2,0.25,149
11X544,High School for Contemporary Arts,11,25,4,1,607,55,240,-2,0.25,149
14K071,Juan Morel Campos Secondary School,14,25,4,1,341,78,101,69,0.25,149
15K684,Millennium Brooklyn HS,15,25,16,4,5385,2365,178,252,0.25,149
17K122,Pathways in Technology Early College High School (P-Tech),17,25,4,1,712,114,150,-2,0.25,149
17K543,"Science, Technology and Research Early College High School at Erasmus",17,25,4,1,790,197,130,145,0.25,149
17K600,Clara Barton High School,17,25,4,1,1276,355,434,-2,0.25,149
17K751,Academy for Health Careers,17,25,4,1,715,72,108,-2,0.25,149
18K617,High School for Innovation in Advertising and Media,18,25,4,1,522,101,81,91,0.25,149
19K583,Multicultural High School,19,25,4,1,320,88,111,64,0.25,149
19K660,W. H. Maxwell Career and Technical Education High School,19,25,4,1,991,185,305,164,0.25,149
20K490,Fort Hamilton High School,20,25,4,1,4983,1995,883,903,0.25,149
21K559,Life Academy High School for Film and Music,21,25,4,1,145,21,81,49,0.25,149
23K493,Brooklyn Collegiate: A College Board School,23,25,4,1,727,113,120,-2,0.25,149
28Q167,Metropolitan Expeditionary Learning School,28,25,73,18,1254,467,125,141,0.2465753424657534,173
28Q328,High School for Community Leadership,28,25,66,16,671,160,150,231,0.24242424242424243,174
30Q258,Energy Tech High School,30,25,216,51,1535,348,108,145,0.2361111111111111,175
30Q575,Academy of American Studies,30,25,246,58,2727,819,170,224,0.23577235772357724,176
26Q315,Business Technology Early College High School,26,25,85,19,1032,289,180,272,0.2235294117647059,177
25Q240,Veritas Academy,25,25,233,52,526,96,130,-2,0.22317596566523606,178
03M859,Special Music School,3,25,9,2,482,165,50,64,0.2222222222222222,179
08X367,"Archimedes Academy for Math, Science and Technology Applications",8,25,9,2,427,75,100,-2,0.2222222222222222,179
19K639,Brooklyn Lab School,19,25,14,3,980,152,102,143,0.21428571428571427,181
25Q460,Flushing High School,25,25,605,128,1592,289,419,419,0.2115702479338843,182
24Q560,"Robert F. Wagner, Jr. Secondary School for Arts and Technology",24,25,188,39,1368,247,120,161,0.2074468085106383,183
02M308,Lower Manhattan Arts Academy,2,25,5,1,524,69,95,-2,0.2,184
02M393,Business Of Sports School,2,25,15,3,1151,248,129,210,0.2,184
07X600,Alfred E. Smith Career and Technical Education High School,7,25,5,1,1126,227,189,193,0.2,184
13K350,Urban Assembly School of Music and Art,13,25,5,1,494,52,108,-2,0.2,184
14K454,The Williamsburg High School of Art and Technology,14,25,5,1,893,129,116,120,0.2,184
17K382,Academy for College Preparation and Career Exploration: A College Board School,17,25,5,1,837,124,108,-2,0.2,184
24Q455,Newtown High School,24,25,227,45,1328,243,419,346,0.19823788546255505,190
29Q498,"Health, Arts, Robotics, and Technology High School",29,25,72,14,1435,293,196,264,0.19444444444444445,191
30Q445,William Cullen Bryant High School,30,25,238,46,1681,297,435,349,0.19327731092436976,192
24Q485,Grover Cleveland High School,24,25,92,17,1552,359,420,437,0.18478260869565216,193
04M495,Park East High School,4,25,11,2,2653,739,100,166,0.18181818181818182,194
30Q502,Information Technology High School,30,25,133,24,944,190,227,-2,0.18045112781954886,195
28Q505,Hillcrest High School,28,25,142,25,2316,496,730,517,0.176056338028169,196
02M288,Food and Finance High School,2,25,23,4,1225,264,150,211,0.17391304347826086,197
02M296,High School of Hospitality Management,2,25,6,1,269,35,135,-2,0.16666666666666666,198
02M427,Manhattan Academy For Arts & Language,2,25,6,1,389,72,108,49,0.16666666666666666,198
02M507,Urban Assembly Gateway School for Technology,2,25,12,2,1299,278,108,146,0.16666666666666666,198
09X413,Bronx High School for Medical Science,9,25,6,1,1104,178,90,170,0.16666666666666666,198
26Q435,Martin Van Buren High School,26,25,36,6,1084,217,352,273,0.16666666666666666,198
27Q323,Scholars' Academy,27,25,6,1,1065,580,154,186,0.16666666666666666,198
28Q310,Queens Collegiate: A College Board School,28,25,36,6,453,67,115,77,0.16666666666666666,198
29Q259,Pathways College Preparatory School: A College Board School,29,25,6,1,440,145,186,167,0.16666666666666666,198
29Q327,Eagle Academy for Young Men III,29,25,6,1,324,112,120,-2,0.16666666666666666,198
02M374,Gramercy Arts High School,2,25,13,2,1038,129,204,78,0.15384615384615385,207
02M546,Academy for Software Engineering,2,25,26,4,1992,388,125,201,0.15384615384615385,207
02M412,N.Y.C. Lab School for Collaborative Studies,2,25,20,3,3134,1067,109,161,0.15,209
03M291,West End Secondary School,3,25,7,1,1209,392,105,146,0.14285714285714285,210
11X249,Bronx Health Sciences High School,11,25,7,1,1270,225,200,261,0.14285714285714285,210
11X455,Harry S Truman High School,11,25,7,1,1891,390,913,-2,0.14285714285714285,210
13K419,"Science Skills Center High School for Science, Technology and the Creative Arts",13,25,7,1,909,111,258,143,0.14285714285714285,210
13K674,"City Polytechnic High School of Engineering, Architecture, and Technology",13,25,7,1,1239,274,108,160,0.14285714285714285,210
19K507,Performing Arts and Technology High School,19,25,7,1,1103,157,125,163,0.14285714285714285,210
27Q480,John Adams High School,27,25,101,14,2490,480,636,644,0.13861386138613863,216
03M415,Wadleigh Secondary School for the Performing & Visual Arts,3,25,8,1,826,130,128,-2,0.125,217
02M047,47 The American Sign Language and English Secondary School,2,25,9,1,318,55,69,-2,0.1111111111111111,218
02M282,Urban Assembly Maker Academy,2,25,9,1,1074,175,150,216,0.1111111111111111,218
02M392,Manhattan Business Academy,2,25,18,2,1321,191,161,-2,0.1111111111111111,218
02M432,Murray Hill Academy,2,25,9,1,558,76,90,-2,0.1111111111111111,218
02M529,Jacqueline Kennedy Onassis High School,2,25,18,2,534,81,204,-2,0.1111111111111111,218
03M492,"High School for Law, Advocacy and Community Justice",3,25,18,2,920,170,220,-2,0.1111111111111111,218
09X260,Bronx Center for Science and Mathematics,9,25,9,1,2530,621,108,201,0.1111111111111111,218
12X388,Pan American International High School at Monroe,12,25,9,1,310,71,108,43,0.1111111111111111,218
14K477,East Williamsburg Scholars Academy,14,25,9,1,650,90,234,-2,0.1111111111111111,218
19K764,The Urban Assembly School for Collaborative Healthcare,19,25,9,1,419,71,81,-2,0.1111111111111111,218
27Q334,Epic High School - North,27,25,9,1,735,169,70,91,0.1111111111111111,218
29Q243,Institute for Health Professions at Cambria Heights,29,25,9,1,416,79,108,132,0.1111111111111111,218
02M294,Essex Street Academy,2,25,10,1,2478,562,90,125,0.1,230
27Q309,Academy of Medical Technology: A College Board School,27,25,10,1,626,120,105,109,0.1,230
29Q326,Cambria Heights Academy,29,25,10,1,581,113,81,103,0.1,230
02M449,Vanguard High School,2,25,11,1,701,134,110,158,0.09090909090909091,233
29Q492,"Mathematics, Science Research and Technology Magnet High School",29,25,22,2,782,146,150,-2,0.09090909090909091,233
32K552,The Academy of Urban Planning and Engineering,32,25,11,1,737,128,113,-2,0.09090909090909091,233
02M414,N.Y.C. Museum School,2,25,23,2,3022,865,150,254,0.08695652173913043,236
02M459,Manhattan International High School,2,25,23,2,738,151,85,73,0.08695652173913043,236
15K656,Brooklyn High School of the Arts,15,25,12,1,2104,574,254,272,0.08333333333333333,238
01M448,University Neighborhood High School,1,25,13,1,2248,447,125,185,0.07692307692307693,239
14K610,A-Tech High School,14,25,13,1,1273,264,224,243,0.07692307692307693,239
27Q260,Frederick Douglass Academy VI High School,27,25,13,1,482,71,121,-2,0.07692307692307693,239
14K558,Williamsburg High School for Architecture and Design,14,25,14,1,1223,253,155,212,0.07142857142857142,242
27Q308,Robert H. Goddard High School of Communication Arts and Technology,27,25,14,1,1222,468,140,181,0.07142857142857142,242
24Q267,High School of Applied Communication,24,25,99,7,557,75,145,-2,0.0707070707070707,244
06M540,A. Philip Randolph Campus High School,6,25,15,1,2050,408,471,379,0.06666666666666667,245
27Q400,August Martin High School,27,25,15,1,960,177,250,218,0.06666666666666667,245
28Q690,High School for Law Enforcement and Public Safety,28,25,17,1,396,91,165,109,0.058823529411764705,247
29Q272,George Washington Carver High School for the Sciences,29,25,17,1,590,92,93,-2,0.058823529411764705,247
02M489,High School of Economics and Finance,2,25,19,1,1374,223,230,-2,0.05263157894736842,249
19K618,Academy of Innovative Technology,19,25,19,1,1048,183,115,169,0.05263157894736842,249
29Q248,Queens Preparatory Academy,29,25,19,1,383,62,100,-2,0.05263157894736842,249
28Q350,Jamaica Gateway to the Sciences,28,25,43,2,1005,210,150,184,0.046511627906976744,252
14K478,"The High School for Enterprise, Business and Technology",14,25,22,1,1197,144,249,130,0.045454545454545456,253
30Q417,Gotham Tech High School,30,25,22,1,631,96,90,-2,0.045454545454545456,253
27Q302,"Queens High School for Information, Research, and Technology",27,25,28,1,671,160,130,177,0.03571428571428571,255
28Q325,Hillside Arts & Letters Academy,28,25,33,1,520,82,108,133,0.030303030303030304,256
01M448,University Neighborhood High School,1,26,4,4,2248,447,125,185,1.0,1
01M450,East Side Community School,1,26,2,2,1142,328,95,117,1.0,1
02M047,47 The American Sign Language and English Secondary School,2,26,3,3,318,55,69,-2,1.0,1
02M260,The Clinton School,2,26,2,2,2837,1151,134,221,1.0,1
02M308,Lower Manhattan Arts Academy,2,26,1,1,524,69,95,-2,1.0,210
02M376,NYC iSchool,2,26,5,5,2459,931,118,158,1.0,1
02M392,Manhattan Business Academy,2,26,2,2,1321,191,161,-2,1.0,1
02M400,High School for Environmental Studies,2,26,1,1,2558,395,344,385,1.0,210
02M407,Institute for Collaborative Education,2,26,2,2,836,263,61,73,1.0,1
02M413,School of the Future High School,2,26,1,1,1741,485,108,152,1.0,210
02M489,High School of Economics and Finance,2,26,3,3,1374,223,230,-2,1.0,1
02M533,Union Square Academy for Health Sciences,2,26,4,4,834,154,163,143,1.0,1
02M546,Academy for Software Engineering,2,26,5,5,1992,388,125,201,1.0,1
02M586,Harvey Milk High School,2,26,1,1,40,3,45,-1,1.0,210
02M615,Chelsea Career and Technical Education High School,2,26,2,2,821,118,152,-2,1.0,1
03M415,Wadleigh Secondary School for the Performing & Visual Arts,3,26,2,2,826,130,128,-2,1.0,1
04M495,Park East High School,4,26,1,1,2653,739,100,166,1.0,210
06M468,High School for Health Careers and Sciences,6,26,2,2,822,121,268,-2,1.0,1
07X500,Hostos-Lincoln Academy of Science,7,26,1,1,751,158,81,121,1.0,210
08X269,Bronx Studio School for Writers and Artists,8,26,1,1,481,130,90,113,1.0,210
08X293,Renaissance High School for Musical Theater and the Arts,8,26,1,1,660,115,110,-2,1.0,210
08X452,Gotham Collaborative High School,8,26,1,1,343,51,120,-2,1.0,210
08X530,Longwood Preparatory Academy,8,26,1,1,649,115,120,143,1.0,210
08X561,Bronx Compass High School,8,26,1,1,520,70,130,-2,1.0,210
09X517,Frederick Douglass Academy III Secondary School,9,26,1,1,404,35,108,-2,1.0,210
10X284,Bronx School of Law and Finance,10,26,1,1,558,58,130,-2,1.0,210
13K412,Brooklyn Community Arts & Media High School (BCAM),13,26,1,1,702,113,142,-2,1.0,210
13K439,Brooklyn International High School,13,26,2,2,409,71,81,53,1.0,1
13K483,The Urban Assembly School for Law and Justice,13,26,1,1,593,105,115,-2,1.0,210
13K595,Bedford Academy High School,13,26,1,1,2464,599,81,114,1.0,210
13K670,Benjamin Banneker Academy,13,26,3,3,1912,451,225,318,1.0,1
13K674,"City Polytechnic High School of Engineering, Architecture, and Technology",13,26,1,1,1239,274,108,160,1.0,210
17K408,Academy of Hospitality and Tourism,17,26,1,1,571,89,118,-2,1.0,210
17K537,High School for Youth and Community Development at Erasmus,17,26,1,1,488,82,140,-2,1.0,210
17K548,Brooklyn School for Music & Theatre,17,26,1,1,522,74,108,-2,1.0,210
18K563,It Takes a Village Academy,18,26,1,1,353,23,135,-2,1.0,210
18K569,Kurt Hahn Expeditionary Learning School,18,26,1,1,141,21,81,-2,1.0,210
19K422,Spring Creek Community School,19,26,1,1,341,50,73,-2,1.0,210
19K659,Cypress Hills Collegiate Preparatory School,19,26,2,2,581,86,99,-2,1.0,1
21K344,Rachel Carson High School for Coastal Studies,21,26,1,1,469,162,160,200,1.0,210
21K559,Life Academy High School for Film and Music,21,26,1,1,145,21,81,49,1.0,210
22K425,James Madison High School,22,26,1,1,6968,2801,837,940,1.0,210
22K555,Brooklyn College Academy,22,26,2,2,2698,911,170,228,1.0,1
24Q293,Civic Leadership Academy,24,26,1,1,1157,291,142,191,1.0,210
24Q296,Pan American International High School,24,26,1,1,508,166,108,28,1.0,210
27Q260,Frederick Douglass Academy VI High School,27,26,1,1,482,71,121,-2,1.0,210
27Q334,Epic High School - North,27,26,1,1,735,169,70,91,1.0,210
31R450,Curtis High School,31,26,1,1,1967,690,804,754,1.0,210
31R600,Ralph R. McKee Career and Technical Education High School,31,26,1,1,620,198,316,180,1.0,210
32K403,Academy for Excellence in Leadership,32,26,1,1,653,76,108,-2,1.0,210
25Q525,Townsend Harris High School,25,26,1216,1057,6780,4957,290,374,0.8692434210526315,18
02M420,High School for Health Professions and Human Services,2,26,6,5,2991,776,477,590,0.8333333333333334,19
02M282,Urban Assembly Maker Academy,2,26,3,2,1074,175,150,216,0.6666666666666666,20
02M543,New Design High School,2,26,3,2,852,157,125,145,0.6666666666666666,20
15K462,John Jay School for Law,15,26,3,2,1012,184,125,-2,0.6666666666666666,20
17K590,Medgar Evers College Preparatory School,17,26,3,2,2078,676,220,237,0.6666666666666666,20
19K639,Brooklyn Lab School,19,26,3,2,980,152,102,143,0.6666666666666666,20
30Q580,Baccalaureate School for Global Education,30,26,83,55,1732,937,97,94,0.6626506024096386,25
30Q501,Frank Sinatra School of the Arts High School,30,26,157,102,3557,1643,236,416,0.6496815286624203,26
24Q299,Bard High School Early College Queens,24,26,192,124,3866,2227,125,166,0.6458333333333334,27
01M696,Bard High School Early College,1,26,51,32,3946,2196,125,198,0.6274509803921569,28
02M439,Manhattan Village Academy,2,26,8,5,3002,860,100,201,0.625,29
02M294,Essex Street Academy,2,26,5,3,2478,562,90,125,0.6,30
26Q430,Francis Lewis High School,26,26,2865,1583,8708,3905,913,1030,0.5525305410122164,31
02M412,N.Y.C. Lab School for Collaborative Studies,2,26,11,6,3134,1067,109,161,0.5454545454545454,32
03M479,Beacon High School,3,26,56,30,7891,4442,360,493,0.5357142857142857,33
01M539,"New Explorations into Science, Technology and Math High School",1,26,36,19,3743,2047,150,289,0.5277777777777778,34
02M545,High School for Dual Language and Asian Studies,2,26,19,10,769,299,108,150,0.5263157894736842,35
03M541,Manhattan / Hunter Science High School,3,26,77,40,5406,2689,108,176,0.5194805194805194,36
02M298,Pace High School,2,26,2,1,1172,169,190,177,0.5,37
02M393,Business Of Sports School,2,26,4,2,1151,248,129,210,0.5,37
02M427,Manhattan Academy For Arts & Language,2,26,2,1,389,72,108,49,0.5,37
02M459,Manhattan International High School,2,26,2,1,738,151,85,73,0.5,37
02M507,Urban Assembly Gateway School for Technology,2,26,2,1,1299,278,108,146,0.5,37
02M551,Urban Assembly New York Harbor School,2,26,6,3,724,221,200,-2,0.5,37
02M580,Richard R. Green High School of Teaching,2,26,2,1,1291,154,160,-2,0.5,37
03M610,Young Women's Leadership School,3,26,2,1,370,113,81,-2,0.5,37
05M362,Columbia Secondary School,5,26,38,19,4258,1769,112,175,0.5,37
05M499,Frederick Douglass Academy,5,26,2,1,903,195,325,214,0.5,37
06M293,City College Academy of the Arts,6,26,2,1,1028,337,81,95,0.5,37
06M467,High School for Law and Public Service,6,26,2,1,643,95,167,84,0.5,37
06M552,Gregorio Luperon High School for Science and Mathematics,6,26,2,1,573,165,150,45,0.5,37
07X522,Bronx Design and Construction Academy,7,26,2,1,677,112,140,91,0.5,37
07X548,Careers in Sports High School,7,26,2,1,1056,226,125,202,0.5,37
07X600,Alfred E. Smith Career and Technical Education High School,7,26,2,1,1126,227,189,193,0.5,37
09X413,Bronx High School for Medical Science,9,26,2,1,1104,178,90,170,0.5,37
09X543,High School for Violin and Dance,9,26,2,1,149,19,108,-2,0.5,37
10X225,Theatre Arts Production Company School,10,26,2,1,633,88,170,-2,0.5,37
10X437,Fordham High School for the Arts,10,26,2,1,1826,399,130,158,0.5,37
11X249,Bronx Health Sciences High School,11,26,2,1,1270,225,200,261,0.5,37
11X270,Academy for Scholarship and Entrepreneurship: A College Board School,11,26,2,1,775,148,120,-2,0.5,37
11X290,Bronx Academy of Health Careers,11,26,2,1,897,90,108,-2,0.5,37
11X418,Bronx High School for the Visual Arts,11,26,2,1,951,168,102,136,0.5,37
14K478,"The High School for Enterprise, Business and Technology",14,26,2,1,1197,144,249,130,0.5,37
14K558,Williamsburg High School for Architecture and Design,14,26,6,3,1223,253,155,212,0.5,37
14K610,A-Tech High School,14,26,4,2,1273,264,224,243,0.5,37
14K614,Young Women's Leadership School of Brooklyn,14,26,2,1,251,47,93,59,0.5,37
15K448,Brooklyn Collaborative Studies,15,26,2,1,693,99,90,110,0.5,37
15K463,Cyberarts Studio Academy,15,26,2,1,256,30,125,-2,0.5,37
15K656,Brooklyn High School of the Arts,15,26,2,1,2104,574,254,272,0.5,37
18K566,Brooklyn Community High School for Excellence and Equity,18,26,2,1,448,61,75,-2,0.5,37
20K445,New Utrecht High School,20,26,2,1,4568,1443,630,730,0.5,37
20K485,High School of Telecommunication Arts and Technology,20,26,2,1,2973,1210,310,363,0.5,37
20K490,Fort Hamilton High School,20,26,2,1,4983,1995,883,903,0.5,37
20K505,Franklin Delano Roosevelt High School,20,26,2,1,3723,924,710,852,0.5,37
20K609,Urban Assembly School for Leadership and Empowerment,20,26,2,1,278,74,100,132,0.5,37
21K410,Abraham Lincoln High School,21,26,2,1,2225,539,741,604,0.5,37
21K525,Edward R. Murrow High School,21,26,2,1,6293,2283,933,1196,0.5,37
23K644,Eagle Academy for Young Men II,23,26,4,2,554,179,92,139,0.5,37
27Q262,Channel View School for Research,27,26,2,1,755,267,194,212,0.5,37
27Q314,Epic High School - South,27,26,2,1,618,154,95,138,0.5,37
28Q690,High School for Law Enforcement and Public Safety,28,26,2,1,396,91,165,109,0.5,37
29Q283,Preparatory Academy for Writers: A College Board School,29,26,2,1,177,47,90,69,0.5,37
29Q327,Eagle Academy for Young Men III,29,26,2,1,324,112,120,-2,0.5,37
32K552,The Academy of Urban Planning and Engineering,32,26,2,1,737,128,113,-2,0.5,37
02M416,Eleanor Roosevelt High School,2,26,123,59,7699,3749,136,224,0.4796747967479675,83
26Q495,Bayside High School,26,26,2086,953,6914,2765,851,1041,0.45685522531160117,84
25Q281,East-West School of International Studies,25,26,145,64,766,290,89,113,0.4413793103448276,85
25Q285,World Journalism Preparatory: A College Board School,25,26,179,78,448,162,90,139,0.43575418994413406,86
24Q610,Aviation Career & Technical Education High School,24,26,115,49,4123,1548,530,723,0.4260869565217391,87
02M630,Art and Design High School,2,26,55,23,3594,1359,385,523,0.41818181818181815,88
25Q263,Flushing International High School,25,26,29,12,576,182,90,90,0.41379310344827586,89
26Q415,Benjamin N. Cardozo High School,26,26,1582,646,4527,1666,684,926,0.4083438685208597,90
25Q252,"Queens School of Inquiry, The",25,26,72,29,508,161,89,107,0.4027777777777778,91
02M288,Food and Finance High School,2,26,5,2,1225,264,150,211,0.4,92
02M519,Talent Unlimited High School,2,26,24,9,1599,468,152,213,0.375,93
26Q566,"Queens High School of Teaching, Liberal Arts and the Sciences",26,26,168,63,671,231,258,222,0.375,93
24Q585,Maspeth High School,24,26,70,26,5045,1953,270,348,0.37142857142857144,95
02M411,Baruch College Campus High School,2,26,75,26,6773,2753,118,188,0.3466666666666667,96
02M305,"Urban Assembly Academy of Government and Law, The",2,26,3,1,573,75,100,-2,0.3333333333333333,97
02M414,N.Y.C. Museum School,2,26,6,2,3022,865,150,254,0.3333333333333333,97
02M418,Millennium High School,2,26,39,13,5541,2290,176,286,0.3333333333333333,97
02M422,Quest to Learn,2,26,3,1,177,27,108,41,0.3333333333333333,97
02M438,International High School at Union Square,2,26,3,1,501,103,68,75,0.3333333333333333,97
03M417,Frank McCourt High School,3,26,3,1,1253,345,120,170,0.3333333333333333,97
06M540,A. Philip Randolph Campus High School,6,26,3,1,2050,408,471,379,0.3333333333333333,97
07X670,Health Opportunities High School,7,26,3,1,477,47,75,-2,0.3333333333333333,97
08X405,Herbert H. Lehman High School,8,26,3,1,2078,405,528,479,0.3333333333333333,97
11X542,Pelham Preparatory Academy,11,26,3,1,2331,448,130,211,0.3333333333333333,97
11X544,High School for Contemporary Arts,11,26,3,1,607,55,240,-2,0.3333333333333333,97
12X478,The Cinema School,12,26,3,1,618,139,81,117,0.3333333333333333,97
13K419,"Science Skills Center High School for Science, Technology and the Creative Arts",13,26,3,1,909,111,258,143,0.3333333333333333,97
13K605,George Westinghouse Career and Technical Education High School,13,26,3,1,1254,203,254,194,0.3333333333333333,97
14K454,The Williamsburg High School of Art and Technology,14,26,3,1,893,129,116,120,0.3333333333333333,97
14K488,Brooklyn Preparatory High School,14,26,3,1,1061,174,153,-2,0.3333333333333333,97
14K561,Williamsburg Preparatory School,14,26,6,2,1131,226,180,236,0.3333333333333333,97
17K382,Academy for College Preparation and Career Exploration: A College Board School,17,26,3,1,837,124,108,-2,0.3333333333333333,97
19K618,Academy of Innovative Technology,19,26,3,1,1048,183,115,169,0.3333333333333333,97
24Q267,High School of Applied Communication,24,26,3,1,557,75,145,-2,0.3333333333333333,97
28Q284,York Early College Academy,28,26,69,23,1602,580,81,91,0.3333333333333333,97
32K168,The Brooklyn School for Math and Research,32,26,3,1,710,99,108,148,0.3333333333333333,97
28Q328,High School for Community Leadership,28,26,46,15,671,160,150,231,0.32608695652173914,119
04M435,Manhattan Center for Science and Mathematics,4,26,28,9,5010,1993,440,709,0.32142857142857145,120
28Q620,Thomas A. Edison Career and Technical Education High School,28,26,439,139,6131,2355,473,583,0.31662870159453305,121
27Q650,"High School for Construction Trades, Engineering and Architecture",27,26,40,12,3028,1209,247,311,0.3,122
08X367,"Archimedes Academy for Math, Science and Technology Applications",8,26,7,2,427,75,100,-2,0.2857142857142857,123
22K405,Midwood High School,22,26,7,2,11658,5495,910,1323,0.2857142857142857,123
24Q530,International High School at LaGuardia Community College,24,26,11,3,1236,505,119,114,0.2727272727272727,125
30Q575,Academy of American Studies,30,26,37,10,2727,819,170,224,0.2702702702702703,126
26Q315,Business Technology Early College High School,26,26,118,30,1032,289,180,272,0.2542372881355932,127
28Q440,Forest Hills High School,28,26,284,72,7184,2477,702,851,0.2535211267605634,128
02M296,High School of Hospitality Management,2,26,4,1,269,35,135,-2,0.25,129
02M408,Professional Performing Arts High School,2,26,16,4,1255,378,128,180,0.25,129
02M520,Murry Bergtraum High School for Business Careers,2,26,4,1,222,38,240,-2,0.25,129
02M531,Repertory Company High School for Theatre Arts,2,26,4,1,365,100,60,68,0.25,129
06M463,High School for Media and Communications,6,26,4,1,505,61,150,-2,0.25,129
09X505,"Bronx School for Law, Government and Justice",9,26,4,1,1132,259,120,154,0.25,129
10X213,Bronx Engineering and Technology Academy,10,26,4,1,754,115,142,-2,0.25,129
10X264,Bronx Academy for Software Engineering (BASE),10,26,4,1,1199,175,120,165,0.25,129
10X438,Fordham Leadership Academy,10,26,4,1,2416,416,108,155,0.25,129
11X275,High School of Computers and Technology,11,26,4,1,715,115,181,156,0.25,129
11X288,Collegiate Institute for Math and Science,11,26,4,1,1764,317,133,200,0.25,129
11X455,Harry S Truman High School,11,26,4,1,1891,390,913,-2,0.25,129
13K350,Urban Assembly School of Music and Art,13,26,4,1,494,52,108,-2,0.25,129
15K429,Digital Arts and Cinema Technology High School,15,26,4,1,579,105,90,94,0.25,129
16K688,The Brooklyn Academy of Global Finance,16,26,4,1,469,56,108,-2,0.25,129
17K528,The High School for Global Citizenship,17,26,4,1,524,55,100,63,0.25,129
21K540,John Dewey High School,21,26,4,1,2573,622,553,577,0.25,129
21K620,William E. Grady Career and Technical Education High School,21,26,4,1,970,205,305,214,0.25,129
27Q309,Academy of Medical Technology: A College Board School,27,26,4,1,626,120,105,109,0.25,129
27Q475,Richmond Hill High School,27,26,4,1,1397,386,371,423,0.25,129
30Q555,Newcomers High School,30,26,4,1,559,166,81,107,0.25,129
25Q670,Robert F. Kennedy Community High School,25,26,79,19,1012,254,150,223,0.24050632911392406,150
02M600,The High School of Fashion Industries,2,26,17,4,2046,720,475,395,0.23529411764705882,151
25Q425,John Bowne High School,25,26,200,47,3116,720,783,809,0.235,152
29Q498,"Health, Arts, Robotics, and Technology High School",29,26,62,14,1435,293,196,264,0.22580645161290322,153
02M374,Gramercy Arts High School,2,26,9,2,1038,129,204,78,0.2222222222222222,154
26Q435,Martin Van Buren High School,26,26,217,48,1084,217,352,273,0.22119815668202766,155
25Q460,Flushing High School,25,26,96,20,1592,289,419,419,0.20833333333333334,156
07X473,Mott Haven Village Preparatory High School,7,26,5,1,460,62,81,-2,0.2,157
11X545,Bronx Aerospace High School,11,26,5,1,751,109,189,-2,0.2,157
24Q264,Academy of Finance and Enterprise,24,26,30,6,2163,546,124,151,0.2,157
31R440,New Dorp High School,31,26,5,1,2806,1011,668,887,0.2,157
24Q600,Queens Technical High School,24,26,56,11,3942,1196,350,423,0.19642857142857142,161
28Q505,Hillcrest High School,28,26,71,12,2316,496,730,517,0.16901408450704225,162
16K498,Brooklyn High School for Law and Technology,16,26,6,1,1730,296,151,-2,0.16666666666666666,163
17K751,Academy for Health Careers,17,26,6,1,715,72,108,-2,0.16666666666666666,163
21K348,High School of Sports Management,21,26,6,1,386,75,176,-2,0.16666666666666666,163
24Q236,International High School for Health Sciences,24,26,6,1,485,112,81,68,0.16666666666666666,163
24Q485,Grover Cleveland High School,24,26,6,1,1552,359,420,437,0.16666666666666666,163
27Q308,Robert H. Goddard High School of Communication Arts and Technology,27,26,6,1,1222,468,140,181,0.16666666666666666,163
30Q502,Information Technology High School,30,26,6,1,944,190,227,-2,0.16666666666666666,163
28Q680,Queens Gateway to Health Sciences Secondary School,28,26,67,11,1238,384,108,147,0.16417910447761194,170
29Q492,"Mathematics, Science Research and Technology Magnet High School",29,26,41,6,782,146,150,-2,0.14634146341463414,171
03M492,"High School for Law, Advocacy and Community Justice",3,26,7,1,920,170,220,-2,0.14285714285714285,172
03M494,High School of Arts and Technology,3,26,7,1,1037,132,140,-2,0.14285714285714285,172
12X641,Bard High School Early College Bronx,12,26,7,1,1391,613,100,106,0.14285714285714285,172
15K684,Millennium Brooklyn HS,15,26,7,1,5385,2365,178,252,0.14285714285714285,172
22K535,Leon M. Goldstein High School for the Sciences,22,26,7,1,3985,2007,258,429,0.14285714285714285,172
29Q259,Pathways College Preparatory School: A College Board School,29,26,7,1,440,145,186,167,0.14285714285714285,172
29Q265,Excelsior Preparatory High School,29,26,7,1,353,58,108,95,0.14285714285714285,172
30Q417,Gotham Tech High School,30,26,7,1,631,96,90,-2,0.14285714285714285,172
03M859,Special Music School,3,26,8,1,482,165,50,64,0.125,180
24Q550,High School for Arts and Business,24,26,48,6,2257,552,191,255,0.125,180
29Q248,Queens Preparatory Academy,29,26,8,1,383,62,100,-2,0.125,180
24Q520,Middle College High School at LaGuardia Community College,24,26,17,2,1826,552,97,118,0.11764705882352941,183
24Q560,"Robert F. Wagner, Jr. Secondary School for Arts and Technology",24,26,9,1,1368,247,120,161,0.1111111111111111,184
28Q896,"Young Women's Leadership School, Queens",28,26,9,1,350,99,81,119,0.1111111111111111,184
30Q286,"Young Women's Leadership School, Astoria",30,26,9,1,453,156,81,103,0.1111111111111111,184
30Q445,William Cullen Bryant High School,30,26,9,1,1681,297,435,349,0.1111111111111111,184
09X260,Bronx Center for Science and Mathematics,9,26,10,1,2530,621,108,201,0.1,188
27Q400,August Martin High School,27,26,10,1,960,177,250,218,0.1,188
30Q301,Academy for Careers in Television and Film,30,26,20,2,1410,330,151,200,0.1,188
30Q367,Motion Picture Tech High School,30,26,10,1,538,133,200,-2,0.1,188
27Q323,Scholars' Academy,27,26,11,1,1065,580,154,186,0.09090909090909091,192
28Q167,Metropolitan Expeditionary Learning School,28,26,11,1,1254,467,125,141,0.09090909090909091,192
27Q302,"Queens High School for Information, Research, and Technology",27,26,13,1,671,160,130,177,0.07692307692307693,194
29Q243,Institute for Health Professions at Cambria Heights,29,26,13,1,416,79,108,132,0.07692307692307693,194
30Q258,Energy Tech High School,30,26,13,1,1535,348,108,145,0.07692307692307693,194
24Q455,Newtown High School,24,26,14,1,1328,243,419,346,0.07142857142857142,197
25Q241,Queens High School for Language Studies,25,26,29,2,371,90,125,76,0.06896551724137931,198
04M555,Central Park East High School,4,26,15,1,4762,1538,125,215,0.06666666666666667,199
29Q272,George Washington Carver High School for the Sciences,29,26,17,1,590,92,93,-2,0.058823529411764705,200
30Q450,Long Island City High School,30,26,18,1,1827,403,790,432,0.05555555555555555,201
29Q326,Cambria Heights Academy,29,26,20,1,581,113,81,103,0.05,202
27Q480,John Adams High School,27,26,22,1,2490,480,636,644,0.045454545454545456,203
28Q686,Queens Metropolitan High School,28,26,22,1,2321,931,279,279,0.045454545454545456,203
25Q240,Veritas Academy,25,26,24,1,526,96,130,-2,0.041666666666666664,205
28Q310,Queens Collegiate: A College Board School,28,26,25,1,453,67,115,77,0.04,206
28Q325,Hillside Arts & Letters Academy,28,26,25,1,520,82,108,133,0.04,206
29Q313,Benjamin Franklin High School for Finance & Information Technology,29,26,39,1,735,122,108,-2,0.02564102564102564,208
28Q350,Jamaica Gateway to the Sciences,28,26,41,1,1005,210,150,184,0.024390243902439025,209
01M458,Forsyth Satellite Academy,1,27,1,1,60,12,28,-2,1.0,319
02M303,"Facing History School, The",2,27,1,1,421,87,107,-2,1.0,319
02M394,Emma Lazarus High School,2,27,1,1,134,19,60,-1,1.0,319
02M427,Manhattan Academy For Arts & Language,2,27,1,1,389,72,108,49,1.0,319
03M402,The Urban Assembly School for Green Careers,3,27,1,1,494,39,120,45,1.0,319
03M403,The Global Learning Collaborative,3,27,2,2,754,90,108,-2,1.0,1
04M372,Esperanza Preparatory Academy,4,27,1,1,322,114,106,120,1.0,319
05M499,Frederick Douglass Academy,5,27,1,1,903,195,325,214,1.0,319
06M463,High School for Media and Communications,6,27,1,1,505,61,150,-2,1.0,319
07X334,International Community High School,7,27,1,1,210,40,81,23,1.0,319
07X473,Mott Haven Village Preparatory High School,7,27,1,1,460,62,81,-2,1.0,319
07X548,Careers in Sports High School,7,27,1,1,1056,226,125,202,1.0,319
07X670,Health Opportunities High School,7,27,1,1,477,47,75,-2,1.0,319
08X282,Women's Academy of Excellence,8,27,1,1,172,27,108,-2,1.0,319
08X349,Bronx River High School,8,27,1,1,1172,196,108,168,1.0,319
08X432,Bronx Bridges High School,8,27,1,1,454,83,81,70,1.0,319
08X561,Bronx Compass High School,8,27,1,1,520,70,130,-2,1.0,319
09X250,Eximius College Preparatory Academy: A College Board School,9,27,1,1,761,90,108,-2,1.0,319
09X252,Mott Hall Bronx High School,9,27,1,1,1138,141,90,130,1.0,319
09X260,Bronx Center for Science and Mathematics,9,27,1,1,2530,621,108,201,1.0,319
09X263,Validus Preparatory Academy,9,27,1,1,264,33,90,-2,1.0,319
09X329,DreamYard Preparatory School,9,27,1,1,522,57,108,64,1.0,319
09X350,New Directions Secondary School,9,27,1,1,72,9,25,-2,1.0,319
09X403,Bronx International High School,9,27,1,1,537,54,135,12,1.0,319
09X505,"Bronx School for Law, Government and Justice",9,27,1,1,1132,259,120,154,1.0,319
09X525,Bronx Leadership Academy High School,9,27,1,1,1027,107,105,123,1.0,319
10X225,Theatre Arts Production Company School,10,27,1,1,633,88,170,-2,1.0,319
10X351,Bronx Collaborative High School,10,27,1,1,582,47,150,-2,1.0,319
10X374,Knowledge and Power Preparatory Academy International High School (Kappa),10,27,1,1,2279,431,120,179,1.0,319
10X439,Bronx High School for Law and Community Service,10,27,1,1,1467,220,108,163,1.0,319
10X477,Marble Hill High School for International Studies,10,27,1,1,810,158,108,139,1.0,319
10X549,Discovery High School,10,27,1,1,716,95,108,135,1.0,319
10X565,High School for Energy and Technology,10,27,1,1,503,51,120,-2,1.0,319
11X288,Collegiate Institute for Math and Science,11,27,1,1,1764,317,133,200,1.0,319
11X290,Bronx Academy of Health Careers,11,27,1,1,897,90,108,-2,1.0,319
11X299,Astor Collegiate Academy,11,27,1,1,2199,342,120,189,1.0,319
11X514,The Bronxwood Preparatory Academy,11,27,1,1,668,93,120,150,1.0,319
11X545,Bronx Aerospace High School,11,27,1,1,751,109,189,-2,1.0,319
12X242,Mott Hall V,12,27,1,1,1001,282,81,91,1.0,319
12X251,Explorations Academy H.S.,12,27,1,1,476,39,117,-2,1.0,319
12X267,Bronx Latin,12,27,1,1,841,149,81,113,1.0,319
12X388,Pan American International High School at Monroe,12,27,1,1,310,71,108,43,1.0,319
12X521,The Metropolitan Soundview High School,12,27,1,1,453,67,120,74,1.0,319
12X550,High School of World Cultures,12,27,1,1,380,49,108,36,1.0,319
12X682,Fannie Lou Hamer Freedom High School,12,27,2,2,388,73,110,83,1.0,1
13K527,Urban Assembly Institute of Math and Science for Young Women,13,27,1,1,237,54,81,60,1.0,319
14K614,Young Women's Leadership School of Brooklyn,14,27,1,1,251,47,93,59,1.0,319
14K685,El Puente Academy for Peace and Justice,14,27,1,1,134,25,70,-2,1.0,319
15K463,Cyberarts Studio Academy,15,27,1,1,256,30,125,-2,1.0,319
15K464,Park Slope Collegiate,15,27,1,1,613,115,102,130,1.0,319
16K765,Nelson Mandela High School,16,27,1,1,250,25,114,-2,1.0,319
17K528,The High School for Global Citizenship,17,27,1,1,524,55,100,63,1.0,319
18K563,It Takes a Village Academy,18,27,1,1,353,23,135,-2,1.0,319
18K569,Kurt Hahn Expeditionary Learning School,18,27,1,1,141,21,81,-2,1.0,319
18K642,Urban Action Academy,18,27,1,1,231,44,107,-2,1.0,319
21K337,International High School at Lafayette,21,27,1,1,327,76,90,35,1.0,319
21K344,Rachel Carson High School for Coastal Studies,21,27,1,1,469,162,160,200,1.0,319
21K559,Life Academy High School for Film and Music,21,27,1,1,145,21,81,49,1.0,319
23K697,Teachers Preparatory High School,23,27,1,1,187,35,90,-2,1.0,319
25Q285,World Journalism Preparatory: A College Board School,25,27,1,1,448,162,90,139,1.0,319
31R028,The Eagle Academy for Young Men of Staten Island,31,27,1,1,94,26,81,-2,1.0,319
31R064,Gaynor McCown Expeditionary Learning School,31,27,1,1,777,364,146,171,1.0,319
31R440,New Dorp High School,31,27,1,1,2806,1011,668,887,1.0,319
31R600,Ralph R. McKee Career and Technical Education High School,31,27,2,2,620,198,316,180,1.0,1
11X513,New World High School,11,27,4,3,625,129,108,69,0.75,4
02M533,Union Square Academy for Health Sciences,2,27,7,5,834,154,163,143,0.7142857142857143,5
25Q525,Townsend Harris High School,25,27,700,469,6780,4957,290,374,0.67,6
30Q580,Baccalaureate School for Global Education,30,27,78,45,1732,937,97,94,0.5769230769230769,7
27Q323,Scholars' Academy,27,27,807,462,1065,580,154,186,0.5724907063197026,8
03M541,Manhattan / Hunter Science High School,3,27,163,88,5406,2689,108,176,0.5398773006134969,9
24Q299,Bard High School Early College Queens,24,27,267,137,3866,2227,125,166,0.5131086142322098,10
03M479,Beacon High School,3,27,142,72,7891,4442,360,493,0.5070422535211268,11
01M292,Orchard Collegiate Academy,1,27,2,1,280,71,90,-2,0.5,12
01M515,Lower East Side Preparatory High School,1,27,2,1,317,89,75,-2,0.5,12
02M135,The Urban Assembly Early College High School for Emergency Medicine,2,27,6,3,510,116,122,-2,0.5,12
02M300,"Urban Assembly School of Design and Construction, The",2,27,2,1,346,43,108,-2,0.5,12
02M316,"Urban Assembly School of Business for Young Women, the",2,27,2,1,165,17,120,-2,0.5,12
02M419,Landmark High School,2,27,2,1,457,37,100,-2,0.5,12
02M500,Unity Center for Urban Technologies,2,27,2,1,274,48,95,136,0.5,12
02M531,Repertory Company High School for Theatre Arts,2,27,2,1,365,100,60,68,0.5,12
02M586,Harvey Milk High School,2,27,2,1,40,3,45,-1,0.5,12
03M291,West End Secondary School,3,27,2,1,1209,392,105,146,0.5,12
04M495,Park East High School,4,27,2,1,2653,739,100,166,0.5,12
05M304,Mott Hall High School,5,27,2,1,455,53,108,-2,0.5,12
05M369,Urban Assembly School for the Performing Arts,5,27,2,1,372,52,108,-2,0.5,12
05M670,Thurgood Marshall Academy for Learning and Social Change,5,27,2,1,340,71,108,-2,0.5,12
06M211,Inwood Early College for Health and Information Technologies,6,27,2,1,745,156,111,-2,0.5,12
06M346,Community Health Academy of the Heights,6,27,2,1,586,143,75,93,0.5,12
06M552,Gregorio Luperon High School for Science and Mathematics,6,27,2,1,573,165,150,45,0.5,12
07X223,The Laboratory School of Finance and Technology: X223,7,27,2,1,980,230,89,93,0.5,12
07X600,Alfred E. Smith Career and Technical Education High School,7,27,2,1,1126,227,189,193,0.5,12
08X293,Renaissance High School for Musical Theater and the Arts,8,27,2,1,660,115,110,-2,0.5,12
08X405,Herbert H. Lehman High School,8,27,2,1,2078,405,528,479,0.5,12
08X636,Virtual Innovators Academy,8,27,2,1,113,31,80,-2,0.5,12
09X241,"Urban Assembly School for Applied Math and Science, The",9,27,2,1,561,117,90,99,0.5,12
09X297,Morris Academy for Collaborative Studies,9,27,2,1,568,80,123,-2,0.5,12
09X365,Academy for Language and Technology,9,27,2,1,773,224,92,89,0.5,12
09X412,Bronx High School of Business,9,27,2,1,765,66,120,-2,0.5,12
09X543,High School for Violin and Dance,9,27,2,1,149,19,108,-2,0.5,12
09X564,Claremont International HS,9,27,2,1,412,50,81,25,0.5,12
10X213,Bronx Engineering and Technology Academy,10,27,2,1,754,115,142,-2,0.5,12
10X264,Bronx Academy for Software Engineering (BASE),10,27,2,1,1199,175,120,165,0.5,12
10X268,Kingsbridge International High School,10,27,2,1,206,15,108,6,0.5,12
10X284,Bronx School of Law and Finance,10,27,2,1,558,58,130,-2,0.5,12
10X353,World View High School,10,27,2,1,1343,263,150,195,0.5,12
10X434,Belmont Preparatory High School,10,27,2,1,1447,203,108,176,0.5,12
10X438,Fordham Leadership Academy,10,27,2,1,2416,416,108,155,0.5,12
10X440,DeWitt Clinton High School,10,27,2,1,2901,586,385,492,0.5,12
10X442,"Celia Cruz Bronx High School of Music, The",10,27,2,1,561,165,140,114,0.5,12
11X249,Bronx Health Sciences High School,11,27,2,1,1270,225,200,261,0.5,12
11X508,Bronxdale High School,11,27,2,1,1828,267,129,190,0.5,12
12X684,Wings Academy,12,27,2,1,370,63,150,86,0.5,12
14K586,Lyons Community School,14,27,2,1,174,32,81,-2,0.5,12
15K667,Sunset Park High School,15,27,2,1,989,260,354,-2,0.5,12
16K455,Boys and Girls High School,16,27,2,1,712,68,369,96,0.5,12
17K524,International High School at Prospect Heights,17,27,2,1,338,61,108,45,0.5,12
17K539,High School for Service & Learning at Erasmus,17,27,2,1,296,35,108,98,0.5,12
17K547,Brooklyn Academy of Science and the Environment,17,27,2,1,373,53,108,-2,0.5,12
20K609,Urban Assembly School for Leadership and Empowerment,20,27,2,1,278,74,100,132,0.5,12
21K572,Leaders High School,21,27,2,1,462,119,110,141,0.5,12
22K611,Origins High School,22,27,2,1,296,126,128,211,0.5,12
31R047,CSI High School for International Studies,31,27,2,1,1755,879,127,182,0.5,12
01M696,Bard High School Early College,1,27,89,44,3946,2196,125,198,0.4943820224719101,62
27Q650,"High School for Construction Trades, Engineering and Architecture",27,27,1637,795,3028,1209,247,311,0.48564447159437996,63
30Q501,Frank Sinatra School of the Arts High School,30,27,172,83,3557,1643,236,416,0.48255813953488375,64
22K535,Leon M. Goldstein High School for the Sciences,22,27,114,54,3985,2007,258,429,0.47368421052631576,65
01M539,"New Explorations into Science, Technology and Math High School",1,27,101,47,3743,2047,150,289,0.46534653465346537,66
02M416,Eleanor Roosevelt High School,2,27,169,78,7699,3749,136,224,0.46153846153846156,67
02M545,High School for Dual Language and Asian Studies,2,27,26,12,769,299,108,150,0.46153846153846156,67
02M630,Art and Design High School,2,27,94,43,3594,1359,385,523,0.4574468085106383,69
02M543,New Design High School,2,27,20,9,852,157,125,145,0.45,70
27Q308,Robert H. Goddard High School of Communication Arts and Technology,27,27,911,405,1222,468,140,181,0.4445664105378705,71
29Q327,Eagle Academy for Young Men III,29,27,59,26,324,112,120,-2,0.4406779661016949,72
28Q620,Thomas A. Edison Career and Technical Education High School,28,27,1401,607,6131,2355,473,583,0.43326195574589577,73
02M459,Manhattan International High School,2,27,7,3,738,151,85,73,0.42857142857142855,74
28Q686,Queens Metropolitan High School,28,27,658,280,2321,931,279,279,0.425531914893617,75
15K684,Millennium Brooklyn HS,15,27,86,36,5385,2365,178,252,0.4186046511627907,76
28Q167,Metropolitan Expeditionary Learning School,28,27,468,193,1254,467,125,141,0.41239316239316237,77
02M376,NYC iSchool,2,27,46,18,2459,931,118,158,0.391304347826087,78
04M555,Central Park East High School,4,27,23,9,4762,1538,125,215,0.391304347826087,78
24Q585,Maspeth High School,24,27,405,158,5045,1953,270,348,0.39012345679012345,80
24Q610,Aviation Career & Technical Education High School,24,27,254,98,4123,1548,530,723,0.3858267716535433,81
02M418,Millennium High School,2,27,127,48,5541,2290,176,286,0.3779527559055118,82
13K674,"City Polytechnic High School of Engineering, Architecture, and Technology",13,27,45,17,1239,274,108,160,0.37777777777777777,83
28Q284,York Early College Academy,28,27,476,178,1602,580,81,91,0.3739495798319328,84
27Q262,Channel View School for Research,27,27,697,258,755,267,194,212,0.3701578192252511,85
02M411,Baruch College Campus High School,2,27,145,52,6773,2753,118,188,0.3586206896551724,86
04M435,Manhattan Center for Science and Mathematics,4,27,56,20,5010,1993,440,709,0.35714285714285715,87
02M420,High School for Health Professions and Human Services,2,27,101,35,2991,776,477,590,0.3465346534653465,88
26Q315,Business Technology Early College High School,26,27,137,47,1032,289,180,272,0.34306569343065696,89
26Q415,Benjamin N. Cardozo High School,26,27,239,81,4527,1666,684,926,0.3389121338912134,90
02M600,The High School of Fashion Industries,2,27,71,24,2046,720,475,395,0.3380281690140845,91
02M139,Stephen T. Mather Building Arts & Craftsmanship High School,2,27,3,1,432,88,108,-2,0.3333333333333333,92
02M260,The Clinton School,2,27,24,8,2837,1151,134,221,0.3333333333333333,92
02M288,Food and Finance High School,2,27,18,6,1225,264,150,211,0.3333333333333333,92
02M313,"James Baldwin School, The: A School for Expeditionary Learning",2,27,3,1,71,14,25,-2,0.3333333333333333,92
02M393,Business Of Sports School,2,27,9,3,1151,248,129,210,0.3333333333333333,92
02M422,Quest to Learn,2,27,3,1,177,27,108,41,0.3333333333333333,92
02M550,Liberty High School Academy for Newcomers,2,27,3,1,99,16,50,6,0.3333333333333333,92
03M417,Frank McCourt High School,3,27,3,1,1253,345,120,170,0.3333333333333333,92
06M293,City College Academy of the Arts,6,27,3,1,1028,337,81,95,0.3333333333333333,92
06M462,The College Academy,6,27,3,1,814,121,121,129,0.3333333333333333,92
06M467,High School for Law and Public Service,6,27,6,2,643,95,167,84,0.3333333333333333,92
07X259,"H.E.R.O. High (Health, Education, and Research Occupations High School)",7,27,3,1,862,174,250,182,0.3333333333333333,92
07X500,Hostos-Lincoln Academy of Science,7,27,3,1,751,158,81,121,0.3333333333333333,92
07X522,Bronx Design and Construction Academy,7,27,3,1,677,112,140,91,0.3333333333333333,92
08X312,Millennium Art Academy,8,27,3,1,625,136,112,117,0.3333333333333333,92
09X413,Bronx High School for Medical Science,9,27,3,1,1104,178,90,170,0.3333333333333333,92
09X517,Frederick Douglass Academy III Secondary School,9,27,3,1,404,35,108,-2,0.3333333333333333,92
10X437,Fordham High School for the Arts,10,27,3,1,1826,399,130,158,0.3333333333333333,92
22K405,Midwood High School,22,27,169,55,11658,5495,910,1323,0.3254437869822485,110
05M362,Columbia Secondary School,5,27,87,28,4258,1769,112,175,0.3218390804597701,111
28Q680,Queens Gateway to Health Sciences Secondary School,28,27,233,74,1238,384,108,147,0.31759656652360513,112
26Q430,Francis Lewis High School,26,27,528,167,8708,3905,913,1030,0.3162878787878788,113
17K600,Clara Barton High School,17,27,32,10,1276,355,434,-2,0.3125,114
32K552,The Academy of Urban Planning and Engineering,32,27,32,10,737,128,113,-2,0.3125,114
28Q440,Forest Hills High School,28,27,874,273,7184,2477,702,851,0.3123569794050343,116
27Q302,"Queens High School for Information, Research, and Technology",27,27,426,132,671,160,130,177,0.30985915492957744,117
27Q475,Richmond Hill High School,27,27,911,278,1397,386,371,423,0.305159165751921,118
02M519,Talent Unlimited High School,2,27,44,13,1599,468,152,213,0.29545454545454547,119
19K583,Multicultural High School,19,27,58,17,320,88,111,64,0.29310344827586204,120
26Q495,Bayside High School,26,27,377,110,6914,2765,851,1041,0.2917771883289125,121
02M413,School of the Future High School,2,27,24,7,1741,485,108,152,0.2916666666666667,122
30Q575,Academy of American Studies,30,27,66,19,2727,819,170,224,0.2878787878787879,123
02M425,Leadership and Public Service High School,2,27,7,2,387,36,145,52,0.2857142857142857,124
02M449,Vanguard High School,2,27,7,2,701,134,110,158,0.2857142857142857,124
02M507,Urban Assembly Gateway School for Technology,2,27,7,2,1299,278,108,146,0.2857142857142857,124
12X641,Bard High School Early College Bronx,12,27,7,2,1391,613,100,106,0.2857142857142857,124
26Q566,"Queens High School of Teaching, Liberal Arts and the Sciences",26,27,57,16,671,231,258,222,0.2807017543859649,128
02M414,N.Y.C. Museum School,2,27,29,8,3022,865,150,254,0.27586206896551724,129
29Q259,Pathways College Preparatory School: A College Board School,29,27,22,6,440,145,186,167,0.2727272727272727,130
27Q314,Epic High School - South,27,27,456,124,618,154,95,138,0.2719298245614035,131
24Q520,Middle College High School at LaGuardia Community College,24,27,37,10,1826,552,97,118,0.2702702702702703,132
27Q334,Epic High School - North,27,27,505,134,735,169,70,91,0.26534653465346536,133
27Q309,Academy of Medical Technology: A College Board School,27,27,380,100,626,120,105,109,0.2631578947368421,134
30Q258,Energy Tech High School,30,27,23,6,1535,348,108,145,0.2608695652173913,135
32K554,All City Leadership Secondary School,32,27,27,7,911,247,62,62,0.25925925925925924,136
19K502,FDNY - Captain Vernon A. Richard High School for Fire and Life Safety,19,27,51,13,745,141,108,125,0.2549019607843137,137
25Q425,John Bowne High School,25,27,279,71,3116,720,783,809,0.25448028673835127,138
01M448,University Neighborhood High School,1,27,28,7,2248,447,125,185,0.25,139
02M047,47 The American Sign Language and English Secondary School,2,27,4,1,318,55,69,-2,0.25,139
02M437,Hudson High School of Learning Technologies,2,27,4,1,353,48,119,-2,0.25,139
02M489,High School of Economics and Finance,2,27,36,9,1374,223,230,-2,0.25,139
02M605,Humanities Preparatory Academy,2,27,8,2,861,101,75,-2,0.25,139
03M307,"Urban Assembly School for Media Studies, The",3,27,4,1,328,71,126,109,0.25,139
08X269,Bronx Studio School for Writers and Artists,8,27,4,1,481,130,90,113,0.25,139
20K505,Franklin Delano Roosevelt High School,20,27,8,2,3723,924,710,852,0.25,139
21K348,High School of Sports Management,21,27,4,1,386,75,176,-2,0.25,139
21K690,Brooklyn Studio Secondary School,21,27,4,1,844,281,102,133,0.25,139
28Q896,"Young Women's Leadership School, Queens",28,27,84,21,350,99,81,119,0.25,139
30Q301,Academy for Careers in Television and Film,30,27,48,12,1410,330,151,200,0.25,139
31R455,Tottenville High School,31,27,4,1,3274,1627,1158,1357,0.25,139
28Q505,Hillcrest High School,28,27,541,135,2316,496,730,517,0.24953789279112754,152
27Q480,John Adams High School,27,27,965,239,2490,480,636,644,0.24766839378238342,153
24Q550,High School for Arts and Business,24,27,138,33,2257,552,191,255,0.2391304347826087,154
27Q400,August Martin High School,27,27,333,79,960,177,250,218,0.23723723723723725,155
28Q350,Jamaica Gateway to the Sciences,28,27,232,55,1005,210,150,184,0.23706896551724138,156
02M412,N.Y.C. Lab School for Collaborative Studies,2,27,38,9,3134,1067,109,161,0.23684210526315788,157
27Q351,Rockaway Collegiate High School,27,27,244,57,258,71,135,-2,0.2336065573770492,158
14K610,A-Tech High School,14,27,43,10,1273,264,224,243,0.23255813953488372,159
02M408,Professional Performing Arts High School,2,27,39,9,1255,378,128,180,0.23076923076923078,160
02M529,Jacqueline Kennedy Onassis High School,2,27,13,3,534,81,204,-2,0.23076923076923078,160
02M439,Manhattan Village Academy,2,27,48,11,3002,860,100,201,0.22916666666666666,162
14K478,"The High School for Enterprise, Business and Technology",14,27,48,11,1197,144,249,130,0.22916666666666666,162
14K558,Williamsburg High School for Architecture and Design,14,27,35,8,1223,253,155,212,0.22857142857142856,164
24Q530,International High School at LaGuardia Community College,24,27,44,10,1236,505,119,114,0.22727272727272727,165
29Q243,Institute for Health Professions at Cambria Heights,29,27,44,10,416,79,108,132,0.22727272727272727,165
13K963,Design Works High School,13,27,9,2,607,86,81,-2,0.2222222222222222,167
15K656,Brooklyn High School of the Arts,15,27,63,14,2104,574,254,272,0.2222222222222222,167
19K764,The Urban Assembly School for Collaborative Healthcare,19,27,63,14,419,71,81,-2,0.2222222222222222,167
24Q264,Academy of Finance and Enterprise,24,27,63,14,2163,546,124,151,0.2222222222222222,167
25Q670,Robert F. Kennedy Community High School,25,27,111,24,1012,254,150,223,0.21621621621621623,171
19K618,Academy of Innovative Technology,19,27,224,48,1048,183,115,169,0.21428571428571427,172
25Q241,Queens High School for Language Studies,25,27,19,4,371,90,125,76,0.21052631578947367,173
30Q450,Long Island City High School,30,27,48,10,1827,403,790,432,0.20833333333333334,174
02M546,Academy for Software Engineering,2,27,53,11,1992,388,125,201,0.20754716981132076,175
13K605,George Westinghouse Career and Technical Education High School,13,27,39,8,1254,203,254,194,0.20512820512820512,176
29Q248,Queens Preparatory Academy,29,27,78,16,383,62,100,-2,0.20512820512820512,176
29Q498,"Health, Arts, Robotics, and Technology High School",29,27,244,49,1435,293,196,264,0.20081967213114754,178
02M374,Gramercy Arts High School,2,27,20,4,1038,129,204,78,0.2,179
04M680,"Heritage School, The",4,27,5,1,482,60,80,-2,0.2,179
11X544,High School for Contemporary Arts,11,27,5,1,607,55,240,-2,0.2,179
16K498,Brooklyn High School for Law and Technology,16,27,80,16,1730,296,151,-2,0.2,179
29Q492,"Mathematics, Science Research and Technology Magnet High School",29,27,75,15,782,146,150,-2,0.2,179
19K615,Transit Tech Career and Technical Education High School,19,27,207,41,1168,225,315,-2,0.19806763285024154,184
02M392,Manhattan Business Academy,2,27,21,4,1321,191,161,-2,0.19047619047619047,185
27Q260,Frederick Douglass Academy VI High School,27,27,243,46,482,71,121,-2,0.18930041152263374,186
02M282,Urban Assembly Maker Academy,2,27,16,3,1074,175,150,216,0.1875,187
13K483,The Urban Assembly School for Law and Justice,13,27,16,3,593,105,115,-2,0.1875,187
22K555,Brooklyn College Academy,22,27,16,3,2698,911,170,228,0.1875,187
01M450,East Side Community School,1,27,11,2,1142,328,95,117,0.18181818181818182,190
24Q600,Queens Technical High School,24,27,167,30,3942,1196,350,423,0.17964071856287425,191
29Q272,George Washington Carver High School for the Sciences,29,27,107,19,590,92,93,-2,0.17757009345794392,192
02M298,Pace High School,2,27,17,3,1172,169,190,177,0.17647058823529413,193
03M492,"High School for Law, Advocacy and Community Justice",3,27,17,3,920,170,220,-2,0.17647058823529413,193
28Q690,High School for Law Enforcement and Public Safety,28,27,98,17,396,91,165,109,0.17346938775510204,195
19K639,Brooklyn Lab School,19,27,171,29,980,152,102,143,0.1695906432748538,196
02M280,Manhattan Early College School for Advertising,2,27,12,2,572,88,112,-2,0.16666666666666666,197
02M296,High School of Hospitality Management,2,27,6,1,269,35,135,-2,0.16666666666666666,197
12X248,"Metropolitan High School, The",12,27,6,1,228,33,151,-2,0.16666666666666666,197
18K576,Victory Collegiate High School,18,27,6,1,305,61,140,-2,0.16666666666666666,197
19K409,East New York Family Academy,19,27,6,1,416,159,125,147,0.16666666666666666,197
23K644,Eagle Academy for Young Men II,23,27,18,3,554,179,92,139,0.16666666666666666,197
24Q267,High School of Applied Communication,24,27,6,1,557,75,145,-2,0.16666666666666666,197
25Q240,Veritas Academy,25,27,6,1,526,96,130,-2,0.16666666666666666,197
31R450,Curtis High School,31,27,6,1,1967,690,804,754,0.16666666666666666,197
25Q252,"Queens School of Inquiry, The",25,27,50,8,508,161,89,107,0.16,206
02M551,Urban Assembly New York Harbor School,2,27,19,3,724,221,200,-2,0.15789473684210525,207
02M534,Harvest Collegiate High School,2,27,13,2,1116,115,116,-2,0.15384615384615385,208
19K660,W. H. Maxwell Career and Technical Education High School,19,27,78,12,991,185,305,164,0.15384615384615385,208
24Q455,Newtown High School,24,27,104,16,1328,243,419,346,0.15384615384615385,208
19K507,Performing Arts and Technology High School,19,27,79,12,1103,157,125,163,0.1518987341772152,211
28Q310,Queens Collegiate: A College Board School,28,27,79,12,453,67,115,77,0.1518987341772152,211
28Q328,High School for Community Leadership,28,27,107,16,671,160,150,231,0.14953271028037382,213
24Q485,Grover Cleveland High School,24,27,95,14,1552,359,420,437,0.14736842105263157,214
19K659,Cypress Hills Collegiate Preparatory School,19,27,132,19,581,86,99,-2,0.14393939393939395,215
02M395,A School Without Walls,2,27,7,1,178,36,100,-2,0.14285714285714285,216
02M399,The High School For Language And Diplomacy,2,27,7,1,385,36,134,-2,0.14285714285714285,216
02M407,Institute for Collaborative Education,2,27,7,1,836,263,61,73,0.14285714285714285,216
02M438,International High School at Union Square,2,27,7,1,501,103,68,75,0.14285714285714285,216
02M520,Murry Bergtraum High School for Business Careers,2,27,7,1,222,38,240,-2,0.14285714285714285,216
02M542,Manhattan Bridges High School,2,27,7,1,904,224,172,95,0.14285714285714285,216
10X237,"The Marie Curie High School for Medicine, Nursing, and Health Professions",10,27,7,1,334,46,135,-2,0.14285714285714285,216
11X270,Academy for Scholarship and Entrepreneurship: A College Board School,11,27,7,1,775,148,120,-2,0.14285714285714285,216
11X275,High School of Computers and Technology,11,27,7,1,715,115,181,156,0.14285714285714285,216
15K497,The Boerum Hill School for International Studies,15,27,7,1,801,155,125,-2,0.14285714285714285,216
17K590,Medgar Evers College Preparatory School,17,27,14,2,2078,676,220,237,0.14285714285714285,216
18K567,Brooklyn Theatre Arts High School,18,27,7,1,352,39,125,-2,0.14285714285714285,216
19K953,The East New York Arts and Civics High School,19,27,14,2,169,23,68,-2,0.14285714285714285,216
21K620,William E. Grady Career and Technical Education High School,21,27,7,1,970,205,305,214,0.14285714285714285,216
22K425,James Madison High School,22,27,14,2,6968,2801,837,940,0.14285714285714285,216
31R445,Port Richmond High School,31,27,7,1,1267,334,564,435,0.14285714285714285,216
32K545,EBC High School for Public Service - Bushwick,32,27,7,1,467,75,126,-2,0.14285714285714285,216
29Q265,Excelsior Preparatory High School,29,27,74,10,353,58,108,95,0.13513513513513514,233
13K265,Dr. Susan S. McKinney Secondary School of the Arts,13,27,8,1,362,54,82,-2,0.125,234
13K594,Gotham Professional Arts Academy,13,27,8,1,364,61,81,-2,0.125,234
15K519,Cobble Hill School of American Studies,15,27,8,1,481,62,278,-2,0.125,234
18K629,Cultural Academy for the Arts and Sciences,18,27,8,1,567,70,116,80,0.125,234
20K485,High School of Telecommunication Arts and Technology,20,27,8,1,2973,1210,310,363,0.125,234
31R460,Susan E. Wagner High School,31,27,8,1,2611,968,660,631,0.125,234
28Q325,Hillside Arts & Letters Academy,28,27,97,11,520,82,108,133,0.1134020618556701,240
02M580,Richard R. Green High School of Teaching,2,27,9,1,1291,154,160,-2,0.1111111111111111,241
08X367,"Archimedes Academy for Math, Science and Technology Applications",8,27,9,1,427,75,100,-2,0.1111111111111111,241
13K439,Brooklyn International High School,13,27,9,1,409,71,81,53,0.1111111111111111,241
15K448,Brooklyn Collaborative Studies,15,27,9,1,693,99,90,110,0.1111111111111111,241
23K493,Brooklyn Collegiate: A College Board School,23,27,9,1,727,113,120,-2,0.1111111111111111,241
23K514,Frederick Douglass Academy VII High School,23,27,9,1,532,76,108,85,0.1111111111111111,241
25Q263,Flushing International High School,25,27,9,1,576,182,90,90,0.1111111111111111,241
30Q286,"Young Women's Leadership School, Astoria",30,27,9,1,453,156,81,103,0.1111111111111111,241
29Q313,Benjamin Franklin High School for Finance & Information Technology,29,27,85,9,735,122,108,-2,0.10588235294117647,249
25Q460,Flushing High School,25,27,76,8,1592,289,419,419,0.10526315789473684,250
06M468,High School for Health Careers and Sciences,6,27,10,1,822,121,268,-2,0.1,251
11X455,Harry S Truman High School,11,27,10,1,1891,390,913,-2,0.1,251
14K071,Juan Morel Campos Secondary School,14,27,10,1,341,78,101,69,0.1,251
17K548,Brooklyn School for Music & Theatre,17,27,10,1,522,74,108,-2,0.1,251
02M294,Essex Street Academy,2,27,22,2,2478,562,90,125,0.09090909090909091,255
02M432,Murray Hill Academy,2,27,11,1,558,76,90,-2,0.09090909090909091,255
03M415,Wadleigh Secondary School for the Performing & Visual Arts,3,27,11,1,826,130,128,-2,0.09090909090909091,255
14K474,PROGRESS High School for Professional Careers,14,27,11,1,506,81,153,-2,0.09090909090909091,255
17K122,Pathways in Technology Early College High School (P-Tech),17,27,11,1,712,114,150,-2,0.09090909090909091,255
17K745,Brooklyn Institute for Liberal Arts,17,27,11,1,761,109,175,158,0.09090909090909091,255
26Q435,Martin Van Buren High School,26,27,88,8,1084,217,352,273,0.09090909090909091,255
02M305,"Urban Assembly Academy of Government and Law, The",2,27,12,1,573,75,100,-2,0.08333333333333333,262
03M494,High School of Arts and Technology,3,27,12,1,1037,132,140,-2,0.08333333333333333,262
13K350,Urban Assembly School of Music and Art,13,27,12,1,494,52,108,-2,0.08333333333333333,262
15K429,Digital Arts and Cinema Technology High School,15,27,12,1,579,105,90,94,0.08333333333333333,262
17K543,"Science, Technology and Research Early College High School at Erasmus",17,27,12,1,790,197,130,145,0.08333333333333333,262
21K410,Abraham Lincoln High School,21,27,12,1,2225,539,741,604,0.08333333333333333,262
24Q296,Pan American International High School,24,27,12,1,508,166,108,28,0.08333333333333333,262
02M308,Lower Manhattan Arts Academy,2,27,13,1,524,69,95,-2,0.07692307692307693,269
17K382,Academy for College Preparation and Career Exploration: A College Board School,17,27,13,1,837,124,108,-2,0.07692307692307693,269
17K751,Academy for Health Careers,17,27,13,1,715,72,108,-2,0.07692307692307693,269
21K468,Kingsborough Early College School,21,27,13,1,1229,429,110,122,0.07692307692307693,269
02M615,Chelsea Career and Technical Education High School,2,27,14,1,821,118,152,-2,0.07142857142857142,273
03M859,Special Music School,3,27,14,1,482,165,50,64,0.07142857142857142,273
13K412,Brooklyn Community Arts & Media High School (BCAM),13,27,14,1,702,113,142,-2,0.07142857142857142,273
21K525,Edward R. Murrow High School,21,27,14,1,6293,2283,933,1196,0.07142857142857142,273
21K540,John Dewey High School,21,27,14,1,2573,622,553,577,0.07142857142857142,273
30Q502,Information Technology High School,30,27,14,1,944,190,227,-2,0.07142857142857142,273
31R080,The Michael J. Petrides School,31,27,72,5,724,274,128,188,0.06944444444444445,279
30Q555,Newcomers High School,30,27,15,1,559,166,81,107,0.06666666666666667,280
02M400,High School for Environmental Studies,2,27,16,1,2558,395,344,385,0.0625,281
14K454,The Williamsburg High School of Art and Technology,14,27,16,1,893,129,116,120,0.0625,281
16K688,The Brooklyn Academy of Global Finance,16,27,16,1,469,56,108,-2,0.0625,281
18K566,Brooklyn Community High School for Excellence and Equity,18,27,16,1,448,61,75,-2,0.0625,281
32K549,The Brooklyn School for Social Justice,32,27,16,1,425,47,120,-2,0.0625,281
27Q324,Rockaway Park High School for Environmental Sustainability,27,27,147,9,164,25,108,51,0.061224489795918366,286
06M540,A. Philip Randolph Campus High School,6,27,17,1,2050,408,471,379,0.058823529411764705,287
14K477,East Williamsburg Scholars Academy,14,27,17,1,650,90,234,-2,0.058823529411764705,287
17K408,Academy of Hospitality and Tourism,17,27,17,1,571,89,118,-2,0.058823529411764705,287
17K537,High School for Youth and Community Development at Erasmus,17,27,17,1,488,82,140,-2,0.058823529411764705,287
18K617,High School for Innovation in Advertising and Media,18,27,17,1,522,101,81,91,0.058823529411764705,287
19K422,Spring Creek Community School,19,27,17,1,341,50,73,-2,0.058823529411764705,287
19K510,World Academy for Total Community Health High School,19,27,17,1,417,29,98,-2,0.058823529411764705,287
20K445,New Utrecht High School,20,27,17,1,4568,1443,630,730,0.058823529411764705,287
24Q293,Civic Leadership Academy,24,27,17,1,1157,291,142,191,0.058823529411764705,287
30Q417,Gotham Tech High School,30,27,17,1,631,96,90,-2,0.058823529411764705,287
32K403,Academy for Excellence in Leadership,32,27,17,1,653,76,108,-2,0.058823529411764705,287
15K462,John Jay School for Law,15,27,18,1,1012,184,125,-2,0.05555555555555555,298
30Q367,Motion Picture Tech High School,30,27,18,1,538,133,200,-2,0.05555555555555555,298
14K488,Brooklyn Preparatory High School,14,27,19,1,1061,174,153,-2,0.05263157894736842,300
17K546,High School for Public Service: Heroes of Tomorrow,17,27,19,1,656,69,130,-2,0.05263157894736842,300
24Q236,International High School for Health Sciences,24,27,19,1,485,112,81,68,0.05263157894736842,300
25Q281,East-West School of International Studies,25,27,20,1,766,290,89,113,0.05,303
14K561,Williamsburg Preparatory School,14,27,21,1,1131,226,180,236,0.047619047619047616,304
20K490,Fort Hamilton High School,20,27,21,1,4983,1995,883,903,0.047619047619047616,304
32K168,The Brooklyn School for Math and Research,32,27,22,1,710,99,108,148,0.045454545454545456,306
13K419,"Science Skills Center High School for Science, Technology and the Creative Arts",13,27,23,1,909,111,258,143,0.043478260869565216,307
29Q283,Preparatory Academy for Writers: A College Board School,29,27,23,1,177,47,90,69,0.043478260869565216,307
32K556,Bushwick Leaders High School for Academic Excellence,32,27,23,1,768,125,120,-2,0.043478260869565216,307
18K637,Academy for Conservation and the Environment,18,27,25,1,727,92,170,217,0.04,310
18K633,High School for Medical Professions,18,27,27,1,666,99,108,116,0.037037037037037035,311
24Q560,"Robert F. Wagner, Jr. Secondary School for Arts and Technology",24,27,29,1,1368,247,120,161,0.034482758620689655,312
19K683,School for Classics High School,19,27,31,1,229,54,108,-2,0.03225806451612903,313
19K404,Academy for Young Writers,19,27,36,1,559,71,92,82,0.027777777777777776,314
13K670,Benjamin Banneker Academy,13,27,38,1,1912,451,225,318,0.02631578947368421,315
30Q445,William Cullen Bryant High School,30,27,43,1,1681,297,435,349,0.023255813953488372,316
13K595,Bedford Academy High School,13,27,46,1,2464,599,81,114,0.021739130434782608,317
29Q326,Cambria Heights Academy,29,27,54,1,581,113,81,103,0.018518518518518517,318
02M280,Manhattan Early College School for Advertising,2,28,2,2,572,88,112,-2,1.0,1
02M300,"Urban Assembly School of Design and Construction, The",2,28,1,1,346,43,108,-2,1.0,278
02M303,"Facing History School, The",2,28,3,3,421,87,107,-2,1.0,1
02M308,Lower Manhattan Arts Academy,2,28,2,2,524,69,95,-2,1.0,1
02M449,Vanguard High School,2,28,1,1,701,134,110,158,1.0,278
02M520,Murry Bergtraum High School for Business Careers,2,28,1,1,222,38,240,-2,1.0,278
02M533,Union Square Academy for Health Sciences,2,28,3,3,834,154,163,143,1.0,1
02M655,The High School for Climate Justice,2,28,1,1,298,60,152,105,1.0,278
03M403,The Global Learning Collaborative,3,28,1,1,754,90,108,-2,1.0,278
04M372,Esperanza Preparatory Academy,4,28,2,2,322,114,106,120,1.0,1
06M293,City College Academy of the Arts,6,28,1,1,1028,337,81,95,1.0,278
06M348,Washington Heights Expeditionary Learning School,6,28,1,1,689,175,100,115,1.0,278
06M463,High School for Media and Communications,6,28,1,1,505,61,150,-2,1.0,278
06M467,High School for Law and Public Service,6,28,1,1,643,95,167,84,1.0,278
07X495,University Heights Secondary School,7,28,1,1,2181,787,140,203,1.0,278
08X367,"Archimedes Academy for Math, Science and Technology Applications",8,28,1,1,427,75,100,-2,1.0,278
08X452,Gotham Collaborative High School,8,28,1,1,343,51,120,-2,1.0,278
08X561,Bronx Compass High School,8,28,1,1,520,70,130,-2,1.0,278
10X213,Bronx Engineering and Technology Academy,10,28,1,1,754,115,142,-2,1.0,278
10X243,West Bronx Academy for the Future,10,28,1,1,917,136,90,109,1.0,278
10X368,In-Tech Academy (M.S. / High School 368),10,28,2,2,707,244,160,205,1.0,1
10X374,Knowledge and Power Preparatory Academy International High School (Kappa),10,28,1,1,2279,431,120,179,1.0,278
10X433,High School for Teaching and the Professions,10,28,1,1,344,61,102,-2,1.0,278
10X438,Fordham Leadership Academy,10,28,1,1,2416,416,108,155,1.0,278
10X442,"Celia Cruz Bronx High School of Music, The",10,28,1,1,561,165,140,114,1.0,278
10X477,Marble Hill High School for International Studies,10,28,1,1,810,158,108,139,1.0,278
10X524,Crotona International High School,10,28,2,2,309,47,81,19,1.0,1
11X545,Bronx Aerospace High School,11,28,1,1,751,109,189,-2,1.0,278
12X242,Mott Hall V,12,28,1,1,1001,282,81,91,1.0,278
12X251,Explorations Academy H.S.,12,28,1,1,476,39,117,-2,1.0,278
12X446,Arturo A. Schomburg Satellite Academy Bronx,12,28,1,1,222,33,40,24,1.0,278
12X521,The Metropolitan Soundview High School,12,28,1,1,453,67,120,74,1.0,278
13K963,Design Works High School,13,28,1,1,607,86,81,-2,1.0,278
14K071,Juan Morel Campos Secondary School,14,28,1,1,341,78,101,69,1.0,278
15K448,Brooklyn Collaborative Studies,15,28,1,1,693,99,90,110,1.0,278
15K463,Cyberarts Studio Academy,15,28,1,1,256,30,125,-2,1.0,278
15K464,Park Slope Collegiate,15,28,1,1,613,115,102,130,1.0,278
16K455,Boys and Girls High School,16,28,1,1,712,68,369,96,1.0,278
17K524,International High School at Prospect Heights,17,28,1,1,338,61,108,45,1.0,278
17K745,Brooklyn Institute for Liberal Arts,17,28,1,1,761,109,175,158,1.0,278
18K566,Brooklyn Community High School for Excellence and Equity,18,28,1,1,448,61,75,-2,1.0,278
18K569,Kurt Hahn Expeditionary Learning School,18,28,1,1,141,21,81,-2,1.0,278
19K409,East New York Family Academy,19,28,1,1,416,159,125,147,1.0,278
19K422,Spring Creek Community School,19,28,1,1,341,50,73,-2,1.0,278
19K683,School for Classics High School,19,28,1,1,229,54,108,-2,1.0,278
19K953,The East New York Arts and Civics High School,19,28,1,1,169,23,68,-2,1.0,278
20K445,New Utrecht High School,20,28,2,2,4568,1443,630,730,1.0,1
20K485,High School of Telecommunication Arts and Technology,20,28,1,1,2973,1210,310,363,1.0,278
21K410,Abraham Lincoln High School,21,28,1,1,2225,539,741,604,1.0,278
21K540,John Dewey High School,21,28,1,1,2573,622,553,577,1.0,278
22K611,Origins High School,22,28,1,1,296,126,128,211,1.0,278
27Q324,Rockaway Park High School for Environmental Sustainability,27,28,1,1,164,25,108,51,1.0,278
27Q351,Rockaway Collegiate High School,27,28,3,3,258,71,135,-2,1.0,1
31R460,Susan E. Wagner High School,31,28,1,1,2611,968,660,631,1.0,278
32K545,EBC High School for Public Service - Bushwick,32,28,1,1,467,75,126,-2,1.0,278
32K549,The Brooklyn School for Social Justice,32,28,1,1,425,47,120,-2,1.0,278
25Q525,Townsend Harris High School,25,28,843,643,6780,4957,290,374,0.7627520759193357,10
02M135,The Urban Assembly Early College High School for Emergency Medicine,2,28,3,2,510,116,122,-2,0.6666666666666666,11
02M393,Business Of Sports School,2,28,3,2,1151,248,129,210,0.6666666666666666,11
02M425,Leadership and Public Service High School,2,28,3,2,387,36,145,52,0.6666666666666666,11
23K644,Eagle Academy for Young Men II,23,28,3,2,554,179,92,139,0.6666666666666666,11
24Q299,Bard High School Early College Queens,24,28,341,215,3866,2227,125,166,0.6304985337243402,15
01M696,Bard High School Early College,1,28,104,63,3946,2196,125,198,0.6057692307692307,16
30Q501,Frank Sinatra School of the Arts High School,30,28,228,134,3557,1643,236,416,0.5877192982456141,17
30Q580,Baccalaureate School for Global Education,30,28,179,104,1732,937,97,94,0.5810055865921788,18
24Q530,International High School at LaGuardia Community College,24,28,70,40,1236,505,119,114,0.5714285714285714,19
01M539,"New Explorations into Science, Technology and Math High School",1,28,112,63,3743,2047,150,289,0.5625,20
03M479,Beacon High School,3,28,185,102,7891,4442,360,493,0.5513513513513514,21
03M541,Manhattan / Hunter Science High School,3,28,156,86,5406,2689,108,176,0.5512820512820513,22
05M362,Columbia Secondary School,5,28,63,33,4258,1769,112,175,0.5238095238095238,23
27Q323,Scholars' Academy,27,28,39,20,1065,580,154,186,0.5128205128205128,24
02M416,Eleanor Roosevelt High School,2,28,263,134,7699,3749,136,224,0.5095057034220533,25
01M515,Lower East Side Preparatory High School,1,28,2,1,317,89,75,-2,0.5,26
02M047,47 The American Sign Language and English Secondary School,2,28,2,1,318,55,69,-2,0.5,26
02M139,Stephen T. Mather Building Arts & Craftsmanship High School,2,28,4,2,432,88,108,-2,0.5,26
02M422,Quest to Learn,2,28,2,1,177,27,108,41,0.5,26
02M489,High School of Economics and Finance,2,28,10,5,1374,223,230,-2,0.5,26
02M500,Unity Center for Urban Technologies,2,28,4,2,274,48,95,136,0.5,26
02M534,Harvest Collegiate High School,2,28,4,2,1116,115,116,-2,0.5,26
02M605,Humanities Preparatory Academy,2,28,2,1,861,101,75,-2,0.5,26
03M402,The Urban Assembly School for Green Careers,3,28,2,1,494,39,120,45,0.5,26
04M495,Park East High School,4,28,4,2,2653,739,100,166,0.5,26
04M680,"Heritage School, The",4,28,2,1,482,60,80,-2,0.5,26
05M157,The Urban Assembly School for Global Commerce,5,28,2,1,207,26,81,-2,0.5,26
06M552,Gregorio Luperon High School for Science and Mathematics,6,28,2,1,573,165,150,45,0.5,26
07X259,"H.E.R.O. High (Health, Education, and Research Occupations High School)",7,28,2,1,862,174,250,182,0.5,26
07X522,Bronx Design and Construction Academy,7,28,2,1,677,112,140,91,0.5,26
07X670,Health Opportunities High School,7,28,2,1,477,47,75,-2,0.5,26
08X293,Renaissance High School for Musical Theater and the Arts,8,28,2,1,660,115,110,-2,0.5,26
08X312,Millennium Art Academy,8,28,2,1,625,136,112,117,0.5,26
08X405,Herbert H. Lehman High School,8,28,2,1,2078,405,528,479,0.5,26
10X225,Theatre Arts Production Company School,10,28,2,1,633,88,170,-2,0.5,26
10X434,Belmont Preparatory High School,10,28,2,1,1447,203,108,176,0.5,26
10X439,Bronx High School for Law and Community Service,10,28,2,1,1467,220,108,163,0.5,26
10X565,High School for Energy and Technology,10,28,2,1,503,51,120,-2,0.5,26
11X249,Bronx Health Sciences High School,11,28,2,1,1270,225,200,261,0.5,26
11X542,Pelham Preparatory Academy,11,28,2,1,2331,448,130,211,0.5,26
11X544,High School for Contemporary Arts,11,28,2,1,607,55,240,-2,0.5,26
12X478,The Cinema School,12,28,2,1,618,139,81,117,0.5,26
13K439,Brooklyn International High School,13,28,6,3,409,71,81,53,0.5,26
13K483,The Urban Assembly School for Law and Justice,13,28,2,1,593,105,115,-2,0.5,26
14K454,The Williamsburg High School of Art and Technology,14,28,2,1,893,129,116,120,0.5,26
17K528,The High School for Global Citizenship,17,28,2,1,524,55,100,63,0.5,26
17K543,"Science, Technology and Research Early College High School at Erasmus",17,28,2,1,790,197,130,145,0.5,26
17K548,Brooklyn School for Music & Theatre,17,28,2,1,522,74,108,-2,0.5,26
18K567,Brooklyn Theatre Arts High School,18,28,2,1,352,39,125,-2,0.5,26
18K642,Urban Action Academy,18,28,2,1,231,44,107,-2,0.5,26
19K510,World Academy for Total Community Health High School,19,28,2,1,417,29,98,-2,0.5,26
20K505,Franklin Delano Roosevelt High School,20,28,2,1,3723,924,710,852,0.5,26
21K337,International High School at Lafayette,21,28,2,1,327,76,90,35,0.5,26
21K468,Kingsborough Early College School,21,28,2,1,1229,429,110,122,0.5,26
21K525,Edward R. Murrow High School,21,28,2,1,6293,2283,933,1196,0.5,26
21K572,Leaders High School,21,28,2,1,462,119,110,141,0.5,26
23K493,Brooklyn Collegiate: A College Board School,23,28,2,1,727,113,120,-2,0.5,26
23K514,Frederick Douglass Academy VII High School,23,28,2,1,532,76,108,85,0.5,26
30Q367,Motion Picture Tech High School,30,28,23,11,538,133,200,-2,0.4782608695652174,69
28Q686,Queens Metropolitan High School,28,28,677,322,2321,931,279,279,0.4756277695716396,70
02M260,The Clinton School,2,28,38,18,2837,1151,134,221,0.47368421052631576,71
02M420,High School for Health Professions and Human Services,2,28,30,14,2991,776,477,590,0.4666666666666667,72
28Q167,Metropolitan Expeditionary Learning School,28,28,320,146,1254,467,125,141,0.45625,73
02M418,Millennium High School,2,28,90,41,5541,2290,176,286,0.45555555555555555,74
28Q620,Thomas A. Edison Career and Technical Education High School,28,28,1224,548,6131,2355,473,583,0.4477124183006536,75
02M545,High School for Dual Language and Asian Studies,2,28,18,8,769,299,108,150,0.4444444444444444,76
30Q555,Newcomers High School,30,28,27,12,559,166,81,107,0.4444444444444444,76
28Q284,York Early College Academy,28,28,373,164,1602,580,81,91,0.43967828418230565,78
29Q327,Eagle Academy for Young Men III,29,28,57,25,324,112,120,-2,0.43859649122807015,79
28Q440,Forest Hills High School,28,28,1526,667,7184,2477,702,851,0.43709043250327656,80
02M542,Manhattan Bridges High School,2,28,14,6,904,224,172,95,0.42857142857142855,81
02M411,Baruch College Campus High School,2,28,169,71,6773,2753,118,188,0.42011834319526625,82
02M376,NYC iSchool,2,28,31,13,2459,931,118,158,0.41935483870967744,83
03M859,Special Music School,3,28,17,7,482,165,50,64,0.4117647058823529,84
02M412,N.Y.C. Lab School for Collaborative Studies,2,28,37,15,3134,1067,109,161,0.40540540540540543,85
24Q610,Aviation Career & Technical Education High School,24,28,234,94,4123,1548,530,723,0.4017094017094017,86
01M450,East Side Community School,1,28,10,4,1142,328,95,117,0.4,87
30Q575,Academy of American Studies,30,28,242,96,2727,819,170,224,0.39669421487603307,88
22K405,Midwood High School,22,28,31,12,11658,5495,910,1323,0.3870967741935484,89
02M630,Art and Design High School,2,28,87,33,3594,1359,385,523,0.3793103448275862,90
15K684,Millennium Brooklyn HS,15,28,37,14,5385,2365,178,252,0.3783783783783784,91
03M492,"High School for Law, Advocacy and Community Justice",3,28,16,6,920,170,220,-2,0.375,92
26Q430,Francis Lewis High School,26,28,937,347,8708,3905,913,1030,0.3703308431163287,93
28Q690,High School for Law Enforcement and Public Safety,28,28,109,40,396,91,165,109,0.3669724770642202,94
02M439,Manhattan Village Academy,2,28,33,12,3002,860,100,201,0.36363636363636365,95
26Q495,Bayside High School,26,28,538,194,6914,2765,851,1041,0.36059479553903345,96
04M435,Manhattan Center for Science and Mathematics,4,28,53,19,5010,1993,440,709,0.3584905660377358,97
24Q585,Maspeth High School,24,28,477,170,5045,1953,270,348,0.35639412997903563,98
02M600,The High School of Fashion Industries,2,28,31,11,2046,720,475,395,0.3548387096774194,99
28Q680,Queens Gateway to Health Sciences Secondary School,28,28,345,122,1238,384,108,147,0.3536231884057971,100
28Q896,"Young Women's Leadership School, Queens",28,28,99,35,350,99,81,119,0.35353535353535354,101
27Q650,"High School for Construction Trades, Engineering and Architecture",27,28,245,85,3028,1209,247,311,0.3469387755102041,102
02M282,Urban Assembly Maker Academy,2,28,6,2,1074,175,150,216,0.3333333333333333,103
02M395,A School Without Walls,2,28,3,1,178,36,100,-2,0.3333333333333333,103
02M407,Institute for Collaborative Education,2,28,9,3,836,263,61,73,0.3333333333333333,103
02M413,School of the Future High School,2,28,9,3,1741,485,108,152,0.3333333333333333,103
02M427,Manhattan Academy For Arts & Language,2,28,3,1,389,72,108,49,0.3333333333333333,103
02M432,Murray Hill Academy,2,28,3,1,558,76,90,-2,0.3333333333333333,103
02M529,Jacqueline Kennedy Onassis High School,2,28,3,1,534,81,204,-2,0.3333333333333333,103
02M615,Chelsea Career and Technical Education High School,2,28,3,1,821,118,152,-2,0.3333333333333333,103
05M369,Urban Assembly School for the Performing Arts,5,28,3,1,372,52,108,-2,0.3333333333333333,103
06M211,Inwood Early College for Health and Information Technologies,6,28,3,1,745,156,111,-2,0.3333333333333333,103
11X418,Bronx High School for the Visual Arts,11,28,3,1,951,168,102,136,0.3333333333333333,103
11X455,Harry S Truman High School,11,28,3,1,1891,390,913,-2,0.3333333333333333,103
13K412,Brooklyn Community Arts & Media High School (BCAM),13,28,3,1,702,113,142,-2,0.3333333333333333,103
13K527,Urban Assembly Institute of Math and Science for Young Women,13,28,3,1,237,54,81,60,0.3333333333333333,103
13K594,Gotham Professional Arts Academy,13,28,3,1,364,61,81,-2,0.3333333333333333,103
15K519,Cobble Hill School of American Studies,15,28,3,1,481,62,278,-2,0.3333333333333333,103
16K688,The Brooklyn Academy of Global Finance,16,28,3,1,469,56,108,-2,0.3333333333333333,103
16K765,Nelson Mandela High School,16,28,3,1,250,25,114,-2,0.3333333333333333,103
17K537,High School for Youth and Community Development at Erasmus,17,28,3,1,488,82,140,-2,0.3333333333333333,103
17K546,High School for Public Service: Heroes of Tomorrow,17,28,3,1,656,69,130,-2,0.3333333333333333,103
17K547,Brooklyn Academy of Science and the Environment,17,28,3,1,373,53,108,-2,0.3333333333333333,103
18K617,High School for Innovation in Advertising and Media,18,28,3,1,522,101,81,91,0.3333333333333333,103
20K609,Urban Assembly School for Leadership and Empowerment,20,28,3,1,278,74,100,132,0.3333333333333333,103
21K348,High School of Sports Management,21,28,3,1,386,75,176,-2,0.3333333333333333,103
21K620,William E. Grady Career and Technical Education High School,21,28,3,1,970,205,305,214,0.3333333333333333,103
24Q520,Middle College High School at LaGuardia Community College,24,28,48,16,1826,552,97,118,0.3333333333333333,103
25Q252,"Queens School of Inquiry, The",25,28,87,29,508,161,89,107,0.3333333333333333,103
31R445,Port Richmond High School,31,28,3,1,1267,334,564,435,0.3333333333333333,103
31R450,Curtis High School,31,28,3,1,1967,690,804,754,0.3333333333333333,103
32K403,Academy for Excellence in Leadership,32,28,3,1,653,76,108,-2,0.3333333333333333,103
26Q415,Benjamin N. Cardozo High School,26,28,395,125,4527,1666,684,926,0.31645569620253167,133
24Q550,High School for Arts and Business,24,28,183,57,2257,552,191,255,0.3114754098360656,134
14K610,A-Tech High School,14,28,13,4,1273,264,224,243,0.3076923076923077,135
24Q264,Academy of Finance and Enterprise,24,28,88,27,2163,546,124,151,0.3068181818181818,136
29Q259,Pathways College Preparatory School: A College Board School,29,28,46,14,440,145,186,167,0.30434782608695654,137
26Q566,"Queens High School of Teaching, Liberal Arts and the Sciences",26,28,57,17,671,231,258,222,0.2982456140350877,138
26Q315,Business Technology Early College High School,26,28,125,37,1032,289,180,272,0.296,139
02M392,Manhattan Business Academy,2,28,7,2,1321,191,161,-2,0.2857142857142857,140
09X260,Bronx Center for Science and Mathematics,9,28,7,2,2530,621,108,201,0.2857142857142857,140
29Q492,"Mathematics, Science Research and Technology Magnet High School",29,28,120,34,782,146,150,-2,0.2833333333333333,142
25Q425,John Bowne High School,25,28,451,125,3116,720,783,809,0.2771618625277162,143
19K618,Academy of Innovative Technology,19,28,40,11,1048,183,115,169,0.275,144
29Q283,Preparatory Academy for Writers: A College Board School,29,28,22,6,177,47,90,69,0.2727272727272727,145
28Q328,High School for Community Leadership,28,28,190,51,671,160,150,231,0.26842105263157895,146
30Q301,Academy for Careers in Television and Film,30,28,49,13,1410,330,151,200,0.2653061224489796,147
19K615,Transit Tech Career and Technical Education High School,19,28,38,10,1168,225,315,-2,0.2631578947368421,148
28Q505,Hillcrest High School,28,28,622,162,2316,496,730,517,0.2604501607717042,149
02M414,N.Y.C. Museum School,2,28,35,9,3022,865,150,254,0.2571428571428571,150
25Q281,East-West School of International Studies,25,28,43,11,766,290,89,113,0.2558139534883721,151
29Q243,Institute for Health Professions at Cambria Heights,29,28,63,16,416,79,108,132,0.25396825396825395,152
02M419,Landmark High School,2,28,4,1,457,37,100,-2,0.25,153
02M437,Hudson High School of Learning Technologies,2,28,4,1,353,48,119,-2,0.25,153
02M438,International High School at Union Square,2,28,4,1,501,103,68,75,0.25,153
02M531,Repertory Company High School for Theatre Arts,2,28,8,2,365,100,60,68,0.25,153
03M291,West End Secondary School,3,28,4,1,1209,392,105,146,0.25,153
07X548,Careers in Sports High School,7,28,4,1,1056,226,125,202,0.25,153
09X413,Bronx High School for Medical Science,9,28,4,1,1104,178,90,170,0.25,153
10X264,Bronx Academy for Software Engineering (BASE),10,28,4,1,1199,175,120,165,0.25,153
10X284,Bronx School of Law and Finance,10,28,4,1,558,58,130,-2,0.25,153
10X440,DeWitt Clinton High School,10,28,4,1,2901,586,385,492,0.25,153
11X288,Collegiate Institute for Math and Science,11,28,4,1,1764,317,133,200,0.25,153
11X290,Bronx Academy of Health Careers,11,28,4,1,897,90,108,-2,0.25,153
12X388,Pan American International High School at Monroe,12,28,4,1,310,71,108,43,0.25,153
14K561,Williamsburg Preparatory School,14,28,8,2,1131,226,180,236,0.25,153
15K497,The Boerum Hill School for International Studies,15,28,4,1,801,155,125,-2,0.25,153
17K382,Academy for College Preparation and Career Exploration: A College Board School,17,28,4,1,837,124,108,-2,0.25,153
20K490,Fort Hamilton High School,20,28,4,1,4983,1995,883,903,0.25,153
30Q258,Energy Tech High School,30,28,36,9,1535,348,108,145,0.25,153
27Q475,Richmond Hill High School,27,28,185,46,1397,386,371,423,0.24864864864864866,171
29Q498,"Health, Arts, Robotics, and Technology High School",29,28,202,49,1435,293,196,264,0.24257425742574257,172
02M408,Professional Performing Arts High School,2,28,34,8,1255,378,128,180,0.23529411764705882,173
15K656,Brooklyn High School of the Arts,15,28,30,7,2104,574,254,272,0.23333333333333334,174
29Q265,Excelsior Preparatory High School,29,28,52,12,353,58,108,95,0.23076923076923078,175
24Q600,Queens Technical High School,24,28,145,33,3942,1196,350,423,0.22758620689655173,176
14K478,"The High School for Enterprise, Business and Technology",14,28,9,2,1197,144,249,130,0.2222222222222222,177
16K498,Brooklyn High School for Law and Technology,16,28,27,6,1730,296,151,-2,0.2222222222222222,177
24Q293,Civic Leadership Academy,24,28,36,8,1157,291,142,191,0.2222222222222222,177
02M519,Talent Unlimited High School,2,28,50,11,1599,468,152,213,0.22,180
29Q248,Queens Preparatory Academy,29,28,64,14,383,62,100,-2,0.21875,181
28Q350,Jamaica Gateway to the Sciences,28,28,294,64,1005,210,150,184,0.21768707482993196,182
25Q670,Robert F. Kennedy Community High School,25,28,195,40,1012,254,150,223,0.20512820512820512,183
30Q445,William Cullen Bryant High School,30,28,39,8,1681,297,435,349,0.20512820512820512,183
01M292,Orchard Collegiate Academy,1,28,5,1,280,71,90,-2,0.2,185
02M399,The High School For Language And Diplomacy,2,28,5,1,385,36,134,-2,0.2,185
02M551,Urban Assembly New York Harbor School,2,28,5,1,724,221,200,-2,0.2,185
02M580,Richard R. Green High School of Teaching,2,28,10,2,1291,154,160,-2,0.2,185
11X270,Academy for Scholarship and Entrepreneurship: A College Board School,11,28,5,1,775,148,120,-2,0.2,185
14K474,PROGRESS High School for Professional Careers,14,28,5,1,506,81,153,-2,0.2,185
17K122,Pathways in Technology Early College High School (P-Tech),17,28,5,1,712,114,150,-2,0.2,185
17K539,High School for Service & Learning at Erasmus,17,28,5,1,296,35,108,98,0.2,185
24Q236,International High School for Health Sciences,24,28,40,8,485,112,81,68,0.2,185
28Q325,Hillside Arts & Letters Academy,28,28,156,30,520,82,108,133,0.19230769230769232,194
02M546,Academy for Software Engineering,2,28,21,4,1992,388,125,201,0.19047619047619047,195
27Q480,John Adams High School,27,28,315,60,2490,480,636,644,0.19047619047619047,195
26Q435,Martin Van Buren High School,26,28,118,22,1084,217,352,273,0.1864406779661017,197
25Q460,Flushing High School,25,28,120,22,1592,289,419,419,0.18333333333333332,198
24Q455,Newtown High School,24,28,104,18,1328,243,419,346,0.17307692307692307,199
04M555,Central Park East High School,4,28,29,5,4762,1538,125,215,0.1724137931034483,200
28Q310,Queens Collegiate: A College Board School,28,28,176,30,453,67,115,77,0.17045454545454544,201
02M305,"Urban Assembly Academy of Government and Law, The",2,28,6,1,573,75,100,-2,0.16666666666666666,202
02M507,Urban Assembly Gateway School for Technology,2,28,6,1,1299,278,108,146,0.16666666666666666,202
02M543,New Design High School,2,28,6,1,852,157,125,145,0.16666666666666666,202
09X505,"Bronx School for Law, Government and Justice",9,28,6,1,1132,259,120,154,0.16666666666666666,202
11X275,High School of Computers and Technology,11,28,6,1,715,115,181,156,0.16666666666666666,202
13K265,Dr. Susan S. McKinney Secondary School of the Arts,13,28,6,1,362,54,82,-2,0.16666666666666666,202
13K674,"City Polytechnic High School of Engineering, Architecture, and Technology",13,28,6,1,1239,274,108,160,0.16666666666666666,202
17K590,Medgar Evers College Preparatory School,17,28,6,1,2078,676,220,237,0.16666666666666666,202
19K404,Academy for Young Writers,19,28,6,1,559,71,92,82,0.16666666666666666,202
19K583,Multicultural High School,19,28,6,1,320,88,111,64,0.16666666666666666,202
22K555,Brooklyn College Academy,22,28,6,1,2698,911,170,228,0.16666666666666666,202
32K552,The Academy of Urban Planning and Engineering,32,28,6,1,737,128,113,-2,0.16666666666666666,202
27Q334,Epic High School - North,27,28,104,17,735,169,70,91,0.16346153846153846,214
30Q450,Long Island City High School,30,28,56,9,1827,403,790,432,0.16071428571428573,215
01M448,University Neighborhood High School,1,28,19,3,2248,447,125,185,0.15789473684210525,216
19K502,FDNY - Captain Vernon A. Richard High School for Fire and Life Safety,19,28,13,2,745,141,108,125,0.15384615384615385,217
27Q400,August Martin High School,27,28,142,21,960,177,250,218,0.14788732394366197,218
29Q313,Benjamin Franklin High School for Finance & Information Technology,29,28,90,13,735,122,108,-2,0.14444444444444443,219
03M494,High School of Arts and Technology,3,28,7,1,1037,132,140,-2,0.14285714285714285,220
06M462,The College Academy,6,28,7,1,814,121,121,129,0.14285714285714285,220
06M468,High School for Health Careers and Sciences,6,28,7,1,822,121,268,-2,0.14285714285714285,220
10X437,Fordham High School for the Arts,10,28,7,1,1826,399,130,158,0.14285714285714285,220
12X248,"Metropolitan High School, The",12,28,7,1,228,33,151,-2,0.14285714285714285,220
12X641,Bard High School Early College Bronx,12,28,7,1,1391,613,100,106,0.14285714285714285,220
14K488,Brooklyn Preparatory High School,14,28,7,1,1061,174,153,-2,0.14285714285714285,220
14K558,Williamsburg High School for Architecture and Design,14,28,14,2,1223,253,155,212,0.14285714285714285,220
17K751,Academy for Health Careers,17,28,7,1,715,72,108,-2,0.14285714285714285,220
18K637,Academy for Conservation and the Environment,18,28,7,1,727,92,170,217,0.14285714285714285,220
22K425,James Madison High School,22,28,7,1,6968,2801,837,940,0.14285714285714285,220
24Q267,High School of Applied Communication,24,28,7,1,557,75,145,-2,0.14285714285714285,220
27Q262,Channel View School for Research,27,28,7,1,755,267,194,212,0.14285714285714285,220
32K168,The Brooklyn School for Math and Research,32,28,7,1,710,99,108,148,0.14285714285714285,220
29Q326,Cambria Heights Academy,29,28,87,12,581,113,81,103,0.13793103448275862,234
02M298,Pace High School,2,28,8,1,1172,169,190,177,0.125,235
03M415,Wadleigh Secondary School for the Performing & Visual Arts,3,28,16,2,826,130,128,-2,0.125,235
17K408,Academy of Hospitality and Tourism,17,28,8,1,571,89,118,-2,0.125,235
27Q314,Epic High School - South,27,28,64,8,618,154,95,138,0.125,235
32K554,All City Leadership Secondary School,32,28,8,1,911,247,62,62,0.125,235
29Q272,George Washington Carver High School for the Sciences,29,28,82,10,590,92,93,-2,0.12195121951219512,240
24Q485,Grover Cleveland High School,24,28,53,6,1552,359,420,437,0.11320754716981132,241
13K350,Urban Assembly School of Music and Art,13,28,9,1,494,52,108,-2,0.1111111111111111,242
14K477,East Williamsburg Scholars Academy,14,28,9,1,650,90,234,-2,0.1111111111111111,242
15K462,John Jay School for Law,15,28,9,1,1012,184,125,-2,0.1111111111111111,242
17K600,Clara Barton High School,17,28,9,1,1276,355,434,-2,0.1111111111111111,242
18K629,Cultural Academy for the Arts and Sciences,18,28,9,1,567,70,116,80,0.1111111111111111,242
18K633,High School for Medical Professions,18,28,9,1,666,99,108,116,0.1111111111111111,242
19K659,Cypress Hills Collegiate Preparatory School,19,28,9,1,581,86,99,-2,0.1111111111111111,242
02M294,Essex Street Academy,2,28,10,1,2478,562,90,125,0.1,249
13K419,"Science Skills Center High School for Science, Technology and the Creative Arts",13,28,10,1,909,111,258,143,0.1,249
13K595,Bedford Academy High School,13,28,10,1,2464,599,81,114,0.1,249
13K670,Benjamin Banneker Academy,13,28,10,1,1912,451,225,318,0.1,249
30Q286,"Young Women's Leadership School, Astoria",30,28,10,1,453,156,81,103,0.1,249
06M540,A. Philip Randolph Campus High School,6,28,11,1,2050,408,471,379,0.09090909090909091,254
22K535,Leon M. Goldstein High School for the Sciences,22,28,11,1,3985,2007,258,429,0.09090909090909091,254
32K556,Bushwick Leaders High School for Academic Excellence,32,28,11,1,768,125,120,-2,0.09090909090909091,254
19K764,The Urban Assembly School for Collaborative Healthcare,19,28,12,1,419,71,81,-2,0.08333333333333333,257
25Q240,Veritas Academy,25,28,12,1,526,96,130,-2,0.08333333333333333,257
25Q285,World Journalism Preparatory: A College Board School,25,28,12,1,448,162,90,139,0.08333333333333333,257
02M288,Food and Finance High School,2,28,13,1,1225,264,150,211,0.07692307692307693,260
19K507,Performing Arts and Technology High School,19,28,14,1,1103,157,125,163,0.07142857142857142,261
02M459,Manhattan International High School,2,28,15,1,738,151,85,73,0.06666666666666667,262
19K660,W. H. Maxwell Career and Technical Education High School,19,28,16,1,991,185,305,164,0.0625,263
25Q241,Queens High School for Language Studies,25,28,16,1,371,90,125,76,0.0625,263
24Q296,Pan American International High School,24,28,18,1,508,166,108,28,0.05555555555555555,265
02M400,High School for Environmental Studies,2,28,19,1,2558,395,344,385,0.05263157894736842,266
13K605,George Westinghouse Career and Technical Education High School,13,28,20,1,1254,203,254,194,0.05,267
30Q417,Gotham Tech High School,30,28,22,1,631,96,90,-2,0.045454545454545456,268
30Q502,Information Technology High School,30,28,22,1,944,190,227,-2,0.045454545454545456,268
27Q260,Frederick Douglass Academy VI High School,27,28,23,1,482,71,121,-2,0.043478260869565216,270
24Q560,"Robert F. Wagner, Jr. Secondary School for Arts and Technology",24,28,24,1,1368,247,120,161,0.041666666666666664,271
25Q263,Flushing International High School,25,28,24,1,576,182,90,90,0.041666666666666664,271
02M374,Gramercy Arts High School,2,28,25,1,1038,129,204,78,0.04,273
27Q302,"Queens High School for Information, Research, and Technology",27,28,25,1,671,160,130,177,0.04,273
27Q309,Academy of Medical Technology: A College Board School,27,28,25,1,626,120,105,109,0.04,273
19K639,Brooklyn Lab School,19,28,31,1,980,152,102,143,0.03225806451612903,276
27Q308,Robert H. Goddard High School of Communication Arts and Technology,27,28,56,1,1222,468,140,181,0.017857142857142856,277
01M450,East Side Community School,1,29,2,2,1142,328,95,117,1.0,1
02M260,The Clinton School,2,29,3,3,2837,1151,134,221,1.0,1
02M282,Urban Assembly Maker Academy,2,29,1,1,1074,175,150,216,1.0,279
02M298,Pace High School,2,29,3,3,1172,169,190,177,1.0,1
02M308,Lower Manhattan Arts Academy,2,29,2,2,524,69,95,-2,1.0,1
02M407,Institute for Collaborative Education,2,29,1,1,836,263,61,73,1.0,279
02M412,N.Y.C. Lab School for Collaborative Studies,2,29,3,3,3134,1067,109,161,1.0,1
02M437,Hudson High School of Learning Technologies,2,29,1,1,353,48,119,-2,1.0,279
02M449,Vanguard High School,2,29,1,1,701,134,110,158,1.0,279
02M459,Manhattan International High School,2,29,2,2,738,151,85,73,1.0,1
02M531,Repertory Company High School for Theatre Arts,2,29,2,2,365,100,60,68,1.0,1
02M534,Harvest Collegiate High School,2,29,2,2,1116,115,116,-2,1.0,1
02M551,Urban Assembly New York Harbor School,2,29,1,1,724,221,200,-2,1.0,279
02M605,Humanities Preparatory Academy,2,29,2,2,861,101,75,-2,1.0,1
03M859,Special Music School,3,29,1,1,482,165,50,64,1.0,279
04M495,Park East High School,4,29,2,2,2653,739,100,166,1.0,1
05M304,Mott Hall High School,5,29,1,1,455,53,108,-2,1.0,279
05M670,Thurgood Marshall Academy for Learning and Social Change,5,29,1,1,340,71,108,-2,1.0,279
07X522,Bronx Design and Construction Academy,7,29,1,1,677,112,140,91,1.0,279
08X312,Millennium Art Academy,8,29,1,1,625,136,112,117,1.0,279
08X376,Antonia Pantoja Preparatory Academy: A College Board School,8,29,1,1,308,82,84,104,1.0,279
08X530,Longwood Preparatory Academy,8,29,1,1,649,115,120,143,1.0,279
08X636,Virtual Innovators Academy,8,29,1,1,113,31,80,-2,1.0,279
09X227,Bronx Collegiate Academy,9,29,1,1,1201,163,120,173,1.0,279
09X231,Eagle Academy for Young Men,9,29,1,1,455,163,80,130,1.0,279
09X260,Bronx Center for Science and Mathematics,9,29,1,1,2530,621,108,201,1.0,279
09X327,Comprehensive Model School Project M.S. 327,9,29,1,1,706,224,90,103,1.0,279
09X517,Frederick Douglass Academy III Secondary School,9,29,1,1,404,35,108,-2,1.0,279
10X225,Theatre Arts Production Company School,10,29,1,1,633,88,170,-2,1.0,279
10X228,Jonas Bronck Academy,10,29,1,1,372,91,90,-2,1.0,279
10X243,West Bronx Academy for the Future,10,29,1,1,917,136,90,109,1.0,279
10X264,Bronx Academy for Software Engineering (BASE),10,29,1,1,1199,175,120,165,1.0,279
10X284,Bronx School of Law and Finance,10,29,1,1,558,58,130,-2,1.0,279
10X433,High School for Teaching and the Professions,10,29,1,1,344,61,102,-2,1.0,279
10X439,Bronx High School for Law and Community Service,10,29,1,1,1467,220,108,163,1.0,279
10X546,Bronx Theatre High School,10,29,1,1,414,45,128,-2,1.0,279
10X565,High School for Energy and Technology,10,29,1,1,503,51,120,-2,1.0,279
11X275,High School of Computers and Technology,11,29,1,1,715,115,181,156,1.0,279
11X288,Collegiate Institute for Math and Science,11,29,1,1,1764,317,133,200,1.0,279
11X514,The Bronxwood Preparatory Academy,11,29,1,1,668,93,120,150,1.0,279
13K439,Brooklyn International High School,13,29,1,1,409,71,81,53,1.0,279
13K483,The Urban Assembly School for Law and Justice,13,29,1,1,593,105,115,-2,1.0,279
13K527,Urban Assembly Institute of Math and Science for Young Women,13,29,1,1,237,54,81,60,1.0,279
14K561,Williamsburg Preparatory School,14,29,1,1,1131,226,180,236,1.0,279
14K586,Lyons Community School,14,29,1,1,174,32,81,-2,1.0,279
14K614,Young Women's Leadership School of Brooklyn,14,29,1,1,251,47,93,59,1.0,279
15K463,Cyberarts Studio Academy,15,29,1,1,256,30,125,-2,1.0,279
15K497,The Boerum Hill School for International Studies,15,29,1,1,801,155,125,-2,1.0,279
15K667,Sunset Park High School,15,29,3,3,989,260,354,-2,1.0,1
18K563,It Takes a Village Academy,18,29,1,1,353,23,135,-2,1.0,279
18K642,Urban Action Academy,18,29,1,1,231,44,107,-2,1.0,279
19K409,East New York Family Academy,19,29,1,1,416,159,125,147,1.0,279
19K422,Spring Creek Community School,19,29,1,1,341,50,73,-2,1.0,279
20K485,High School of Telecommunication Arts and Technology,20,29,1,1,2973,1210,310,363,1.0,279
20K490,Fort Hamilton High School,20,29,1,1,4983,1995,883,903,1.0,279
20K505,Franklin Delano Roosevelt High School,20,29,1,1,3723,924,710,852,1.0,279
21K344,Rachel Carson High School for Coastal Studies,21,29,1,1,469,162,160,200,1.0,279
21K559,Life Academy High School for Film and Music,21,29,1,1,145,21,81,49,1.0,279
21K690,Brooklyn Studio Secondary School,21,29,1,1,844,281,102,133,1.0,279
27Q324,Rockaway Park High School for Environmental Sustainability,27,29,1,1,164,25,108,51,1.0,279
27Q351,Rockaway Collegiate High School,27,29,1,1,258,71,135,-2,1.0,279
30Q417,Gotham Tech High School,30,29,1,1,631,96,90,-2,1.0,279
31R028,The Eagle Academy for Young Men of Staten Island,31,29,1,1,94,26,81,-2,1.0,279
31R600,Ralph R. McKee Career and Technical Education High School,31,29,2,2,620,198,316,180,1.0,1
32K168,The Brooklyn School for Math and Research,32,29,1,1,710,99,108,148,1.0,279
32K545,EBC High School for Public Service - Bushwick,32,29,1,1,467,75,126,-2,1.0,279
32K552,The Academy of Urban Planning and Engineering,32,29,1,1,737,128,113,-2,1.0,279
32K556,Bushwick Leaders High School for Academic Excellence,32,29,1,1,768,125,120,-2,1.0,279
02M413,School of the Future High School,2,29,5,4,1741,485,108,152,0.8,13
02M135,The Urban Assembly Early College High School for Emergency Medicine,2,29,4,3,510,116,122,-2,0.75,14
02M393,Business Of Sports School,2,29,4,3,1151,248,129,210,0.75,14
01M696,Bard High School Early College,1,29,41,29,3946,2196,125,198,0.7073170731707317,16
22K535,Leon M. Goldstein High School for the Sciences,22,29,10,7,3985,2007,258,429,0.7,17
02M418,Millennium High School,2,29,16,11,5541,2290,176,286,0.6875,18
25Q525,Townsend Harris High School,25,29,589,403,6780,4957,290,374,0.6842105263157895,19
01M448,University Neighborhood High School,1,29,6,4,2248,447,125,185,0.6666666666666666,20
02M139,Stephen T. Mather Building Arts & Craftsmanship High School,2,29,3,2,432,88,108,-2,0.6666666666666666,20
02M294,Essex Street Academy,2,29,3,2,2478,562,90,125,0.6666666666666666,20
03M541,Manhattan / Hunter Science High School,3,29,65,41,5406,2689,108,176,0.6307692307692307,23
04M555,Central Park East High School,4,29,16,10,4762,1538,125,215,0.625,24
30Q555,Newcomers High School,30,29,17,10,559,166,81,107,0.5882352941176471,25
30Q580,Baccalaureate School for Global Education,30,29,58,34,1732,937,97,94,0.5862068965517241,26
02M416,Eleanor Roosevelt High School,2,29,64,36,7699,3749,136,224,0.5625,27
03M479,Beacon High School,3,29,50,28,7891,4442,360,493,0.56,28
24Q530,International High School at LaGuardia Community College,24,29,45,24,1236,505,119,114,0.5333333333333333,29
01M539,"New Explorations into Science, Technology and Math High School",1,29,32,17,3743,2047,150,289,0.53125,30
05M362,Columbia Secondary School,5,29,19,10,4258,1769,112,175,0.5263157894736842,31
24Q299,Bard High School Early College Queens,24,29,229,120,3866,2227,125,166,0.5240174672489083,32
01M458,Forsyth Satellite Academy,1,29,2,1,60,12,28,-2,0.5,33
02M300,"Urban Assembly School of Design and Construction, The",2,29,2,1,346,43,108,-2,0.5,33
02M394,Emma Lazarus High School,2,29,2,1,134,19,60,-1,0.5,33
02M399,The High School For Language And Diplomacy,2,29,2,1,385,36,134,-2,0.5,33
02M414,N.Y.C. Museum School,2,29,4,2,3022,865,150,254,0.5,33
02M419,Landmark High School,2,29,2,1,457,37,100,-2,0.5,33
02M425,Leadership and Public Service High School,2,29,2,1,387,36,145,52,0.5,33
02M432,Murray Hill Academy,2,29,2,1,558,76,90,-2,0.5,33
02M439,Manhattan Village Academy,2,29,6,3,3002,860,100,201,0.5,33
02M489,High School of Economics and Finance,2,29,2,1,1374,223,230,-2,0.5,33
02M500,Unity Center for Urban Technologies,2,29,2,1,274,48,95,136,0.5,33
02M520,Murry Bergtraum High School for Business Careers,2,29,2,1,222,38,240,-2,0.5,33
02M533,Union Square Academy for Health Sciences,2,29,4,2,834,154,163,143,0.5,33
02M543,New Design High School,2,29,6,3,852,157,125,145,0.5,33
02M580,Richard R. Green High School of Teaching,2,29,2,1,1291,154,160,-2,0.5,33
03M291,West End Secondary School,3,29,2,1,1209,392,105,146,0.5,33
03M307,"Urban Assembly School for Media Studies, The",3,29,2,1,328,71,126,109,0.5,33
03M402,The Urban Assembly School for Green Careers,3,29,2,1,494,39,120,45,0.5,33
03M403,The Global Learning Collaborative,3,29,2,1,754,90,108,-2,0.5,33
04M680,"Heritage School, The",4,29,2,1,482,60,80,-2,0.5,33
06M293,City College Academy of the Arts,6,29,2,1,1028,337,81,95,0.5,33
06M462,The College Academy,6,29,2,1,814,121,121,129,0.5,33
07X527,Bronx Leadership Academy II High School,7,29,2,1,911,103,131,-2,0.5,33
08X293,Renaissance High School for Musical Theater and the Arts,8,29,2,1,660,115,110,-2,0.5,33
09X505,"Bronx School for Law, Government and Justice",9,29,2,1,1132,259,120,154,0.5,33
09X543,High School for Violin and Dance,9,29,2,1,149,19,108,-2,0.5,33
09X568,Young Women's Leadership School of the Bronx,9,29,2,1,449,109,90,127,0.5,33
10X213,Bronx Engineering and Technology Academy,10,29,2,1,754,115,142,-2,0.5,33
11X418,Bronx High School for the Visual Arts,11,29,2,1,951,168,102,136,0.5,33
11X455,Harry S Truman High School,11,29,2,1,1891,390,913,-2,0.5,33
12X641,Bard High School Early College Bronx,12,29,4,2,1391,613,100,106,0.5,33
13K265,Dr. Susan S. McKinney Secondary School of the Arts,13,29,2,1,362,54,82,-2,0.5,33
13K412,Brooklyn Community Arts & Media High School (BCAM),13,29,2,1,702,113,142,-2,0.5,33
13K594,Gotham Professional Arts Academy,13,29,2,1,364,61,81,-2,0.5,33
14K474,PROGRESS High School for Professional Careers,14,29,2,1,506,81,153,-2,0.5,33
14K477,East Williamsburg Scholars Academy,14,29,2,1,650,90,234,-2,0.5,33
15K429,Digital Arts and Cinema Technology High School,15,29,2,1,579,105,90,94,0.5,33
15K448,Brooklyn Collaborative Studies,15,29,2,1,693,99,90,110,0.5,33
15K464,Park Slope Collegiate,15,29,2,1,613,115,102,130,0.5,33
15K592,Khalil Gibran International Academy,15,29,2,1,101,19,81,-2,0.5,33
16K455,Boys and Girls High School,16,29,2,1,712,68,369,96,0.5,33
16K688,The Brooklyn Academy of Global Finance,16,29,2,1,469,56,108,-2,0.5,33
16K765,Nelson Mandela High School,16,29,2,1,250,25,114,-2,0.5,33
17K528,The High School for Global Citizenship,17,29,2,1,524,55,100,63,0.5,33
18K567,Brooklyn Theatre Arts High School,18,29,2,1,352,39,125,-2,0.5,33
18K576,Victory Collegiate High School,18,29,2,1,305,61,140,-2,0.5,33
18K617,High School for Innovation in Advertising and Media,18,29,2,1,522,101,81,91,0.5,33
19K510,World Academy for Total Community Health High School,19,29,2,1,417,29,98,-2,0.5,33
21K337,International High School at Lafayette,21,29,2,1,327,76,90,35,0.5,33
21K525,Edward R. Murrow High School,21,29,2,1,6293,2283,933,1196,0.5,33
23K493,Brooklyn Collegiate: A College Board School,23,29,2,1,727,113,120,-2,0.5,33
23K514,Frederick Douglass Academy VII High School,23,29,2,1,532,76,108,85,0.5,33
24Q267,High School of Applied Communication,24,29,2,1,557,75,145,-2,0.5,33
24Q296,Pan American International High School,24,29,2,1,508,166,108,28,0.5,33
31R450,Curtis High School,31,29,2,1,1967,690,804,754,0.5,33
31R455,Tottenville High School,31,29,2,1,3274,1627,1158,1357,0.5,33
30Q501,Frank Sinatra School of the Arts High School,30,29,132,65,3557,1643,236,416,0.49242424242424243,89
27Q323,Scholars' Academy,27,29,41,19,1065,580,154,186,0.4634146341463415,90
22K555,Brooklyn College Academy,22,29,13,6,2698,911,170,228,0.46153846153846156,91
02M630,Art and Design High School,2,29,45,20,3594,1359,385,523,0.4444444444444444,92
14K610,A-Tech High School,14,29,16,7,1273,264,224,243,0.4375,93
17K600,Clara Barton High School,17,29,19,8,1276,355,434,-2,0.42105263157894735,94
24Q610,Aviation Career & Technical Education High School,24,29,119,50,4123,1548,530,723,0.42016806722689076,95
28Q620,Thomas A. Edison Career and Technical Education High School,28,29,1592,665,6131,2355,473,583,0.417713567839196,96
02M280,Manhattan Early College School for Advertising,2,29,5,2,572,88,112,-2,0.4,97
02M408,Professional Performing Arts High School,2,29,20,8,1255,378,128,180,0.4,97
15K684,Millennium Brooklyn HS,15,29,25,10,5385,2365,178,252,0.4,97
17K590,Medgar Evers College Preparatory School,17,29,25,10,2078,676,220,237,0.4,97
28Q167,Metropolitan Expeditionary Learning School,28,29,30,12,1254,467,125,141,0.4,97
02M600,The High School of Fashion Industries,2,29,28,11,2046,720,475,395,0.39285714285714285,102
02M519,Talent Unlimited High School,2,29,31,12,1599,468,152,213,0.3870967741935484,103
15K656,Brooklyn High School of the Arts,15,29,24,9,2104,574,254,272,0.375,104
26Q415,Benjamin N. Cardozo High School,26,29,1111,410,4527,1666,684,926,0.369036903690369,105
29Q327,Eagle Academy for Young Men III,29,29,122,45,324,112,120,-2,0.36885245901639346,106
26Q430,Francis Lewis High School,26,29,1139,419,8708,3905,913,1030,0.3678665496049166,107
29Q259,Pathways College Preparatory School: A College Board School,29,29,327,118,440,145,186,167,0.36085626911314983,108
24Q520,Middle College High School at LaGuardia Community College,24,29,25,9,1826,552,97,118,0.36,109
26Q566,"Queens High School of Teaching, Liberal Arts and the Sciences",26,29,307,110,671,231,258,222,0.3583061889250814,110
02M411,Baruch College Campus High School,2,29,43,15,6773,2753,118,188,0.3488372093023256,111
28Q896,"Young Women's Leadership School, Queens",28,29,86,30,350,99,81,119,0.3488372093023256,111
26Q495,Bayside High School,26,29,1203,410,6914,2765,851,1041,0.3408146300914381,113
28Q284,York Early College Academy,28,29,459,156,1602,580,81,91,0.33986928104575165,114
27Q650,"High School for Construction Trades, Engineering and Architecture",27,29,193,65,3028,1209,247,311,0.33678756476683935,115
02M303,"Facing History School, The",2,29,3,1,421,87,107,-2,0.3333333333333333,116
02M305,"Urban Assembly Academy of Government and Law, The",2,29,3,1,573,75,100,-2,0.3333333333333333,116
02M395,A School Without Walls,2,29,3,1,178,36,100,-2,0.3333333333333333,116
02M400,High School for Environmental Studies,2,29,3,1,2558,395,344,385,0.3333333333333333,116
02M427,Manhattan Academy For Arts & Language,2,29,3,1,389,72,108,49,0.3333333333333333,116
02M545,High School for Dual Language and Asian Studies,2,29,3,1,769,299,108,150,0.3333333333333333,116
02M550,Liberty High School Academy for Newcomers,2,29,3,1,99,16,50,6,0.3333333333333333,116
05M369,Urban Assembly School for the Performing Arts,5,29,3,1,372,52,108,-2,0.3333333333333333,116
06M211,Inwood Early College for Health and Information Technologies,6,29,3,1,745,156,111,-2,0.3333333333333333,116
06M468,High School for Health Careers and Sciences,6,29,3,1,822,121,268,-2,0.3333333333333333,116
07X259,"H.E.R.O. High (Health, Education, and Research Occupations High School)",7,29,3,1,862,174,250,182,0.3333333333333333,116
07X670,Health Opportunities High School,7,29,3,1,477,47,75,-2,0.3333333333333333,116
08X405,Herbert H. Lehman High School,8,29,3,1,2078,405,528,479,0.3333333333333333,116
08X452,Gotham Collaborative High School,8,29,3,1,343,51,120,-2,0.3333333333333333,116
09X365,Academy for Language and Technology,9,29,3,1,773,224,92,89,0.3333333333333333,116
09X413,Bronx High School for Medical Science,9,29,3,1,1104,178,90,170,0.3333333333333333,116
10X237,"The Marie Curie High School for Medicine, Nursing, and Health Professions",10,29,3,1,334,46,135,-2,0.3333333333333333,116
10X368,In-Tech Academy (M.S. / High School 368),10,29,3,1,707,244,160,205,0.3333333333333333,116
10X437,Fordham High School for the Arts,10,29,3,1,1826,399,130,158,0.3333333333333333,116
11X290,Bronx Academy of Health Careers,11,29,3,1,897,90,108,-2,0.3333333333333333,116
11X544,High School for Contemporary Arts,11,29,3,1,607,55,240,-2,0.3333333333333333,116
12X521,The Metropolitan Soundview High School,12,29,3,1,453,67,120,74,0.3333333333333333,116
12X684,Wings Academy,12,29,3,1,370,63,150,86,0.3333333333333333,116
14K071,Juan Morel Campos Secondary School,14,29,3,1,341,78,101,69,0.3333333333333333,116
16K498,Brooklyn High School for Law and Technology,16,29,27,9,1730,296,151,-2,0.3333333333333333,116
17K382,Academy for College Preparation and Career Exploration: A College Board School,17,29,3,1,837,124,108,-2,0.3333333333333333,116
17K524,International High School at Prospect Heights,17,29,3,1,338,61,108,45,0.3333333333333333,116
17K539,High School for Service & Learning at Erasmus,17,29,3,1,296,35,108,98,0.3333333333333333,116
17K546,High School for Public Service: Heroes of Tomorrow,17,29,3,1,656,69,130,-2,0.3333333333333333,116
18K566,Brooklyn Community High School for Excellence and Equity,18,29,3,1,448,61,75,-2,0.3333333333333333,116
21K348,High School of Sports Management,21,29,3,1,386,75,176,-2,0.3333333333333333,116
21K410,Abraham Lincoln High School,21,29,3,1,2225,539,741,604,0.3333333333333333,116
25Q263,Flushing International High School,25,29,21,7,576,182,90,90,0.3333333333333333,116
32K549,The Brooklyn School for Social Justice,32,29,3,1,425,47,120,-2,0.3333333333333333,116
26Q315,Business Technology Early College High School,26,29,388,126,1032,289,180,272,0.3247422680412371,150
28Q440,Forest Hills High School,28,29,497,153,7184,2477,702,851,0.30784708249496984,151
28Q680,Queens Gateway to Health Sciences Secondary School,28,29,353,108,1238,384,108,147,0.3059490084985836,152
02M420,High School for Health Professions and Human Services,2,29,27,8,2991,776,477,590,0.2962962962962963,153
22K405,Midwood High School,22,29,41,12,11658,5495,910,1323,0.2926829268292683,154
02M529,Jacqueline Kennedy Onassis High School,2,29,7,2,534,81,204,-2,0.2857142857142857,155
20K445,New Utrecht High School,20,29,7,2,4568,1443,630,730,0.2857142857142857,155
29Q283,Preparatory Academy for Writers: A College Board School,29,29,103,29,177,47,90,69,0.2815533980582524,157
28Q686,Queens Metropolitan High School,28,29,64,18,2321,931,279,279,0.28125,158
28Q328,High School for Community Leadership,28,29,188,51,671,160,150,231,0.2712765957446808,159
24Q264,Academy of Finance and Enterprise,24,29,31,8,2163,546,124,151,0.25806451612903225,160
02M296,High School of Hospitality Management,2,29,4,1,269,35,135,-2,0.25,161
02M438,International High School at Union Square,2,29,4,1,501,103,68,75,0.25,161
02M542,Manhattan Bridges High School,2,29,4,1,904,224,172,95,0.25,161
06M463,High School for Media and Communications,6,29,4,1,505,61,150,-2,0.25,161
06M467,High School for Law and Public Service,6,29,4,1,643,95,167,84,0.25,161
07X548,Careers in Sports High School,7,29,4,1,1056,226,125,202,0.25,161
10X440,DeWitt Clinton High School,10,29,4,1,2901,586,385,492,0.25,161
11X249,Bronx Health Sciences High School,11,29,4,1,1270,225,200,261,0.25,161
11X270,Academy for Scholarship and Entrepreneurship: A College Board School,11,29,4,1,775,148,120,-2,0.25,161
15K462,John Jay School for Law,15,29,12,3,1012,184,125,-2,0.25,161
17K547,Brooklyn Academy of Science and the Environment,17,29,4,1,373,53,108,-2,0.25,161
17K751,Academy for Health Careers,17,29,8,2,715,72,108,-2,0.25,161
19K683,School for Classics High School,19,29,4,1,229,54,108,-2,0.25,161
23K697,Teachers Preparatory High School,23,29,4,1,187,35,90,-2,0.25,161
25Q285,World Journalism Preparatory: A College Board School,25,29,24,6,448,162,90,139,0.25,161
31R445,Port Richmond High School,31,29,4,1,1267,334,564,435,0.25,161
32K403,Academy for Excellence in Leadership,32,29,4,1,653,76,108,-2,0.25,161
27Q314,Epic High School - South,27,29,38,9,618,154,95,138,0.23684210526315788,178
29Q326,Cambria Heights Academy,29,29,387,91,581,113,81,103,0.2351421188630491,179
26Q435,Martin Van Buren High School,26,29,531,123,1084,217,352,273,0.23163841807909605,180
02M374,Gramercy Arts High School,2,29,9,2,1038,129,204,78,0.2222222222222222,181
19K502,FDNY - Captain Vernon A. Richard High School for Fire and Life Safety,19,29,9,2,745,141,108,125,0.2222222222222222,181
19K615,Transit Tech Career and Technical Education High School,19,29,36,8,1168,225,315,-2,0.2222222222222222,181
24Q585,Maspeth High School,24,29,132,29,5045,1953,270,348,0.2196969696969697,184
28Q350,Jamaica Gateway to the Sciences,28,29,340,73,1005,210,150,184,0.21470588235294116,185
24Q600,Queens Technical High School,24,29,168,36,3942,1196,350,423,0.21428571428571427,186
29Q243,Institute for Health Professions at Cambria Heights,29,29,238,50,416,79,108,132,0.21008403361344538,187
27Q400,August Martin High School,27,29,296,62,960,177,250,218,0.20945945945945946,188
01M515,Lower East Side Preparatory High School,1,29,5,1,317,89,75,-2,0.2,189
03M494,High School of Arts and Technology,3,29,5,1,1037,132,140,-2,0.2,189
07X223,The Laboratory School of Finance and Technology: X223,7,29,5,1,980,230,89,93,0.2,189
13K963,Design Works High School,13,29,5,1,607,86,81,-2,0.2,189
14K558,Williamsburg High School for Architecture and Design,14,29,10,2,1223,253,155,212,0.2,189
24Q455,Newtown High School,24,29,70,14,1328,243,419,346,0.2,189
28Q690,High School for Law Enforcement and Public Safety,28,29,100,20,396,91,165,109,0.2,189
30Q575,Academy of American Studies,30,29,35,7,2727,819,170,224,0.2,189
29Q498,"Health, Arts, Robotics, and Technology High School",29,29,531,105,1435,293,196,264,0.1977401129943503,197
25Q425,John Bowne High School,25,29,437,86,3116,720,783,809,0.19679633867276888,198
25Q252,"Queens School of Inquiry, The",25,29,31,6,508,161,89,107,0.1935483870967742,199
29Q313,Benjamin Franklin High School for Finance & Information Technology,29,29,353,66,735,122,108,-2,0.18696883852691218,200
27Q308,Robert H. Goddard High School of Communication Arts and Technology,27,29,51,9,1222,468,140,181,0.17647058823529413,201
29Q492,"Mathematics, Science Research and Technology Magnet High School",29,29,302,53,782,146,150,-2,0.17549668874172186,202
28Q505,Hillcrest High School,28,29,655,114,2316,496,730,517,0.17404580152671756,203
02M546,Academy for Software Engineering,2,29,23,4,1992,388,125,201,0.17391304347826086,204
29Q272,George Washington Carver High School for the Sciences,29,29,236,41,590,92,93,-2,0.17372881355932204,205
02M047,47 The American Sign Language and English Secondary School,2,29,6,1,318,55,69,-2,0.16666666666666666,206
02M507,Urban Assembly Gateway School for Technology,2,29,6,1,1299,278,108,146,0.16666666666666666,206
08X367,"Archimedes Academy for Math, Science and Technology Applications",8,29,6,1,427,75,100,-2,0.16666666666666666,206
13K350,Urban Assembly School of Music and Art,13,29,6,1,494,52,108,-2,0.16666666666666666,206
15K519,Cobble Hill School of American Studies,15,29,6,1,481,62,278,-2,0.16666666666666666,206
19K583,Multicultural High School,19,29,6,1,320,88,111,64,0.16666666666666666,206
21K468,Kingsborough Early College School,21,29,6,1,1229,429,110,122,0.16666666666666666,206
21K620,William E. Grady Career and Technical Education High School,21,29,6,1,970,205,305,214,0.16666666666666666,206
29Q265,Excelsior Preparatory High School,29,29,192,32,353,58,108,95,0.16666666666666666,206
28Q325,Hillside Arts & Letters Academy,28,29,176,29,520,82,108,133,0.16477272727272727,215
27Q475,Richmond Hill High School,27,29,74,12,1397,386,371,423,0.16216216216216217,216
04M435,Manhattan Center for Science and Mathematics,4,29,31,5,5010,1993,440,709,0.16129032258064516,217
25Q460,Flushing High School,25,29,156,25,1592,289,419,419,0.16025641025641027,218
25Q670,Robert F. Kennedy Community High School,25,29,130,20,1012,254,150,223,0.15384615384615385,219
27Q309,Academy of Medical Technology: A College Board School,27,29,48,7,626,120,105,109,0.14583333333333334,220
02M615,Chelsea Career and Technical Education High School,2,29,7,1,821,118,152,-2,0.14285714285714285,221
07X600,Alfred E. Smith Career and Technical Education High School,7,29,7,1,1126,227,189,193,0.14285714285714285,221
14K454,The Williamsburg High School of Art and Technology,14,29,7,1,893,129,116,120,0.14285714285714285,221
14K488,Brooklyn Preparatory High School,14,29,7,1,1061,174,153,-2,0.14285714285714285,221
17K543,"Science, Technology and Research Early College High School at Erasmus",17,29,7,1,790,197,130,145,0.14285714285714285,221
17K548,Brooklyn School for Music & Theatre,17,29,7,1,522,74,108,-2,0.14285714285714285,221
18K629,Cultural Academy for the Arts and Sciences,18,29,7,1,567,70,116,80,0.14285714285714285,221
19K659,Cypress Hills Collegiate Preparatory School,19,29,7,1,581,86,99,-2,0.14285714285714285,221
19K660,W. H. Maxwell Career and Technical Education High School,19,29,14,2,991,185,305,164,0.14285714285714285,221
19K764,The Urban Assembly School for Collaborative Healthcare,19,29,7,1,419,71,81,-2,0.14285714285714285,221
22K425,James Madison High School,22,29,7,1,6968,2801,837,940,0.14285714285714285,221
30Q301,Academy for Careers in Television and Film,30,29,21,3,1410,330,151,200,0.14285714285714285,221
32K554,All City Leadership Secondary School,32,29,7,1,911,247,62,62,0.14285714285714285,221
27Q480,John Adams High School,27,29,348,46,2490,480,636,644,0.13218390804597702,234
29Q248,Queens Preparatory Academy,29,29,144,19,383,62,100,-2,0.13194444444444445,235
30Q445,William Cullen Bryant High School,30,29,47,6,1681,297,435,349,0.1276595744680851,236
02M288,Food and Finance High School,2,29,16,2,1225,264,150,211,0.125,237
02M376,NYC iSchool,2,29,8,1,2459,931,118,158,0.125,237
17K745,Brooklyn Institute for Liberal Arts,17,29,8,1,761,109,175,158,0.125,237
19K639,Brooklyn Lab School,19,29,16,2,980,152,102,143,0.125,237
24Q293,Civic Leadership Academy,24,29,8,1,1157,291,142,191,0.125,237
24Q550,High School for Arts and Business,24,29,81,10,2257,552,191,255,0.12345679012345678,242
28Q310,Queens Collegiate: A College Board School,28,29,99,12,453,67,115,77,0.12121212121212122,243
21K540,John Dewey High School,21,29,9,1,2573,622,553,577,0.1111111111111111,244
23K644,Eagle Academy for Young Men II,23,29,9,1,554,179,92,139,0.1111111111111111,244
13K670,Benjamin Banneker Academy,13,29,19,2,1912,451,225,318,0.10526315789473684,246
02M392,Manhattan Business Academy,2,29,10,1,1321,191,161,-2,0.1,247
18K637,Academy for Conservation and the Environment,18,29,10,1,727,92,170,217,0.1,247
19K404,Academy for Young Writers,19,29,10,1,559,71,92,82,0.1,247
27Q302,"Queens High School for Information, Research, and Technology",27,29,62,6,671,160,130,177,0.0967741935483871,250
03M415,Wadleigh Secondary School for the Performing & Visual Arts,3,29,11,1,826,130,128,-2,0.09090909090909091,251
30Q502,Information Technology High School,30,29,11,1,944,190,227,-2,0.09090909090909091,251
14K478,"The High School for Enterprise, Business and Technology",14,29,23,2,1197,144,249,130,0.08695652173913043,253
13K605,George Westinghouse Career and Technical Education High School,13,29,12,1,1254,203,254,194,0.08333333333333333,254
17K122,Pathways in Technology Early College High School (P-Tech),17,29,12,1,712,114,150,-2,0.08333333333333333,254
17K537,High School for Youth and Community Development at Erasmus,17,29,12,1,488,82,140,-2,0.08333333333333333,254
27Q262,Channel View School for Research,27,29,12,1,755,267,194,212,0.08333333333333333,254
30Q286,"Young Women's Leadership School, Astoria",30,29,12,1,453,156,81,103,0.08333333333333333,254
30Q367,Motion Picture Tech High School,30,29,13,1,538,133,200,-2,0.07692307692307693,259
17K408,Academy of Hospitality and Tourism,17,29,14,1,571,89,118,-2,0.07142857142857142,260
13K419,"Science Skills Center High School for Science, Technology and the Creative Arts",13,29,15,1,909,111,258,143,0.06666666666666667,261
24Q560,"Robert F. Wagner, Jr. Secondary School for Arts and Technology",24,29,15,1,1368,247,120,161,0.06666666666666667,261
25Q240,Veritas Academy,25,29,15,1,526,96,130,-2,0.06666666666666667,261
03M492,"High School for Law, Advocacy and Community Justice",3,29,16,1,920,170,220,-2,0.0625,264
06M540,A. Philip Randolph Campus High School,6,29,16,1,2050,408,471,379,0.0625,264
24Q236,International High School for Health Sciences,24,29,16,1,485,112,81,68,0.0625,264
25Q241,Queens High School for Language Studies,25,29,16,1,371,90,125,76,0.0625,264
30Q258,Energy Tech High School,30,29,16,1,1535,348,108,145,0.0625,264
18K633,High School for Medical Professions,18,29,17,1,666,99,108,116,0.058823529411764705,269
13K674,"City Polytechnic High School of Engineering, Architecture, and Technology",13,29,18,1,1239,274,108,160,0.05555555555555555,270
25Q281,East-West School of International Studies,25,29,18,1,766,290,89,113,0.05555555555555555,270
13K595,Bedford Academy High School,13,29,20,1,2464,599,81,114,0.05,272
19K507,Performing Arts and Technology High School,19,29,25,1,1103,157,125,163,0.04,273
19K618,Academy of Innovative Technology,19,29,28,1,1048,183,115,169,0.03571428571428571,274
24Q485,Grover Cleveland High School,24,29,35,1,1552,359,420,437,0.02857142857142857,275
27Q334,Epic High School - North,27,29,37,1,735,169,70,91,0.02702702702702703,276
30Q450,Long Island City High School,30,29,49,1,1827,403,790,432,0.02040816326530612,277
27Q260,Frederick Douglass Academy VI High School,27,29,51,1,482,71,121,-2,0.0196078431372549,278
02M422,Quest to Learn,2,30,1,1,177,27,108,41,1.0,298
02M437,Hudson High School of Learning Technologies,2,30,1,1,353,48,119,-2,1.0,298
02M586,Harvey Milk High School,2,30,1,1,40,3,45,-1,1.0,298
02M655,The High School for Climate Justice,2,30,3,3,298,60,152,105,1.0,1
04M372,Esperanza Preparatory Academy,4,30,1,1,322,114,106,120,1.0,298
05M369,Urban Assembly School for the Performing Arts,5,30,1,1,372,52,108,-2,1.0,298
05M670,Thurgood Marshall Academy for Learning and Social Change,5,30,1,1,340,71,108,-2,1.0,298
06M462,The College Academy,6,30,2,2,814,121,121,129,1.0,1
06M463,High School for Media and Communications,6,30,1,1,505,61,150,-2,1.0,298
06M552,Gregorio Luperon High School for Science and Mathematics,6,30,1,1,573,165,150,45,1.0,298
07X334,International Community High School,7,30,1,1,210,40,81,23,1.0,298
07X527,Bronx Leadership Academy II High School,7,30,1,1,911,103,131,-2,1.0,298
08X269,Bronx Studio School for Writers and Artists,8,30,1,1,481,130,90,113,1.0,298
08X558,Westchester Square Academy,8,30,1,1,788,106,135,114,1.0,298
09X231,Eagle Academy for Young Men,9,30,1,1,455,163,80,130,1.0,298
09X252,Mott Hall Bronx High School,9,30,1,1,1138,141,90,130,1.0,298
09X324,Bronx Early College Academy for Teaching & Learning,9,30,1,1,549,93,81,133,1.0,298
09X413,Bronx High School for Medical Science,9,30,1,1,1104,178,90,170,1.0,298
09X517,Frederick Douglass Academy III Secondary School,9,30,1,1,404,35,108,-2,1.0,298
09X564,Claremont International HS,9,30,1,1,412,50,81,25,1.0,298
10X228,Jonas Bronck Academy,10,30,1,1,372,91,90,-2,1.0,298
10X237,"The Marie Curie High School for Medicine, Nursing, and Health Professions",10,30,1,1,334,46,135,-2,1.0,298
10X264,Bronx Academy for Software Engineering (BASE),10,30,1,1,1199,175,120,165,1.0,298
10X477,Marble Hill High School for International Studies,10,30,1,1,810,158,108,139,1.0,298
10X524,Crotona International High School,10,30,1,1,309,47,81,19,1.0,298
10X546,Bronx Theatre High School,10,30,1,1,414,45,128,-2,1.0,298
11X265,Bronx Lab School,11,30,2,2,381,47,123,-2,1.0,1
11X288,Collegiate Institute for Math and Science,11,30,1,1,1764,317,133,200,1.0,298
11X418,Bronx High School for the Visual Arts,11,30,1,1,951,168,102,136,1.0,298
11X513,New World High School,11,30,2,2,625,129,108,69,1.0,1
11X514,The Bronxwood Preparatory Academy,11,30,1,1,668,93,120,150,1.0,298
12X242,Mott Hall V,12,30,1,1,1001,282,81,91,1.0,298
12X248,"Metropolitan High School, The",12,30,1,1,228,33,151,-2,1.0,298
12X267,Bronx Latin,12,30,1,1,841,149,81,113,1.0,298
12X446,Arturo A. Schomburg Satellite Academy Bronx,12,30,1,1,222,33,40,24,1.0,298
12X511,Bronx Envision Academy,12,30,1,1,459,44,108,-2,1.0,298
12X684,Wings Academy,12,30,1,1,370,63,150,86,1.0,298
14K614,Young Women's Leadership School of Brooklyn,14,30,1,1,251,47,93,59,1.0,298
15K448,Brooklyn Collaborative Studies,15,30,1,1,693,99,90,110,1.0,298
15K464,Park Slope Collegiate,15,30,1,1,613,115,102,130,1.0,298
16K688,The Brooklyn Academy of Global Finance,16,30,1,1,469,56,108,-2,1.0,298
17K524,International High School at Prospect Heights,17,30,1,1,338,61,108,45,1.0,298
18K637,Academy for Conservation and the Environment,18,30,1,1,727,92,170,217,1.0,298
19K583,Multicultural High School,19,30,1,1,320,88,111,64,1.0,298
19K639,Brooklyn Lab School,19,30,1,1,980,152,102,143,1.0,298
19K764,The Urban Assembly School for Collaborative Healthcare,19,30,1,1,419,71,81,-2,1.0,298
19K953,The East New York Arts and Civics High School,19,30,2,2,169,23,68,-2,1.0,1
20K609,Urban Assembly School for Leadership and Empowerment,20,30,1,1,278,74,100,132,1.0,298
21K337,International High School at Lafayette,21,30,1,1,327,76,90,35,1.0,298
21K344,Rachel Carson High School for Coastal Studies,21,30,1,1,469,162,160,200,1.0,298
21K559,Life Academy High School for Film and Music,21,30,1,1,145,21,81,49,1.0,298
22K425,James Madison High School,22,30,2,2,6968,2801,837,940,1.0,1
23K493,Brooklyn Collegiate: A College Board School,23,30,1,1,727,113,120,-2,1.0,298
23K514,Frederick Douglass Academy VII High School,23,30,1,1,532,76,108,85,1.0,298
27Q308,Robert H. Goddard High School of Communication Arts and Technology,27,30,1,1,1222,468,140,181,1.0,298
29Q259,Pathways College Preparatory School: A College Board School,29,30,1,1,440,145,186,167,1.0,298
31R047,CSI High School for International Studies,31,30,1,1,1755,879,127,182,1.0,298
31R445,Port Richmond High School,31,30,1,1,1267,334,564,435,1.0,298
31R600,Ralph R. McKee Career and Technical Education High School,31,30,1,1,620,198,316,180,1.0,298
25Q525,Townsend Harris High School,25,30,519,386,6780,4957,290,374,0.74373795761079,7
08X636,Virtual Innovators Academy,8,30,3,2,113,31,80,-2,0.6666666666666666,8
17K590,Medgar Evers College Preparatory School,17,30,3,2,2078,676,220,237,0.6666666666666666,8
24Q299,Bard High School Early College Queens,24,30,711,445,3866,2227,125,166,0.6258790436005626,10
03M479,Beacon High School,3,30,426,262,7891,4442,360,493,0.6150234741784038,11
01M696,Bard High School Early College,1,30,222,134,3946,2196,125,198,0.6036036036036037,12
30Q580,Baccalaureate School for Global Education,30,30,578,332,1732,937,97,94,0.5743944636678201,13
01M539,"New Explorations into Science, Technology and Math High School",1,30,201,112,3743,2047,150,289,0.5572139303482587,14
03M541,Manhattan / Hunter Science High School,3,30,344,191,5406,2689,108,176,0.5552325581395349,15
30Q501,Frank Sinatra School of the Arts High School,30,30,481,257,3557,1643,236,416,0.5343035343035343,16
01M458,Forsyth Satellite Academy,1,30,2,1,60,12,28,-2,0.5,17
02M520,Murry Bergtraum High School for Business Careers,2,30,2,1,222,38,240,-2,0.5,17
02M550,Liberty High School Academy for Newcomers,2,30,2,1,99,16,50,6,0.5,17
03M860,Frederick Douglass Academy II Secondary School,3,30,2,1,309,55,95,105,0.5,17
04M680,"Heritage School, The",4,30,2,1,482,60,80,-2,0.5,17
05M499,Frederick Douglass Academy,5,30,2,1,903,195,325,214,0.5,17
06M346,Community Health Academy of the Heights,6,30,2,1,586,143,75,93,0.5,17
07X259,"H.E.R.O. High (Health, Education, and Research Occupations High School)",7,30,2,1,862,174,250,182,0.5,17
07X522,Bronx Design and Construction Academy,7,30,2,1,677,112,140,91,0.5,17
07X600,Alfred E. Smith Career and Technical Education High School,7,30,2,1,1126,227,189,193,0.5,17
07X670,Health Opportunities High School,7,30,2,1,477,47,75,-2,0.5,17
08X293,Renaissance High School for Musical Theater and the Arts,8,30,2,1,660,115,110,-2,0.5,17
08X312,Millennium Art Academy,8,30,2,1,625,136,112,117,0.5,17
08X452,Gotham Collaborative High School,8,30,2,1,343,51,120,-2,0.5,17
09X297,Morris Academy for Collaborative Studies,9,30,2,1,568,80,123,-2,0.5,17
09X404,School for Excellence,9,30,2,1,134,13,116,-2,0.5,17
09X412,Bronx High School of Business,9,30,2,1,765,66,120,-2,0.5,17
10X225,Theatre Arts Production Company School,10,30,2,1,633,88,170,-2,0.5,17
10X243,West Bronx Academy for the Future,10,30,2,1,917,136,90,109,0.5,17
10X284,Bronx School of Law and Finance,10,30,2,1,558,58,130,-2,0.5,17
10X438,Fordham Leadership Academy,10,30,2,1,2416,416,108,155,0.5,17
10X439,Bronx High School for Law and Community Service,10,30,2,1,1467,220,108,163,0.5,17
10X440,DeWitt Clinton High School,10,30,2,1,2901,586,385,492,0.5,17
11X249,Bronx Health Sciences High School,11,30,2,1,1270,225,200,261,0.5,17
11X508,Bronxdale High School,11,30,2,1,1828,267,129,190,0.5,17
12X251,Explorations Academy H.S.,12,30,2,1,476,39,117,-2,0.5,17
13K265,Dr. Susan S. McKinney Secondary School of the Arts,13,30,2,1,362,54,82,-2,0.5,17
13K412,Brooklyn Community Arts & Media High School (BCAM),13,30,2,1,702,113,142,-2,0.5,17
13K439,Brooklyn International High School,13,30,2,1,409,71,81,53,0.5,17
13K527,Urban Assembly Institute of Math and Science for Young Women,13,30,2,1,237,54,81,60,0.5,17
13K594,Gotham Professional Arts Academy,13,30,2,1,364,61,81,-2,0.5,17
15K429,Digital Arts and Cinema Technology High School,15,30,2,1,579,105,90,94,0.5,17
15K497,The Boerum Hill School for International Studies,15,30,2,1,801,155,125,-2,0.5,17
16K765,Nelson Mandela High School,16,30,2,1,250,25,114,-2,0.5,17
17K543,"Science, Technology and Research Early College High School at Erasmus",17,30,2,1,790,197,130,145,0.5,17
17K546,High School for Public Service: Heroes of Tomorrow,17,30,2,1,656,69,130,-2,0.5,17
17K600,Clara Barton High School,17,30,2,1,1276,355,434,-2,0.5,17
18K566,Brooklyn Community High School for Excellence and Equity,18,30,2,1,448,61,75,-2,0.5,17
19K404,Academy for Young Writers,19,30,2,1,559,71,92,82,0.5,17
20K490,Fort Hamilton High School,20,30,2,1,4983,1995,883,903,0.5,17
21K348,High School of Sports Management,21,30,2,1,386,75,176,-2,0.5,17
21K468,Kingsborough Early College School,21,30,2,1,1229,429,110,122,0.5,17
21K525,Edward R. Murrow High School,21,30,2,1,6293,2283,933,1196,0.5,17
21K620,William E. Grady Career and Technical Education High School,21,30,2,1,970,205,305,214,0.5,17
21K690,Brooklyn Studio Secondary School,21,30,2,1,844,281,102,133,0.5,17
25Q285,World Journalism Preparatory: A College Board School,25,30,2,1,448,162,90,139,0.5,17
27Q262,Channel View School for Research,27,30,2,1,755,267,194,212,0.5,17
27Q334,Epic High School - North,27,30,2,1,735,169,70,91,0.5,17
28Q310,Queens Collegiate: A College Board School,28,30,2,1,453,67,115,77,0.5,17
28Q325,Hillside Arts & Letters Academy,28,30,2,1,520,82,108,133,0.5,17
29Q326,Cambria Heights Academy,29,30,2,1,581,113,81,103,0.5,17
29Q327,Eagle Academy for Young Men III,29,30,2,1,324,112,120,-2,0.5,17
31R064,Gaynor McCown Expeditionary Learning School,31,30,2,1,777,364,146,171,0.5,17
31R450,Curtis High School,31,30,2,1,1967,690,804,754,0.5,17
32K545,EBC High School for Public Service - Bushwick,32,30,2,1,467,75,126,-2,0.5,17
32K549,The Brooklyn School for Social Justice,32,30,2,1,425,47,120,-2,0.5,17
32K556,Bushwick Leaders High School for Academic Excellence,32,30,2,1,768,125,120,-2,0.5,17
15K684,Millennium Brooklyn HS,15,30,30,14,5385,2365,178,252,0.4666666666666667,74
24Q530,International High School at LaGuardia Community College,24,30,299,138,1236,505,119,114,0.46153846153846156,75
02M630,Art and Design High School,2,30,247,111,3594,1359,385,523,0.4493927125506073,76
02M416,Eleanor Roosevelt High School,2,30,615,275,7699,3749,136,224,0.44715447154471544,77
05M148,Eagle Academy for Young Men of Harlem,5,30,9,4,257,46,120,88,0.4444444444444444,78
17K408,Academy of Hospitality and Tourism,17,30,7,3,571,89,118,-2,0.42857142857142855,79
12X641,Bard High School Early College Bronx,12,30,17,7,1391,613,100,106,0.4117647058823529,80
30Q286,"Young Women's Leadership School, Astoria",30,30,242,96,453,156,81,103,0.39669421487603307,81
02M418,Millennium High School,2,30,171,67,5541,2290,176,286,0.391812865497076,82
24Q610,Aviation Career & Technical Education High School,24,30,1056,407,4123,1548,530,723,0.3854166666666667,83
05M362,Columbia Secondary School,5,30,186,70,4258,1769,112,175,0.3763440860215054,84
02M411,Baruch College Campus High School,2,30,414,153,6773,2753,118,188,0.3695652173913043,85
02M260,The Clinton School,2,30,68,24,2837,1151,134,221,0.35294117647058826,86
02M376,NYC iSchool,2,30,69,24,2459,931,118,158,0.34782608695652173,87
03M859,Special Music School,3,30,26,9,482,165,50,64,0.34615384615384615,88
04M555,Central Park East High School,4,30,149,50,4762,1538,125,215,0.33557046979865773,89
30Q575,Academy of American Studies,30,30,1171,392,2727,819,170,224,0.33475661827497866,90
02M394,Emma Lazarus High School,2,30,3,1,134,19,60,-1,0.3333333333333333,91
02M395,A School Without Walls,2,30,3,1,178,36,100,-2,0.3333333333333333,91
06M211,Inwood Early College for Health and Information Technologies,6,30,3,1,745,156,111,-2,0.3333333333333333,91
07X221,South Bronx Preparatory: A College Board School,7,30,3,1,782,161,123,148,0.3333333333333333,91
08X320,Pelham Lab High School,8,30,3,1,514,49,108,-2,0.3333333333333333,91
09X260,Bronx Center for Science and Mathematics,9,30,9,3,2530,621,108,201,0.3333333333333333,91
09X365,Academy for Language and Technology,9,30,3,1,773,224,92,89,0.3333333333333333,91
09X403,Bronx International High School,9,30,3,1,537,54,135,12,0.3333333333333333,91
09X505,"Bronx School for Law, Government and Justice",9,30,3,1,1132,259,120,154,0.3333333333333333,91
10X351,Bronx Collaborative High School,10,30,3,1,582,47,150,-2,0.3333333333333333,91
10X374,Knowledge and Power Preparatory Academy International High School (Kappa),10,30,3,1,2279,431,120,179,0.3333333333333333,91
10X434,Belmont Preparatory High School,10,30,3,1,1447,203,108,176,0.3333333333333333,91
10X442,"Celia Cruz Bronx High School of Music, The",10,30,3,1,561,165,140,114,0.3333333333333333,91
11X275,High School of Computers and Technology,11,30,3,1,715,115,181,156,0.3333333333333333,91
11X299,Astor Collegiate Academy,11,30,3,1,2199,342,120,189,0.3333333333333333,91
11X455,Harry S Truman High School,11,30,3,1,1891,390,913,-2,0.3333333333333333,91
11X545,Bronx Aerospace High School,11,30,3,1,751,109,189,-2,0.3333333333333333,91
13K350,Urban Assembly School of Music and Art,13,30,3,1,494,52,108,-2,0.3333333333333333,91
14K474,PROGRESS High School for Professional Careers,14,30,3,1,506,81,153,-2,0.3333333333333333,91
19K510,World Academy for Total Community Health High School,19,30,3,1,417,29,98,-2,0.3333333333333333,91
20K445,New Utrecht High School,20,30,6,2,4568,1443,630,730,0.3333333333333333,91
20K485,High School of Telecommunication Arts and Technology,20,30,3,1,2973,1210,310,363,0.3333333333333333,91
23K644,Eagle Academy for Young Men II,23,30,3,1,554,179,92,139,0.3333333333333333,91
27Q314,Epic High School - South,27,30,3,1,618,154,95,138,0.3333333333333333,91
28Q350,Jamaica Gateway to the Sciences,28,30,3,1,1005,210,150,184,0.3333333333333333,91
29Q283,Preparatory Academy for Writers: A College Board School,29,30,3,1,177,47,90,69,0.3333333333333333,91
31R440,New Dorp High School,31,30,3,1,2806,1011,668,887,0.3333333333333333,91
31R460,Susan E. Wagner High School,31,30,3,1,2611,968,660,631,0.3333333333333333,91
32K403,Academy for Excellence in Leadership,32,30,3,1,653,76,108,-2,0.3333333333333333,91
26Q430,Francis Lewis High School,26,30,268,88,8708,3905,913,1030,0.3283582089552239,120
30Q555,Newcomers High School,30,30,180,59,559,166,81,107,0.3277777777777778,121
24Q600,Queens Technical High School,24,30,1113,360,3942,1196,350,423,0.32345013477088946,122
04M435,Manhattan Center for Science and Mathematics,4,30,262,84,5010,1993,440,709,0.32061068702290074,123
02M600,The High School of Fashion Industries,2,30,110,35,2046,720,475,395,0.3181818181818182,124
02M412,N.Y.C. Lab School for Collaborative Studies,2,30,95,29,3134,1067,109,161,0.30526315789473685,125
02M545,High School for Dual Language and Asian Studies,2,30,23,7,769,299,108,150,0.30434782608695654,126
02M407,Institute for Collaborative Education,2,30,30,9,836,263,61,73,0.3,127
28Q440,Forest Hills High School,28,30,613,183,7184,2477,702,851,0.29853181076672103,128
13K595,Bedford Academy High School,13,30,7,2,2464,599,81,114,0.2857142857142857,129
24Q585,Maspeth High School,24,30,574,161,5045,1953,270,348,0.2804878048780488,130
29Q498,"Health, Arts, Robotics, and Technology High School",29,30,47,13,1435,293,196,264,0.2765957446808511,131
24Q296,Pan American International High School,24,30,58,16,508,166,108,28,0.27586206896551724,132
26Q495,Bayside High School,26,30,243,67,6914,2765,851,1041,0.2757201646090535,133
02M529,Jacqueline Kennedy Onassis High School,2,30,51,14,534,81,204,-2,0.27450980392156865,134
02M531,Repertory Company High School for Theatre Arts,2,30,22,6,365,100,60,68,0.2727272727272727,135
02M413,School of the Future High School,2,30,70,19,1741,485,108,152,0.2714285714285714,136
02M420,High School for Health Professions and Human Services,2,30,214,58,2991,776,477,590,0.27102803738317754,137
02M519,Talent Unlimited High School,2,30,108,29,1599,468,152,213,0.26851851851851855,138
02M288,Food and Finance High School,2,30,97,26,1225,264,150,211,0.26804123711340205,139
25Q263,Flushing International High School,25,30,68,18,576,182,90,90,0.2647058823529412,140
28Q680,Queens Gateway to Health Sciences Secondary School,28,30,23,6,1238,384,108,147,0.2608695652173913,141
24Q264,Academy of Finance and Enterprise,24,30,784,203,2163,546,124,151,0.25892857142857145,142
28Q620,Thomas A. Edison Career and Technical Education High School,28,30,170,43,6131,2355,473,583,0.2529411764705882,143
26Q415,Benjamin N. Cardozo High School,26,30,103,26,4527,1666,684,926,0.2524271844660194,144
01M292,Orchard Collegiate Academy,1,30,4,1,280,71,90,-2,0.25,145
02M408,Professional Performing Arts High School,2,30,72,18,1255,378,128,180,0.25,145
06M293,City College Academy of the Arts,6,30,4,1,1028,337,81,95,0.25,145
06M468,High School for Health Careers and Sciences,6,30,8,2,822,121,268,-2,0.25,145
09X568,Young Women's Leadership School of the Bronx,9,30,4,1,449,109,90,127,0.25,145
10X353,World View High School,10,30,4,1,1343,263,150,195,0.25,145
11X270,Academy for Scholarship and Entrepreneurship: A College Board School,11,30,4,1,775,148,120,-2,0.25,145
17K537,High School for Youth and Community Development at Erasmus,17,30,4,1,488,82,140,-2,0.25,145
19K507,Performing Arts and Technology High School,19,30,4,1,1103,157,125,163,0.25,145
27Q650,"High School for Construction Trades, Engineering and Architecture",27,30,60,15,3028,1209,247,311,0.25,145
24Q520,Middle College High School at LaGuardia Community College,24,30,591,147,1826,552,97,118,0.24873096446700507,155
30Q450,Long Island City High School,30,30,713,174,1827,403,790,432,0.24403927068723702,156
01M450,East Side Community School,1,30,37,9,1142,328,95,117,0.24324324324324326,157
30Q258,Energy Tech High School,30,30,682,164,1535,348,108,145,0.2404692082111437,158
02M449,Vanguard High School,2,30,40,9,701,134,110,158,0.225,159
28Q505,Hillcrest High School,28,30,40,9,2316,496,730,517,0.225,159
01M448,University Neighborhood High School,1,30,49,11,2248,447,125,185,0.22448979591836735,161
02M533,Union Square Academy for Health Sciences,2,30,67,15,834,154,163,143,0.22388059701492538,162
03M403,The Global Learning Collaborative,3,30,9,2,754,90,108,-2,0.2222222222222222,163
24Q236,International High School for Health Sciences,24,30,77,17,485,112,81,68,0.22077922077922077,164
02M393,Business Of Sports School,2,30,55,12,1151,248,129,210,0.21818181818181817,165
22K405,Midwood High School,22,30,14,3,11658,5495,910,1323,0.21428571428571427,166
30Q502,Information Technology High School,30,30,450,95,944,190,227,-2,0.2111111111111111,167
02M374,Gramercy Arts High School,2,30,48,10,1038,129,204,78,0.20833333333333334,168
04M495,Park East High School,4,30,44,9,2653,739,100,166,0.20454545454545456,169
02M459,Manhattan International High School,2,30,64,13,738,151,85,73,0.203125,170
02M139,Stephen T. Mather Building Arts & Craftsmanship High School,2,30,15,3,432,88,108,-2,0.2,171
13K605,George Westinghouse Career and Technical Education High School,13,30,10,2,1254,203,254,194,0.2,171
13K670,Benjamin Banneker Academy,13,30,10,2,1912,451,225,318,0.2,171
17K528,The High School for Global Citizenship,17,30,5,1,524,55,100,63,0.2,171
18K617,High School for Innovation in Advertising and Media,18,30,5,1,522,101,81,91,0.2,171
02M414,N.Y.C. Museum School,2,30,96,19,3022,865,150,254,0.19791666666666666,176
30Q367,Motion Picture Tech High School,30,30,233,45,538,133,200,-2,0.19313304721030042,177
03M492,"High School for Law, Advocacy and Community Justice",3,30,53,10,920,170,220,-2,0.18867924528301888,178
24Q560,"Robert F. Wagner, Jr. Secondary School for Arts and Technology",24,30,567,106,1368,247,120,161,0.18694885361552027,179
30Q301,Academy for Careers in Television and Film,30,30,432,79,1410,330,151,200,0.18287037037037038,180
02M432,Murray Hill Academy,2,30,33,6,558,76,90,-2,0.18181818181818182,181
14K610,A-Tech High School,14,30,66,12,1273,264,224,243,0.18181818181818182,181
02M439,Manhattan Village Academy,2,30,105,19,3002,860,100,201,0.18095238095238095,183
02M489,High School of Economics and Finance,2,30,34,6,1374,223,230,-2,0.17647058823529413,184
02M296,High School of Hospitality Management,2,30,40,7,269,35,135,-2,0.175,185
24Q293,Civic Leadership Academy,24,30,171,29,1157,291,142,191,0.1695906432748538,186
02M316,"Urban Assembly School of Business for Young Women, the",2,30,6,1,165,17,120,-2,0.16666666666666666,187
02M542,Manhattan Bridges High School,2,30,54,9,904,224,172,95,0.16666666666666666,187
03M402,The Urban Assembly School for Green Careers,3,30,6,1,494,39,120,45,0.16666666666666666,187
03M610,Young Women's Leadership School,3,30,6,1,370,113,81,-2,0.16666666666666666,187
08X367,"Archimedes Academy for Math, Science and Technology Applications",8,30,6,1,427,75,100,-2,0.16666666666666666,187
10X437,Fordham High School for the Arts,10,30,6,1,1826,399,130,158,0.16666666666666666,187
12X388,Pan American International High School at Monroe,12,30,6,1,310,71,108,43,0.16666666666666666,187
13K483,The Urban Assembly School for Law and Justice,13,30,6,1,593,105,115,-2,0.16666666666666666,187
15K519,Cobble Hill School of American Studies,15,30,6,1,481,62,278,-2,0.16666666666666666,187
21K540,John Dewey High School,21,30,6,1,2573,622,553,577,0.16666666666666666,187
22K555,Brooklyn College Academy,22,30,6,1,2698,911,170,228,0.16666666666666666,187
27Q260,Frederick Douglass Academy VI High School,27,30,6,1,482,71,121,-2,0.16666666666666666,187
29Q265,Excelsior Preparatory High School,29,30,6,1,353,58,108,95,0.16666666666666666,187
02M294,Essex Street Academy,2,30,56,9,2478,562,90,125,0.16071428571428573,200
25Q425,John Bowne High School,25,30,150,24,3116,720,783,809,0.16,201
02M580,Richard R. Green High School of Teaching,2,30,44,7,1291,154,160,-2,0.1590909090909091,202
02M282,Urban Assembly Maker Academy,2,30,19,3,1074,175,150,216,0.15789473684210525,203
30Q445,William Cullen Bryant High School,30,30,687,108,1681,297,435,349,0.1572052401746725,204
24Q267,High School of Applied Communication,24,30,255,40,557,75,145,-2,0.1568627450980392,205
02M392,Manhattan Business Academy,2,30,58,9,1321,191,161,-2,0.15517241379310345,206
02M546,Academy for Software Engineering,2,30,142,22,1992,388,125,201,0.15492957746478872,207
13K674,"City Polytechnic High School of Engineering, Architecture, and Technology",13,30,13,2,1239,274,108,160,0.15384615384615385,208
25Q460,Flushing High School,25,30,119,18,1592,289,419,419,0.15126050420168066,209
15K656,Brooklyn High School of the Arts,15,30,20,3,2104,574,254,272,0.15,210
28Q686,Queens Metropolitan High School,28,30,41,6,2321,931,279,279,0.14634146341463414,211
25Q240,Veritas Academy,25,30,62,9,526,96,130,-2,0.14516129032258066,212
30Q417,Gotham Tech High School,30,30,363,52,631,96,90,-2,0.14325068870523416,213
07X548,Careers in Sports High School,7,30,7,1,1056,226,125,202,0.14285714285714285,214
10X565,High School for Energy and Technology,10,30,7,1,503,51,120,-2,0.14285714285714285,214
13K419,"Science Skills Center High School for Science, Technology and the Creative Arts",13,30,7,1,909,111,258,143,0.14285714285714285,214
16K498,Brooklyn High School for Law and Technology,16,30,21,3,1730,296,151,-2,0.14285714285714285,214
18K629,Cultural Academy for the Arts and Sciences,18,30,7,1,567,70,116,80,0.14285714285714285,214
18K633,High School for Medical Professions,18,30,7,1,666,99,108,116,0.14285714285714285,214
19K618,Academy of Innovative Technology,19,30,7,1,1048,183,115,169,0.14285714285714285,214
19K660,W. H. Maxwell Career and Technical Education High School,19,30,7,1,991,185,305,164,0.14285714285714285,214
24Q485,Grover Cleveland High School,24,30,56,8,1552,359,420,437,0.14285714285714285,214
26Q566,"Queens High School of Teaching, Liberal Arts and the Sciences",26,30,7,1,671,231,258,222,0.14285714285714285,214
27Q323,Scholars' Academy,27,30,7,1,1065,580,154,186,0.14285714285714285,214
29Q243,Institute for Health Professions at Cambria Heights,29,30,7,1,416,79,108,132,0.14285714285714285,214
29Q313,Benjamin Franklin High School for Finance & Information Technology,29,30,14,2,735,122,108,-2,0.14285714285714285,214
02M400,High School for Environmental Studies,2,30,110,15,2558,395,344,385,0.13636363636363635,227
24Q550,High School for Arts and Business,24,30,172,23,2257,552,191,255,0.13372093023255813,228
24Q455,Newtown High School,24,30,177,23,1328,243,419,346,0.12994350282485875,229
02M047,47 The American Sign Language and English Secondary School,2,30,8,1,318,55,69,-2,0.125,230
02M303,"Facing History School, The",2,30,8,1,421,87,107,-2,0.125,230
10X342,International School for Liberal Arts,10,30,8,1,219,81,100,-2,0.125,230
13K963,Design Works High School,13,30,8,1,607,86,81,-2,0.125,230
14K071,Juan Morel Campos Secondary School,14,30,8,1,341,78,101,69,0.125,230
19K502,FDNY - Captain Vernon A. Richard High School for Fire and Life Safety,19,30,8,1,745,141,108,125,0.125,230
02M551,Urban Assembly New York Harbor School,2,30,17,2,724,221,200,-2,0.11764705882352941,236
01M515,Lower East Side Preparatory High School,1,30,9,1,317,89,75,-2,0.1111111111111111,237
06M467,High School for Law and Public Service,6,30,9,1,643,95,167,84,0.1111111111111111,237
07X223,The Laboratory School of Finance and Technology: X223,7,30,9,1,980,230,89,93,0.1111111111111111,237
22K535,Leon M. Goldstein High School for the Sciences,22,30,9,1,3985,2007,258,429,0.1111111111111111,237
27Q309,Academy of Medical Technology: A College Board School,27,30,9,1,626,120,105,109,0.1111111111111111,237
28Q328,High School for Community Leadership,28,30,9,1,671,160,150,231,0.1111111111111111,237
28Q690,High School for Law Enforcement and Public Safety,28,30,9,1,396,91,165,109,0.1111111111111111,237
32K168,The Brooklyn School for Math and Research,32,30,9,1,710,99,108,148,0.1111111111111111,237
32K554,All City Leadership Secondary School,32,30,9,1,911,247,62,62,0.1111111111111111,237
02M534,Harvest Collegiate High School,2,30,19,2,1116,115,116,-2,0.10526315789473684,246
06M540,A. Philip Randolph Campus High School,6,30,19,2,2050,408,471,379,0.10526315789473684,246
02M308,Lower Manhattan Arts Academy,2,30,10,1,524,69,95,-2,0.1,248
14K488,Brooklyn Preparatory High School,14,30,10,1,1061,174,153,-2,0.1,248
14K561,Williamsburg Preparatory School,14,30,10,1,1131,226,180,236,0.1,248
17K382,Academy for College Preparation and Career Exploration: A College Board School,17,30,10,1,837,124,108,-2,0.1,248
27Q475,Richmond Hill High School,27,30,10,1,1397,386,371,423,0.1,248
02M543,New Design High School,2,30,21,2,852,157,125,145,0.09523809523809523,253
14K454,The Williamsburg High School of Art and Technology,14,30,11,1,893,129,116,120,0.09090909090909091,254
14K558,Williamsburg High School for Architecture and Design,14,30,22,2,1223,253,155,212,0.09090909090909091,254
19K615,Transit Tech Career and Technical Education High School,19,30,11,1,1168,225,315,-2,0.09090909090909091,254
28Q284,York Early College Academy,28,30,22,2,1602,580,81,91,0.09090909090909091,254
28Q896,"Young Women's Leadership School, Queens",28,30,11,1,350,99,81,119,0.09090909090909091,254
02M298,Pace High School,2,30,36,3,1172,169,190,177,0.08333333333333333,259
02M425,Leadership and Public Service High School,2,30,12,1,387,36,145,52,0.08333333333333333,259
03M307,"Urban Assembly School for Media Studies, The",3,30,12,1,328,71,126,109,0.08333333333333333,259
07X495,University Heights Secondary School,7,30,12,1,2181,787,140,203,0.08333333333333333,259
02M135,The Urban Assembly Early College High School for Emergency Medicine,2,30,26,2,510,116,122,-2,0.07692307692307693,263
02M419,Landmark High School,2,30,13,1,457,37,100,-2,0.07692307692307693,263
02M605,Humanities Preparatory Academy,2,30,26,2,861,101,75,-2,0.07692307692307693,263
03M291,West End Secondary School,3,30,13,1,1209,392,105,146,0.07692307692307693,263
15K462,John Jay School for Law,15,30,13,1,1012,184,125,-2,0.07692307692307693,263
26Q435,Martin Van Buren High School,26,30,13,1,1084,217,352,273,0.07692307692307693,263
29Q248,Queens Preparatory Academy,29,30,13,1,383,62,100,-2,0.07692307692307693,263
31R080,The Michael J. Petrides School,31,30,65,5,724,274,128,188,0.07692307692307693,263
02M280,Manhattan Early College School for Advertising,2,30,14,1,572,88,112,-2,0.07142857142857142,271
17K751,Academy for Health Careers,17,30,14,1,715,72,108,-2,0.07142857142857142,271
03M415,Wadleigh Secondary School for the Performing & Visual Arts,3,30,15,1,826,130,128,-2,0.06666666666666667,273
03M417,Frank McCourt High School,3,30,15,1,1253,345,120,170,0.06666666666666667,273
14K477,East Williamsburg Scholars Academy,14,30,15,1,650,90,234,-2,0.06666666666666667,273
29Q272,George Washington Carver High School for the Sciences,29,30,15,1,590,92,93,-2,0.06666666666666667,273
27Q400,August Martin High School,27,30,16,1,960,177,250,218,0.0625,277
25Q670,Robert F. Kennedy Community High School,25,30,17,1,1012,254,150,223,0.058823529411764705,278
29Q492,"Mathematics, Science Research and Technology Magnet High School",29,30,17,1,782,146,150,-2,0.058823529411764705,278
32K552,The Academy of Urban Planning and Engineering,32,30,17,1,737,128,113,-2,0.058823529411764705,278
25Q252,"Queens School of Inquiry, The",25,30,18,1,508,161,89,107,0.05555555555555555,281
02M300,"Urban Assembly School of Design and Construction, The",2,30,19,1,346,43,108,-2,0.05263157894736842,282
02M399,The High School For Language And Diplomacy,2,30,19,1,385,36,134,-2,0.05263157894736842,282
02M500,Unity Center for Urban Technologies,2,30,19,1,274,48,95,136,0.05263157894736842,282
02M427,Manhattan Academy For Arts & Language,2,30,21,1,389,72,108,49,0.047619047619047616,285
25Q241,Queens High School for Language Studies,25,30,42,2,371,90,125,76,0.047619047619047616,285
02M305,"Urban Assembly Academy of Government and Law, The",2,30,22,1,573,75,100,-2,0.045454545454545456,287
27Q480,John Adams High School,27,30,22,1,2490,480,636,644,0.045454545454545456,287
02M438,International High School at Union Square,2,30,23,1,501,103,68,75,0.043478260869565216,289
02M615,Chelsea Career and Technical Education High School,2,30,23,1,821,118,152,-2,0.043478260869565216,289
26Q315,Business Technology Early College High School,26,30,24,1,1032,289,180,272,0.041666666666666664,291
25Q281,East-West School of International Studies,25,30,29,1,766,290,89,113,0.034482758620689655,292
28Q167,Metropolitan Expeditionary Learning School,28,30,30,1,1254,467,125,141,0.03333333333333333,293
02M507,Urban Assembly Gateway School for Technology,2,30,31,1,1299,278,108,146,0.03225806451612903,294
03M494,High School of Arts and Technology,3,30,38,1,1037,132,140,-2,0.02631578947368421,295
27Q302,"Queens High School for Information, Research, and Technology",27,30,39,1,671,160,130,177,0.02564102564102564,296
14K478,"The High School for Enterprise, Business and Technology",14,30,44,1,1197,144,249,130,0.022727272727272728,297
01M450,East Side Community School,1,31,1,1,1142,328,95,117,1.0,229
02M135,The Urban Assembly Early College High School for Emergency Medicine,2,31,2,2,510,116,122,-2,1.0,1
02M139,Stephen T. Mather Building Arts & Craftsmanship High School,2,31,2,2,432,88,108,-2,1.0,1
02M288,Food and Finance High School,2,31,2,2,1225,264,150,211,1.0,1
02M300,"Urban Assembly School of Design and Construction, The",2,31,1,1,346,43,108,-2,1.0,229
02M393,Business Of Sports School,2,31,4,4,1151,248,129,210,1.0,1
03M299,The Maxine Greene HS for Imaginative Inquiry,3,31,1,1,77,10,120,-2,1.0,229
03M402,The Urban Assembly School for Green Careers,3,31,1,1,494,39,120,45,1.0,229
03M403,The Global Learning Collaborative,3,31,1,1,754,90,108,-2,1.0,229
03M417,Frank McCourt High School,3,31,2,2,1253,345,120,170,1.0,1
03M860,Frederick Douglass Academy II Secondary School,3,31,1,1,309,55,95,105,1.0,229
04M372,Esperanza Preparatory Academy,4,31,1,1,322,114,106,120,1.0,229
05M148,Eagle Academy for Young Men of Harlem,5,31,1,1,257,46,120,88,1.0,229
05M304,Mott Hall High School,5,31,1,1,455,53,108,-2,1.0,229
06M346,Community Health Academy of the Heights,6,31,1,1,586,143,75,93,1.0,229
06M463,High School for Media and Communications,6,31,1,1,505,61,150,-2,1.0,229
07X625,Bronx Legacy High School,7,31,1,1,690,97,90,-2,1.0,229
07X670,Health Opportunities High School,7,31,1,1,477,47,75,-2,1.0,229
08X293,Renaissance High School for Musical Theater and the Arts,8,31,1,1,660,115,110,-2,1.0,229
08X312,Millennium Art Academy,8,31,1,1,625,136,112,117,1.0,229
08X376,Antonia Pantoja Preparatory Academy: A College Board School,8,31,1,1,308,82,84,104,1.0,229
09X327,Comprehensive Model School Project M.S. 327,9,31,1,1,706,224,90,103,1.0,229
09X505,"Bronx School for Law, Government and Justice",9,31,1,1,1132,259,120,154,1.0,229
10X438,Fordham Leadership Academy,10,31,1,1,2416,416,108,155,1.0,229
11X249,Bronx Health Sciences High School,11,31,1,1,1270,225,200,261,1.0,229
12X251,Explorations Academy H.S.,12,31,1,1,476,39,117,-2,1.0,229
12X271,East Bronx Academy for the Future,12,31,1,1,464,97,90,79,1.0,229
13K963,Design Works High School,13,31,1,1,607,86,81,-2,1.0,229
14K454,The Williamsburg High School of Art and Technology,14,31,1,1,893,129,116,120,1.0,229
14K561,Williamsburg Preparatory School,14,31,1,1,1131,226,180,236,1.0,229
15K464,Park Slope Collegiate,15,31,1,1,613,115,102,130,1.0,229
16K688,The Brooklyn Academy of Global Finance,16,31,1,1,469,56,108,-2,1.0,229
17K548,Brooklyn School for Music & Theatre,17,31,1,1,522,74,108,-2,1.0,229
17K751,Academy for Health Careers,17,31,3,3,715,72,108,-2,1.0,1
18K566,Brooklyn Community High School for Excellence and Equity,18,31,1,1,448,61,75,-2,1.0,229
19K502,FDNY - Captain Vernon A. Richard High School for Fire and Life Safety,19,31,2,2,745,141,108,125,1.0,1
19K683,School for Classics High School,19,31,1,1,229,54,108,-2,1.0,229
24Q520,Middle College High School at LaGuardia Community College,24,31,2,2,1826,552,97,118,1.0,1
25Q285,World Journalism Preparatory: A College Board School,25,31,1,1,448,162,90,139,1.0,229
26Q495,Bayside High School,26,31,1,1,6914,2765,851,1041,1.0,229
27Q302,"Queens High School for Information, Research, and Technology",27,31,1,1,671,160,130,177,1.0,229
27Q400,August Martin High School,27,31,1,1,960,177,250,218,1.0,229
27Q475,Richmond Hill High School,27,31,1,1,1397,386,371,423,1.0,229
28Q328,High School for Community Leadership,28,31,1,1,671,160,150,231,1.0,229
29Q248,Queens Preparatory Academy,29,31,1,1,383,62,100,-2,1.0,229
29Q272,George Washington Carver High School for the Sciences,29,31,1,1,590,92,93,-2,1.0,229
30Q301,Academy for Careers in Television and Film,30,31,3,3,1410,330,151,200,1.0,1
31R080,The Michael J. Petrides School,31,31,90,90,724,274,128,188,1.0,1
32K168,The Brooklyn School for Math and Research,32,31,1,1,710,99,108,148,1.0,229
32K552,The Academy of Urban Planning and Engineering,32,31,1,1,737,128,113,-2,1.0,229
24Q600,Queens Technical High School,24,31,4,3,3942,1196,350,423,0.75,11
29Q313,Benjamin Franklin High School for Finance & Information Technology,29,31,4,3,735,122,108,-2,0.75,11
02M533,Union Square Academy for Health Sciences,2,31,3,2,834,154,163,143,0.6666666666666666,13
03M492,"High School for Law, Advocacy and Community Justice",3,31,3,2,920,170,220,-2,0.6666666666666666,13
04M495,Park East High School,4,31,3,2,2653,739,100,166,0.6666666666666666,13
06M468,High School for Health Careers and Sciences,6,31,3,2,822,121,268,-2,0.6666666666666666,13
13K483,The Urban Assembly School for Law and Justice,13,31,3,2,593,105,115,-2,0.6666666666666666,13
19K615,Transit Tech Career and Technical Education High School,19,31,3,2,1168,225,315,-2,0.6666666666666666,13
27Q323,Scholars' Academy,27,31,3,2,1065,580,154,186,0.6666666666666666,13
27Q480,John Adams High School,27,31,3,2,2490,480,636,644,0.6666666666666666,13
30Q450,Long Island City High School,30,31,3,2,1827,403,790,432,0.6666666666666666,13
30Q575,Academy of American Studies,30,31,3,2,2727,819,170,224,0.6666666666666666,13
03M859,Special Music School,3,31,5,3,482,165,50,64,0.6,23
24Q299,Bard High School Early College Queens,24,31,5,3,3866,2227,125,166,0.6,23
02M600,The High School of Fashion Industries,2,31,19,11,2046,720,475,395,0.5789473684210527,25
25Q525,Townsend Harris High School,25,31,7,4,6780,4957,290,374,0.5714285714285714,26
01M696,Bard High School Early College,1,31,27,15,3946,2196,125,198,0.5555555555555556,27
05M362,Columbia Secondary School,5,31,9,5,4258,1769,112,175,0.5555555555555556,27
31R455,Tottenville High School,31,31,3178,1597,3274,1627,1158,1357,0.5025173064820642,29
01M292,Orchard Collegiate Academy,1,31,2,1,280,71,90,-2,0.5,30
02M303,"Facing History School, The",2,31,4,2,421,87,107,-2,0.5,30
02M399,The High School For Language And Diplomacy,2,31,2,1,385,36,134,-2,0.5,30
02M407,Institute for Collaborative Education,2,31,2,1,836,263,61,73,0.5,30
02M605,Humanities Preparatory Academy,2,31,4,2,861,101,75,-2,0.5,30
03M307,"Urban Assembly School for Media Studies, The",3,31,2,1,328,71,126,109,0.5,30
03M541,Manhattan / Hunter Science High School,3,31,28,14,5406,2689,108,176,0.5,30
06M211,Inwood Early College for Health and Information Technologies,6,31,2,1,745,156,111,-2,0.5,30
06M540,A. Philip Randolph Campus High School,6,31,2,1,2050,408,471,379,0.5,30
07X548,Careers in Sports High School,7,31,2,1,1056,226,125,202,0.5,30
07X600,Alfred E. Smith Career and Technical Education High School,7,31,2,1,1126,227,189,193,0.5,30
08X405,Herbert H. Lehman High School,8,31,2,1,2078,405,528,479,0.5,30
09X324,Bronx Early College Academy for Teaching & Learning,9,31,2,1,549,93,81,133,0.5,30
09X365,Academy for Language and Technology,9,31,2,1,773,224,92,89,0.5,30
09X413,Bronx High School for Medical Science,9,31,2,1,1104,178,90,170,0.5,30
10X213,Bronx Engineering and Technology Academy,10,31,2,1,754,115,142,-2,0.5,30
10X264,Bronx Academy for Software Engineering (BASE),10,31,2,1,1199,175,120,165,0.5,30
10X284,Bronx School of Law and Finance,10,31,2,1,558,58,130,-2,0.5,30
11X270,Academy for Scholarship and Entrepreneurship: A College Board School,11,31,2,1,775,148,120,-2,0.5,30
11X544,High School for Contemporary Arts,11,31,2,1,607,55,240,-2,0.5,30
14K558,Williamsburg High School for Architecture and Design,14,31,6,3,1223,253,155,212,0.5,30
15K429,Digital Arts and Cinema Technology High School,15,31,2,1,579,105,90,94,0.5,30
15K497,The Boerum Hill School for International Studies,15,31,2,1,801,155,125,-2,0.5,30
17K122,Pathways in Technology Early College High School (P-Tech),17,31,2,1,712,114,150,-2,0.5,30
17K408,Academy of Hospitality and Tourism,17,31,2,1,571,89,118,-2,0.5,30
17K543,"Science, Technology and Research Early College High School at Erasmus",17,31,2,1,790,197,130,145,0.5,30
17K547,Brooklyn Academy of Science and the Environment,17,31,2,1,373,53,108,-2,0.5,30
17K600,Clara Barton High School,17,31,2,1,1276,355,434,-2,0.5,30
17K745,Brooklyn Institute for Liberal Arts,17,31,2,1,761,109,175,158,0.5,30
18K563,It Takes a Village Academy,18,31,2,1,353,23,135,-2,0.5,30
18K617,High School for Innovation in Advertising and Media,18,31,2,1,522,101,81,91,0.5,30
18K629,Cultural Academy for the Arts and Sciences,18,31,2,1,567,70,116,80,0.5,30
19K409,East New York Family Academy,19,31,2,1,416,159,125,147,0.5,30
20K609,Urban Assembly School for Leadership and Empowerment,20,31,2,1,278,74,100,132,0.5,30
21K337,International High School at Lafayette,21,31,2,1,327,76,90,35,0.5,30
21K559,Life Academy High School for Film and Music,21,31,2,1,145,21,81,49,0.5,30
22K611,Origins High School,22,31,2,1,296,126,128,211,0.5,30
23K493,Brooklyn Collegiate: A College Board School,23,31,2,1,727,113,120,-2,0.5,30
23K514,Frederick Douglass Academy VII High School,23,31,2,1,532,76,108,85,0.5,30
24Q236,International High School for Health Sciences,24,31,2,1,485,112,81,68,0.5,30
24Q264,Academy of Finance and Enterprise,24,31,4,2,2163,546,124,151,0.5,30
24Q585,Maspeth High School,24,31,2,1,5045,1953,270,348,0.5,30
25Q241,Queens High School for Language Studies,25,31,2,1,371,90,125,76,0.5,30
28Q620,Thomas A. Edison Career and Technical Education High School,28,31,2,1,6131,2355,473,583,0.5,30
28Q686,Queens Metropolitan High School,28,31,2,1,2321,931,279,279,0.5,30
29Q283,Preparatory Academy for Writers: A College Board School,29,31,2,1,177,47,90,69,0.5,30
30Q417,Gotham Tech High School,30,31,2,1,631,96,90,-2,0.5,30
32K403,Academy for Excellence in Leadership,32,31,2,1,653,76,108,-2,0.5,30
32K549,The Brooklyn School for Social Justice,32,31,2,1,425,47,120,-2,0.5,30
31R047,CSI High School for International Studies,31,31,1680,838,1755,879,127,182,0.4988095238095238,79
22K535,Leon M. Goldstein High School for the Sciences,22,31,62,30,3985,2007,258,429,0.4838709677419355,80
01M539,"New Explorations into Science, Technology and Math High School",1,31,25,12,3743,2047,150,289,0.48,81
31R064,Gaynor McCown Expeditionary Learning School,31,31,761,358,777,364,146,171,0.4704336399474376,82
02M439,Manhattan Village Academy,2,31,13,6,3002,860,100,201,0.46153846153846156,83
02M376,NYC iSchool,2,31,11,5,2459,931,118,158,0.45454545454545453,84
02M305,"Urban Assembly Academy of Government and Law, The",2,31,7,3,573,75,100,-2,0.42857142857142855,85
02M630,Art and Design High School,2,31,45,19,3594,1359,385,523,0.4222222222222222,86
02M408,Professional Performing Arts High School,2,31,22,9,1255,378,128,180,0.4090909090909091,87
02M418,Millennium High School,2,31,81,33,5541,2290,176,286,0.4074074074074074,88
02M551,Urban Assembly New York Harbor School,2,31,35,14,724,221,200,-2,0.4,89
03M415,Wadleigh Secondary School for the Performing & Visual Arts,3,31,5,2,826,130,128,-2,0.4,89
19K618,Academy of Innovative Technology,19,31,5,2,1048,183,115,169,0.4,89
21K468,Kingsborough Early College School,21,31,15,6,1229,429,110,122,0.4,89
02M282,Urban Assembly Maker Academy,2,31,13,5,1074,175,150,216,0.38461538461538464,93
31R460,Susan E. Wagner High School,31,31,2498,946,2611,968,660,631,0.3787029623698959,94
02M411,Baruch College Campus High School,2,31,40,15,6773,2753,118,188,0.375,95
02M416,Eleanor Roosevelt High School,2,31,32,12,7699,3749,136,224,0.375,95
31R440,New Dorp High School,31,31,2679,979,2806,1011,668,887,0.3654348637551325,97
31R450,Curtis High School,31,31,1846,668,1967,690,804,754,0.361863488624052,98
03M479,Beacon High School,3,31,36,13,7891,4442,360,493,0.3611111111111111,99
01M458,Forsyth Satellite Academy,1,31,3,1,60,12,28,-2,0.3333333333333333,100
02M047,47 The American Sign Language and English Secondary School,2,31,3,1,318,55,69,-2,0.3333333333333333,100
02M437,Hudson High School of Learning Technologies,2,31,3,1,353,48,119,-2,0.3333333333333333,100
02M615,Chelsea Career and Technical Education High School,2,31,3,1,821,118,152,-2,0.3333333333333333,100
04M435,Manhattan Center for Science and Mathematics,4,31,12,4,5010,1993,440,709,0.3333333333333333,100
06M293,City College Academy of the Arts,6,31,3,1,1028,337,81,95,0.3333333333333333,100
07X522,Bronx Design and Construction Academy,7,31,3,1,677,112,140,91,0.3333333333333333,100
08X636,Virtual Innovators Academy,8,31,3,1,113,31,80,-2,0.3333333333333333,100
10X225,Theatre Arts Production Company School,10,31,3,1,633,88,170,-2,0.3333333333333333,100
10X437,Fordham High School for the Arts,10,31,3,1,1826,399,130,158,0.3333333333333333,100
11X275,High School of Computers and Technology,11,31,3,1,715,115,181,156,0.3333333333333333,100
11X418,Bronx High School for the Visual Arts,11,31,3,1,951,168,102,136,0.3333333333333333,100
12X641,Bard High School Early College Bronx,12,31,3,1,1391,613,100,106,0.3333333333333333,100
13K439,Brooklyn International High School,13,31,3,1,409,71,81,53,0.3333333333333333,100
13K594,Gotham Professional Arts Academy,13,31,3,1,364,61,81,-2,0.3333333333333333,100
14K071,Juan Morel Campos Secondary School,14,31,3,1,341,78,101,69,0.3333333333333333,100
14K477,East Williamsburg Scholars Academy,14,31,3,1,650,90,234,-2,0.3333333333333333,100
14K488,Brooklyn Preparatory High School,14,31,3,1,1061,174,153,-2,0.3333333333333333,100
16K765,Nelson Mandela High School,16,31,3,1,250,25,114,-2,0.3333333333333333,100
17K528,The High School for Global Citizenship,17,31,3,1,524,55,100,63,0.3333333333333333,100
17K539,High School for Service & Learning at Erasmus,17,31,3,1,296,35,108,98,0.3333333333333333,100
17K546,High School for Public Service: Heroes of Tomorrow,17,31,3,1,656,69,130,-2,0.3333333333333333,100
18K633,High School for Medical Professions,18,31,3,1,666,99,108,116,0.3333333333333333,100
19K507,Performing Arts and Technology High School,19,31,3,1,1103,157,125,163,0.3333333333333333,100
19K583,Multicultural High School,19,31,3,1,320,88,111,64,0.3333333333333333,100
19K639,Brooklyn Lab School,19,31,3,1,980,152,102,143,0.3333333333333333,100
23K644,Eagle Academy for Young Men II,23,31,3,1,554,179,92,139,0.3333333333333333,100
24Q530,International High School at LaGuardia Community College,24,31,6,2,1236,505,119,114,0.3333333333333333,100
25Q460,Flushing High School,25,31,3,1,1592,289,419,419,0.3333333333333333,100
26Q430,Francis Lewis High School,26,31,3,1,8708,3905,913,1030,0.3333333333333333,100
27Q308,Robert H. Goddard High School of Communication Arts and Technology,27,31,3,1,1222,468,140,181,0.3333333333333333,100
28Q440,Forest Hills High School,28,31,3,1,7184,2477,702,851,0.3333333333333333,100
29Q243,Institute for Health Professions at Cambria Heights,29,31,3,1,416,79,108,132,0.3333333333333333,100
29Q492,"Mathematics, Science Research and Technology Magnet High School",29,31,3,1,782,146,150,-2,0.3333333333333333,100
32K556,Bushwick Leaders High School for Academic Excellence,32,31,3,1,768,125,120,-2,0.3333333333333333,100
02M392,Manhattan Business Academy,2,31,10,3,1321,191,161,-2,0.3,135
02M545,High School for Dual Language and Asian Studies,2,31,10,3,769,299,108,150,0.3,135
24Q610,Aviation Career & Technical Education High School,24,31,10,3,4123,1548,530,723,0.3,135
31R600,Ralph R. McKee Career and Technical Education High School,31,31,601,179,620,198,316,180,0.2978369384359401,138
02M534,Harvest Collegiate High School,2,31,7,2,1116,115,116,-2,0.2857142857142857,139
27Q650,"High School for Construction Trades, Engineering and Architecture",27,31,7,2,3028,1209,247,311,0.2857142857142857,139
15K684,Millennium Brooklyn HS,15,31,61,17,5385,2365,178,252,0.2786885245901639,141
02M412,N.Y.C. Lab School for Collaborative Studies,2,31,18,5,3134,1067,109,161,0.2777777777777778,142
31R445,Port Richmond High School,31,31,1209,327,1267,334,564,435,0.2704714640198511,143
02M294,Essex Street Academy,2,31,15,4,2478,562,90,125,0.26666666666666666,144
22K405,Midwood High School,22,31,103,26,11658,5495,910,1323,0.2524271844660194,145
01M515,Lower East Side Preparatory High School,1,31,4,1,317,89,75,-2,0.25,146
02M280,Manhattan Early College School for Advertising,2,31,8,2,572,88,112,-2,0.25,146
02M313,"James Baldwin School, The: A School for Expeditionary Learning",2,31,4,1,71,14,25,-2,0.25,146
02M316,"Urban Assembly School of Business for Young Women, the",2,31,4,1,165,17,120,-2,0.25,146
02M400,High School for Environmental Studies,2,31,4,1,2558,395,344,385,0.25,146
02M432,Murray Hill Academy,2,31,4,1,558,76,90,-2,0.25,146
02M449,Vanguard High School,2,31,4,1,701,134,110,158,0.25,146
02M507,Urban Assembly Gateway School for Technology,2,31,8,2,1299,278,108,146,0.25,146
02M529,Jacqueline Kennedy Onassis High School,2,31,4,1,534,81,204,-2,0.25,146
03M291,West End Secondary School,3,31,4,1,1209,392,105,146,0.25,146
03M494,High School of Arts and Technology,3,31,4,1,1037,132,140,-2,0.25,146
05M670,Thurgood Marshall Academy for Learning and Social Change,5,31,4,1,340,71,108,-2,0.25,146
06M467,High School for Law and Public Service,6,31,4,1,643,95,167,84,0.25,146
11X288,Collegiate Institute for Math and Science,11,31,4,1,1764,317,133,200,0.25,146
13K350,Urban Assembly School of Music and Art,13,31,4,1,494,52,108,-2,0.25,146
13K419,"Science Skills Center High School for Science, Technology and the Creative Arts",13,31,4,1,909,111,258,143,0.25,146
13K605,George Westinghouse Career and Technical Education High School,13,31,4,1,1254,203,254,194,0.25,146
17K382,Academy for College Preparation and Career Exploration: A College Board School,17,31,4,1,837,124,108,-2,0.25,146
18K637,Academy for Conservation and the Environment,18,31,4,1,727,92,170,217,0.25,146
19K404,Academy for Young Writers,19,31,4,1,559,71,92,82,0.25,146
24Q550,High School for Arts and Business,24,31,4,1,2257,552,191,255,0.25,146
29Q327,Eagle Academy for Young Men III,29,31,4,1,324,112,120,-2,0.25,146
29Q498,"Health, Arts, Robotics, and Technology High School",29,31,4,1,1435,293,196,264,0.25,146
30Q367,Motion Picture Tech High School,30,31,4,1,538,133,200,-2,0.25,146
30Q445,William Cullen Bryant High School,30,31,4,1,1681,297,435,349,0.25,146
30Q501,Frank Sinatra School of the Arts High School,30,31,16,4,3557,1643,236,416,0.25,146
20K490,Fort Hamilton High School,20,31,197,47,4983,1995,883,903,0.23857868020304568,172
02M260,The Clinton School,2,31,13,3,2837,1151,134,221,0.23076923076923078,173
02M374,Gramercy Arts High School,2,31,9,2,1038,129,204,78,0.2222222222222222,174
02M414,N.Y.C. Museum School,2,31,9,2,3022,865,150,254,0.2222222222222222,174
15K667,Sunset Park High School,15,31,9,2,989,260,354,-2,0.2222222222222222,174
16K498,Brooklyn High School for Law and Technology,16,31,9,2,1730,296,151,-2,0.2222222222222222,174
20K485,High School of Telecommunication Arts and Technology,20,31,63,14,2973,1210,310,363,0.2222222222222222,174
02M298,Pace High School,2,31,14,3,1172,169,190,177,0.21428571428571427,179
13K265,Dr. Susan S. McKinney Secondary School of the Arts,13,31,10,2,362,54,82,-2,0.2,180
15K519,Cobble Hill School of American Studies,15,31,5,1,481,62,278,-2,0.2,180
21K344,Rachel Carson High School for Coastal Studies,21,31,5,1,469,162,160,200,0.2,180
25Q425,John Bowne High School,25,31,5,1,3116,720,783,809,0.2,180
27Q309,Academy of Medical Technology: A College Board School,27,31,5,1,626,120,105,109,0.2,180
31R028,The Eagle Academy for Young Men of Staten Island,31,31,86,15,94,26,81,-2,0.1744186046511628,185
02M422,Quest to Learn,2,31,6,1,177,27,108,41,0.16666666666666666,186
02M520,Murry Bergtraum High School for Business Careers,2,31,6,1,222,38,240,-2,0.16666666666666666,186
02M531,Repertory Company High School for Theatre Arts,2,31,6,1,365,100,60,68,0.16666666666666666,186
08X367,"Archimedes Academy for Math, Science and Technology Applications",8,31,6,1,427,75,100,-2,0.16666666666666666,186
10X237,"The Marie Curie High School for Medicine, Nursing, and Health Professions",10,31,6,1,334,46,135,-2,0.16666666666666666,186
13K412,Brooklyn Community Arts & Media High School (BCAM),13,31,6,1,702,113,142,-2,0.16666666666666666,186
13K670,Benjamin Banneker Academy,13,31,6,1,1912,451,225,318,0.16666666666666666,186
14K610,A-Tech High School,14,31,18,3,1273,264,224,243,0.16666666666666666,186
15K462,John Jay School for Law,15,31,12,2,1012,184,125,-2,0.16666666666666666,186
17K537,High School for Youth and Community Development at Erasmus,17,31,6,1,488,82,140,-2,0.16666666666666666,186
17K590,Medgar Evers College Preparatory School,17,31,6,1,2078,676,220,237,0.16666666666666666,186
32K554,All City Leadership Secondary School,32,31,6,1,911,247,62,62,0.16666666666666666,186
01M448,University Neighborhood High School,1,31,13,2,2248,447,125,185,0.15384615384615385,198
02M308,Lower Manhattan Arts Academy,2,31,7,1,524,69,95,-2,0.14285714285714285,199
02M413,School of the Future High School,2,31,7,1,1741,485,108,152,0.14285714285714285,199
02M543,New Design High School,2,31,7,1,852,157,125,145,0.14285714285714285,199
04M555,Central Park East High School,4,31,7,1,4762,1538,125,215,0.14285714285714285,199
15K448,Brooklyn Collaborative Studies,15,31,7,1,693,99,90,110,0.14285714285714285,199
21K410,Abraham Lincoln High School,21,31,7,1,2225,539,741,604,0.14285714285714285,199
20K445,New Utrecht High School,20,31,73,10,4568,1443,630,730,0.136986301369863,205
02M519,Talent Unlimited High School,2,31,15,2,1599,468,152,213,0.13333333333333333,206
02M395,A School Without Walls,2,31,8,1,178,36,100,-2,0.125,207
02M425,Leadership and Public Service High School,2,31,8,1,387,36,145,52,0.125,207
13K595,Bedford Academy High School,13,31,8,1,2464,599,81,114,0.125,207
19K510,World Academy for Total Community Health High School,19,31,8,1,417,29,98,-2,0.125,207
19K660,W. H. Maxwell Career and Technical Education High School,19,31,8,1,991,185,305,164,0.125,207
21K572,Leaders High School,21,31,8,1,462,119,110,141,0.125,207
21K690,Brooklyn Studio Secondary School,21,31,8,1,844,281,102,133,0.125,207
24Q560,"Robert F. Wagner, Jr. Secondary School for Arts and Technology",24,31,50,6,1368,247,120,161,0.12,214
02M546,Academy for Software Engineering,2,31,21,2,1992,388,125,201,0.09523809523809523,215
02M489,High School of Economics and Finance,2,31,22,2,1374,223,230,-2,0.09090909090909091,216
02M420,High School for Health Professions and Human Services,2,31,12,1,2991,776,477,590,0.08333333333333333,217
15K656,Brooklyn High School of the Arts,15,31,24,2,2104,574,254,272,0.08333333333333333,217
20K505,Franklin Delano Roosevelt High School,20,31,12,1,3723,924,710,852,0.08333333333333333,217
21K620,William E. Grady Career and Technical Education High School,21,31,12,1,970,205,305,214,0.08333333333333333,217
14K478,"The High School for Enterprise, Business and Technology",14,31,13,1,1197,144,249,130,0.07692307692307693,221
22K425,James Madison High School,22,31,13,1,6968,2801,837,940,0.07692307692307693,221
13K674,"City Polytechnic High School of Engineering, Architecture, and Technology",13,31,14,1,1239,274,108,160,0.07142857142857142,223
21K348,High School of Sports Management,21,31,15,1,386,75,176,-2,0.06666666666666667,224
02M580,Richard R. Green High School of Teaching,2,31,16,1,1291,154,160,-2,0.0625,225
22K555,Brooklyn College Academy,22,31,16,1,2698,911,170,228,0.0625,225
21K525,Edward R. Murrow High School,21,31,18,1,6293,2283,933,1196,0.05555555555555555,227
21K540,John Dewey High School,21,31,23,1,2573,622,553,577,0.043478260869565216,228
01M292,Orchard Collegiate Academy,1,32,1,1,280,71,90,-2,1.0,258
02M303,"Facing History School, The",2,32,1,1,421,87,107,-2,1.0,258
02M394,Emma Lazarus High School,2,32,1,1,134,19,60,-1,1.0,258
02M422,Quest to Learn,2,32,1,1,177,27,108,41,1.0,258
02M500,Unity Center for Urban Technologies,2,32,1,1,274,48,95,136,1.0,258
02M531,Repertory Company High School for Theatre Arts,2,32,1,1,365,100,60,68,1.0,258
03M291,West End Secondary School,3,32,2,2,1209,392,105,146,1.0,1
03M403,The Global Learning Collaborative,3,32,1,1,754,90,108,-2,1.0,258
03M492,"High School for Law, Advocacy and Community Justice",3,32,3,3,920,170,220,-2,1.0,1
03M610,Young Women's Leadership School,3,32,1,1,370,113,81,-2,1.0,258
03M860,Frederick Douglass Academy II Secondary School,3,32,1,1,309,55,95,105,1.0,258
04M372,Esperanza Preparatory Academy,4,32,1,1,322,114,106,120,1.0,258
04M680,"Heritage School, The",4,32,1,1,482,60,80,-2,1.0,258
05M304,Mott Hall High School,5,32,1,1,455,53,108,-2,1.0,258
05M369,Urban Assembly School for the Performing Arts,5,32,1,1,372,52,108,-2,1.0,258
05M499,Frederick Douglass Academy,5,32,1,1,903,195,325,214,1.0,258
07X223,The Laboratory School of Finance and Technology: X223,7,32,1,1,980,230,89,93,1.0,258
07X427,Community School for Social Justice,7,32,2,2,229,33,81,-2,1.0,1
07X670,Health Opportunities High School,7,32,1,1,477,47,75,-2,1.0,258
08X376,Antonia Pantoja Preparatory Academy: A College Board School,8,32,1,1,308,82,84,104,1.0,258
08X636,Virtual Innovators Academy,8,32,2,2,113,31,80,-2,1.0,1
09X327,Comprehensive Model School Project M.S. 327,9,32,1,1,706,224,90,103,1.0,258
09X403,Bronx International High School,9,32,1,1,537,54,135,12,1.0,258
11X545,Bronx Aerospace High School,11,32,1,1,751,109,189,-2,1.0,258
12X388,Pan American International High School at Monroe,12,32,1,1,310,71,108,43,1.0,258
15K448,Brooklyn Collaborative Studies,15,32,1,1,693,99,90,110,1.0,258
15K464,Park Slope Collegiate,15,32,1,1,613,115,102,130,1.0,258
18K563,It Takes a Village Academy,18,32,1,1,353,23,135,-2,1.0,258
18K566,Brooklyn Community High School for Excellence and Equity,18,32,1,1,448,61,75,-2,1.0,258
18K576,Victory Collegiate High School,18,32,1,1,305,61,140,-2,1.0,258
18K642,Urban Action Academy,18,32,1,1,231,44,107,-2,1.0,258
20K609,Urban Assembly School for Leadership and Empowerment,20,32,1,1,278,74,100,132,1.0,258
21K337,International High School at Lafayette,21,32,1,1,327,76,90,35,1.0,258
22K611,Origins High School,22,32,2,2,296,126,128,211,1.0,1
24Q267,High School of Applied Communication,24,32,1,1,557,75,145,-2,1.0,258
24Q455,Newtown High School,24,32,1,1,1328,243,419,346,1.0,258
25Q252,"Queens School of Inquiry, The",25,32,1,1,508,161,89,107,1.0,258
25Q281,East-West School of International Studies,25,32,1,1,766,290,89,113,1.0,258
27Q308,Robert H. Goddard High School of Communication Arts and Technology,27,32,1,1,1222,468,140,181,1.0,258
27Q334,Epic High School - North,27,32,1,1,735,169,70,91,1.0,258
28Q284,York Early College Academy,28,32,1,1,1602,580,81,91,1.0,258
28Q325,Hillside Arts & Letters Academy,28,32,1,1,520,82,108,133,1.0,258
28Q328,High School for Community Leadership,28,32,1,1,671,160,150,231,1.0,258
29Q243,Institute for Health Professions at Cambria Heights,29,32,1,1,416,79,108,132,1.0,258
29Q248,Queens Preparatory Academy,29,32,1,1,383,62,100,-2,1.0,258
29Q259,Pathways College Preparatory School: A College Board School,29,32,1,1,440,145,186,167,1.0,258
30Q502,Information Technology High School,30,32,1,1,944,190,227,-2,1.0,258
30Q575,Academy of American Studies,30,32,1,1,2727,819,170,224,1.0,258
31R028,The Eagle Academy for Young Men of Staten Island,31,32,1,1,94,26,81,-2,1.0,258
31R440,New Dorp High School,31,32,1,1,2806,1011,668,887,1.0,258
31R455,Tottenville High School,31,32,1,1,3274,1627,1158,1357,1.0,258
02M135,The Urban Assembly Early College High School for Emergency Medicine,2,32,6,4,510,116,122,-2,0.6666666666666666,6
02M551,Urban Assembly New York Harbor School,2,32,6,4,724,221,200,-2,0.6666666666666666,6
25Q425,John Bowne High School,25,32,3,2,3116,720,783,809,0.6666666666666666,6
03M541,Manhattan / Hunter Science High School,3,32,29,18,5406,2689,108,176,0.6206896551724138,9
03M859,Special Music School,3,32,7,4,482,165,50,64,0.5714285714285714,10
02M376,NYC iSchool,2,32,15,8,2459,931,118,158,0.5333333333333333,11
15K684,Millennium Brooklyn HS,15,32,55,29,5385,2365,178,252,0.5272727272727272,12
02M418,Millennium High School,2,32,56,29,5541,2290,176,286,0.5178571428571429,13
02M139,Stephen T. Mather Building Arts & Craftsmanship High School,2,32,4,2,432,88,108,-2,0.5,14
02M316,"Urban Assembly School of Business for Young Women, the",2,32,2,1,165,17,120,-2,0.5,14
02M427,Manhattan Academy For Arts & Language,2,32,2,1,389,72,108,49,0.5,14
02M449,Vanguard High School,2,32,2,1,701,134,110,158,0.5,14
02M459,Manhattan International High School,2,32,2,1,738,151,85,73,0.5,14
02M507,Urban Assembly Gateway School for Technology,2,32,2,1,1299,278,108,146,0.5,14
02M550,Liberty High School Academy for Newcomers,2,32,2,1,99,16,50,6,0.5,14
03M307,"Urban Assembly School for Media Studies, The",3,32,2,1,328,71,126,109,0.5,14
03M417,Frank McCourt High School,3,32,2,1,1253,345,120,170,0.5,14
06M346,Community Health Academy of the Heights,6,32,2,1,586,143,75,93,0.5,14
06M463,High School for Media and Communications,6,32,2,1,505,61,150,-2,0.5,14
06M468,High School for Health Careers and Sciences,6,32,2,1,822,121,268,-2,0.5,14
06M552,Gregorio Luperon High School for Science and Mathematics,6,32,2,1,573,165,150,45,0.5,14
07X259,"H.E.R.O. High (Health, Education, and Research Occupations High School)",7,32,2,1,862,174,250,182,0.5,14
07X334,International Community High School,7,32,2,1,210,40,81,23,0.5,14
07X548,Careers in Sports High School,7,32,2,1,1056,226,125,202,0.5,14
08X269,Bronx Studio School for Writers and Artists,8,32,2,1,481,130,90,113,0.5,14
10X284,Bronx School of Law and Finance,10,32,2,1,558,58,130,-2,0.5,14
10X437,Fordham High School for the Arts,10,32,2,1,1826,399,130,158,0.5,14
11X249,Bronx Health Sciences High School,11,32,2,1,1270,225,200,261,0.5,14
11X265,Bronx Lab School,11,32,2,1,381,47,123,-2,0.5,14
11X270,Academy for Scholarship and Entrepreneurship: A College Board School,11,32,2,1,775,148,120,-2,0.5,14
11X275,High School of Computers and Technology,11,32,2,1,715,115,181,156,0.5,14
15K463,Cyberarts Studio Academy,15,32,2,1,256,30,125,-2,0.5,14
15K592,Khalil Gibran International Academy,15,32,2,1,101,19,81,-2,0.5,14
17K537,High School for Youth and Community Development at Erasmus,17,32,2,1,488,82,140,-2,0.5,14
17K539,High School for Service & Learning at Erasmus,17,32,2,1,296,35,108,98,0.5,14
19K409,East New York Family Academy,19,32,2,1,416,159,125,147,0.5,14
19K683,School for Classics High School,19,32,2,1,229,54,108,-2,0.5,14
21K620,William E. Grady Career and Technical Education High School,21,32,2,1,970,205,305,214,0.5,14
23K697,Teachers Preparatory High School,23,32,2,1,187,35,90,-2,0.5,14
24Q293,Civic Leadership Academy,24,32,2,1,1157,291,142,191,0.5,14
24Q299,Bard High School Early College Queens,24,32,34,17,3866,2227,125,166,0.5,14
24Q560,"Robert F. Wagner, Jr. Secondary School for Arts and Technology",24,32,2,1,1368,247,120,161,0.5,14
26Q495,Bayside High School,26,32,2,1,6914,2765,851,1041,0.5,14
27Q260,Frederick Douglass Academy VI High School,27,32,2,1,482,71,121,-2,0.5,14
27Q262,Channel View School for Research,27,32,2,1,755,267,194,212,0.5,14
27Q302,"Queens High School for Information, Research, and Technology",27,32,2,1,671,160,130,177,0.5,14
27Q400,August Martin High School,27,32,2,1,960,177,250,218,0.5,14
29Q272,George Washington Carver High School for the Sciences,29,32,2,1,590,92,93,-2,0.5,14
29Q283,Preparatory Academy for Writers: A College Board School,29,32,2,1,177,47,90,69,0.5,14
29Q313,Benjamin Franklin High School for Finance & Information Technology,29,32,2,1,735,122,108,-2,0.5,14
29Q492,"Mathematics, Science Research and Technology Magnet High School",29,32,2,1,782,146,150,-2,0.5,14
30Q367,Motion Picture Tech High School,30,32,2,1,538,133,200,-2,0.5,14
03M479,Beacon High School,3,32,55,25,7891,4442,360,493,0.45454545454545453,58
02M407,Institute for Collaborative Education,2,32,7,3,836,263,61,73,0.42857142857142855,59
01M539,"New Explorations into Science, Technology and Math High School",1,32,38,16,3743,2047,150,289,0.42105263157894735,60
01M696,Bard High School Early College,1,32,48,20,3946,2196,125,198,0.4166666666666667,61
32K554,All City Leadership Secondary School,32,32,269,110,911,247,62,62,0.40892193308550184,62
02M412,N.Y.C. Lab School for Collaborative Studies,2,32,20,8,3134,1067,109,161,0.4,63
04M495,Park East High School,4,32,5,2,2653,739,100,166,0.4,63
01M515,Lower East Side Preparatory High School,1,32,23,9,317,89,75,-2,0.391304347826087,65
02M416,Eleanor Roosevelt High School,2,32,41,16,7699,3749,136,224,0.3902439024390244,66
02M411,Baruch College Campus High School,2,32,54,21,6773,2753,118,188,0.3888888888888889,67
02M288,Food and Finance High School,2,32,16,6,1225,264,150,211,0.375,68
02M420,High School for Health Professions and Human Services,2,32,123,44,2991,776,477,590,0.35772357723577236,69
02M600,The High School of Fashion Industries,2,32,28,10,2046,720,475,395,0.35714285714285715,70
04M435,Manhattan Center for Science and Mathematics,4,32,14,5,5010,1993,440,709,0.35714285714285715,70
02M414,N.Y.C. Museum School,2,32,23,8,3022,865,150,254,0.34782608695652173,72
01M458,Forsyth Satellite Academy,1,32,3,1,60,12,28,-2,0.3333333333333333,73
02M047,47 The American Sign Language and English Secondary School,2,32,9,3,318,55,69,-2,0.3333333333333333,73
02M296,High School of Hospitality Management,2,32,3,1,269,35,135,-2,0.3333333333333333,73
02M413,School of the Future High School,2,32,9,3,1741,485,108,152,0.3333333333333333,73
02M419,Landmark High School,2,32,3,1,457,37,100,-2,0.3333333333333333,73
02M439,Manhattan Village Academy,2,32,33,11,3002,860,100,201,0.3333333333333333,73
02M542,Manhattan Bridges High School,2,32,3,1,904,224,172,95,0.3333333333333333,73
02M605,Humanities Preparatory Academy,2,32,9,3,861,101,75,-2,0.3333333333333333,73
03M402,The Urban Assembly School for Green Careers,3,32,3,1,494,39,120,45,0.3333333333333333,73
03M415,Wadleigh Secondary School for the Performing & Visual Arts,3,32,3,1,826,130,128,-2,0.3333333333333333,73
06M348,Washington Heights Expeditionary Learning School,6,32,3,1,689,175,100,115,0.3333333333333333,73
07X600,Alfred E. Smith Career and Technical Education High School,7,32,3,1,1126,227,189,193,0.3333333333333333,73
08X367,"Archimedes Academy for Math, Science and Technology Applications",8,32,3,1,427,75,100,-2,0.3333333333333333,73
09X365,Academy for Language and Technology,9,32,3,1,773,224,92,89,0.3333333333333333,73
09X412,Bronx High School of Business,9,32,3,1,765,66,120,-2,0.3333333333333333,73
09X505,"Bronx School for Law, Government and Justice",9,32,3,1,1132,259,120,154,0.3333333333333333,73
10X237,"The Marie Curie High School for Medicine, Nursing, and Health Professions",10,32,3,1,334,46,135,-2,0.3333333333333333,73
10X439,Bronx High School for Law and Community Service,10,32,3,1,1467,220,108,163,0.3333333333333333,73
11X299,Astor Collegiate Academy,11,32,3,1,2199,342,120,189,0.3333333333333333,73
12X267,Bronx Latin,12,32,3,1,841,149,81,113,0.3333333333333333,73
12X641,Bard High School Early College Bronx,12,32,3,1,1391,613,100,106,0.3333333333333333,73
13K527,Urban Assembly Institute of Math and Science for Young Women,13,32,3,1,237,54,81,60,0.3333333333333333,73
21K348,High School of Sports Management,21,32,3,1,386,75,176,-2,0.3333333333333333,73
21K468,Kingsborough Early College School,21,32,3,1,1229,429,110,122,0.3333333333333333,73
21K690,Brooklyn Studio Secondary School,21,32,3,1,844,281,102,133,0.3333333333333333,73
25Q263,Flushing International High School,25,32,3,1,576,182,90,90,0.3333333333333333,73
25Q285,World Journalism Preparatory: A College Board School,25,32,3,1,448,162,90,139,0.3333333333333333,73
25Q525,Townsend Harris High School,25,32,27,9,6780,4957,290,374,0.3333333333333333,73
26Q430,Francis Lewis High School,26,32,3,1,8708,3905,913,1030,0.3333333333333333,73
28Q680,Queens Gateway to Health Sciences Secondary School,28,32,3,1,1238,384,108,147,0.3333333333333333,73
30Q258,Energy Tech High School,30,32,3,1,1535,348,108,145,0.3333333333333333,73
31R460,Susan E. Wagner High School,31,32,3,1,2611,968,660,631,0.3333333333333333,73
02M260,The Clinton School,2,32,16,5,2837,1151,134,221,0.3125,105
24Q264,Academy of Finance and Enterprise,24,32,20,6,2163,546,124,151,0.3,106
30Q301,Academy for Careers in Television and Film,30,32,17,5,1410,330,151,200,0.29411764705882354,107
24Q585,Maspeth High School,24,32,109,32,5045,1953,270,348,0.29357798165137616,108
02M438,International High School at Union Square,2,32,35,10,501,103,68,75,0.2857142857142857,109
02M546,Academy for Software Engineering,2,32,42,12,1992,388,125,201,0.2857142857142857,109
04M555,Central Park East High School,4,32,14,4,4762,1538,125,215,0.2857142857142857,109
05M362,Columbia Secondary School,5,32,7,2,4258,1769,112,175,0.2857142857142857,109
24Q610,Aviation Career & Technical Education High School,24,32,42,12,4123,1548,530,723,0.2857142857142857,109
15K656,Brooklyn High School of the Arts,15,32,58,16,2104,574,254,272,0.27586206896551724,114
02M630,Art and Design High School,2,32,51,14,3594,1359,385,523,0.27450980392156865,115
02M294,Essex Street Academy,2,32,59,16,2478,562,90,125,0.2711864406779661,116
02M519,Talent Unlimited High School,2,32,19,5,1599,468,152,213,0.2631578947368421,117
17K590,Medgar Evers College Preparatory School,17,32,23,6,2078,676,220,237,0.2608695652173913,118
24Q485,Grover Cleveland High School,24,32,214,55,1552,359,420,437,0.2570093457943925,119
14K610,A-Tech High School,14,32,113,29,1273,264,224,243,0.25663716814159293,120
02M300,"Urban Assembly School of Design and Construction, The",2,32,4,1,346,43,108,-2,0.25,121
02M520,Murry Bergtraum High School for Business Careers,2,32,4,1,222,38,240,-2,0.25,121
02M586,Harvey Milk High School,2,32,4,1,40,3,45,-1,0.25,121
06M467,High School for Law and Public Service,6,32,4,1,643,95,167,84,0.25,121
10X440,DeWitt Clinton High School,10,32,4,1,2901,586,385,492,0.25,121
11X544,High School for Contemporary Arts,11,32,4,1,607,55,240,-2,0.25,121
18K617,High School for Innovation in Advertising and Media,18,32,4,1,522,101,81,91,0.25,121
28Q350,Jamaica Gateway to the Sciences,28,32,4,1,1005,210,150,184,0.25,121
13K412,Brooklyn Community Arts & Media High School (BCAM),13,32,33,8,702,113,142,-2,0.24242424242424243,129
30Q501,Frank Sinatra School of the Arts High School,30,32,33,8,3557,1643,236,416,0.24242424242424243,129
13K670,Benjamin Banneker Academy,13,32,62,15,1912,451,225,318,0.24193548387096775,131
17K600,Clara Barton High School,17,32,29,7,1276,355,434,-2,0.2413793103448276,132
19K659,Cypress Hills Collegiate Preparatory School,19,32,30,7,581,86,99,-2,0.23333333333333334,133
01M448,University Neighborhood High School,1,32,56,13,2248,447,125,185,0.23214285714285715,134
02M282,Urban Assembly Maker Academy,2,32,13,3,1074,175,150,216,0.23076923076923078,135
19K583,Multicultural High School,19,32,26,6,320,88,111,64,0.23076923076923078,135
14K561,Williamsburg Preparatory School,14,32,198,45,1131,226,180,236,0.22727272727272727,137
02M408,Professional Performing Arts High School,2,32,9,2,1255,378,128,180,0.2222222222222222,138
02M392,Manhattan Business Academy,2,32,14,3,1321,191,161,-2,0.21428571428571427,139
24Q600,Queens Technical High School,24,32,28,6,3942,1196,350,423,0.21428571428571427,139
22K425,James Madison High School,22,32,29,6,6968,2801,837,940,0.20689655172413793,141
22K405,Midwood High School,22,32,64,13,11658,5495,910,1323,0.203125,142
32K403,Academy for Excellence in Leadership,32,32,198,40,653,76,108,-2,0.20202020202020202,143
02M393,Business Of Sports School,2,32,10,2,1151,248,129,210,0.2,144
02M395,A School Without Walls,2,32,5,1,178,36,100,-2,0.2,144
02M545,High School for Dual Language and Asian Studies,2,32,10,2,769,299,108,150,0.2,144
14K558,Williamsburg High School for Architecture and Design,14,32,155,31,1223,253,155,212,0.2,144
14K614,Young Women's Leadership School of Brooklyn,14,32,30,6,251,47,93,59,0.2,144
19K615,Transit Tech Career and Technical Education High School,19,32,30,6,1168,225,315,-2,0.2,144
32K552,The Academy of Urban Planning and Engineering,32,32,198,38,737,128,113,-2,0.1919191919191919,150
14K477,East Williamsburg Scholars Academy,14,32,120,23,650,90,234,-2,0.19166666666666668,151
32K545,EBC High School for Public Service - Bushwick,32,32,211,38,467,75,126,-2,0.18009478672985782,152
32K168,The Brooklyn School for Math and Research,32,32,175,31,710,99,108,148,0.17714285714285713,153
02M432,Murray Hill Academy,2,32,6,1,558,76,90,-2,0.16666666666666666,154
02M489,High School of Economics and Finance,2,32,36,6,1374,223,230,-2,0.16666666666666666,154
06M540,A. Philip Randolph Campus High School,6,32,6,1,2050,408,471,379,0.16666666666666666,154
13K963,Design Works High School,13,32,6,1,607,86,81,-2,0.16666666666666666,154
24Q236,International High School for Health Sciences,24,32,6,1,485,112,81,68,0.16666666666666666,154
25Q460,Flushing High School,25,32,6,1,1592,289,419,419,0.16666666666666666,154
27Q309,Academy of Medical Technology: A College Board School,27,32,6,1,626,120,105,109,0.16666666666666666,154
28Q167,Metropolitan Expeditionary Learning School,28,32,6,1,1254,467,125,141,0.16666666666666666,154
30Q580,Baccalaureate School for Global Education,30,32,6,1,1732,937,97,94,0.16666666666666666,154
13K595,Bedford Academy High School,13,32,91,15,2464,599,81,114,0.16483516483516483,163
19K618,Academy of Innovative Technology,19,32,44,7,1048,183,115,169,0.1590909090909091,164
32K556,Bushwick Leaders High School for Academic Excellence,32,32,258,41,768,125,120,-2,0.15891472868217055,165
14K454,The Williamsburg High School of Art and Technology,14,32,139,22,893,129,116,120,0.15827338129496402,166
19K660,W. H. Maxwell Career and Technical Education High School,19,32,58,9,991,185,305,164,0.15517241379310345,167
13K605,George Westinghouse Career and Technical Education High School,13,32,46,7,1254,203,254,194,0.15217391304347827,168
14K488,Brooklyn Preparatory High School,14,32,143,21,1061,174,153,-2,0.14685314685314685,169
02M437,Hudson High School of Learning Technologies,2,32,7,1,353,48,119,-2,0.14285714285714285,170
02M529,Jacqueline Kennedy Onassis High School,2,32,14,2,534,81,204,-2,0.14285714285714285,170
02M580,Richard R. Green High School of Teaching,2,32,7,1,1291,154,160,-2,0.14285714285714285,170
15K667,Sunset Park High School,15,32,7,1,989,260,354,-2,0.14285714285714285,170
17K547,Brooklyn Academy of Science and the Environment,17,32,7,1,373,53,108,-2,0.14285714285714285,170
18K567,Brooklyn Theatre Arts High School,18,32,7,1,352,39,125,-2,0.14285714285714285,170
21K540,John Dewey High School,21,32,7,1,2573,622,553,577,0.14285714285714285,170
22K535,Leon M. Goldstein High School for the Sciences,22,32,7,1,3985,2007,258,429,0.14285714285714285,170
26Q315,Business Technology Early College High School,26,32,7,1,1032,289,180,272,0.14285714285714285,170
28Q620,Thomas A. Edison Career and Technical Education High School,28,32,21,3,6131,2355,473,583,0.14285714285714285,170
30Q450,Long Island City High School,30,32,7,1,1827,403,790,432,0.14285714285714285,170
14K474,PROGRESS High School for Professional Careers,14,32,102,14,506,81,153,-2,0.13725490196078433,181
17K751,Academy for Health Careers,17,32,30,4,715,72,108,-2,0.13333333333333333,182
01M450,East Side Community School,1,32,16,2,1142,328,95,117,0.125,183
02M400,High School for Environmental Studies,2,32,8,1,2558,395,344,385,0.125,183
13K594,Gotham Professional Arts Academy,13,32,8,1,364,61,81,-2,0.125,183
15K497,The Boerum Hill School for International Studies,15,32,8,1,801,155,125,-2,0.125,183
17K543,"Science, Technology and Research Early College High School at Erasmus",17,32,8,1,790,197,130,145,0.125,183
20K445,New Utrecht High School,20,32,8,1,4568,1443,630,730,0.125,183
20K485,High School of Telecommunication Arts and Technology,20,32,8,1,2973,1210,310,363,0.125,183
24Q296,Pan American International High School,24,32,8,1,508,166,108,28,0.125,183
24Q530,International High School at LaGuardia Community College,24,32,16,2,1236,505,119,114,0.125,183
30Q555,Newcomers High School,30,32,8,1,559,166,81,107,0.125,183
27Q650,"High School for Construction Trades, Engineering and Architecture",27,32,25,3,3028,1209,247,311,0.12,193
14K478,"The High School for Enterprise, Business and Technology",14,32,168,20,1197,144,249,130,0.11904761904761904,194
16K498,Brooklyn High School for Law and Technology,16,32,154,18,1730,296,151,-2,0.11688311688311688,195
32K549,The Brooklyn School for Social Justice,32,32,154,18,425,47,120,-2,0.11688311688311688,195
17K745,Brooklyn Institute for Liberal Arts,17,32,9,1,761,109,175,158,0.1111111111111111,197
23K514,Frederick Douglass Academy VII High School,23,32,9,1,532,76,108,85,0.1111111111111111,197
28Q505,Hillcrest High School,28,32,9,1,2316,496,730,517,0.1111111111111111,197
29Q498,"Health, Arts, Robotics, and Technology High School",29,32,9,1,1435,293,196,264,0.1111111111111111,197
30Q445,William Cullen Bryant High School,30,32,9,1,1681,297,435,349,0.1111111111111111,197
13K350,Urban Assembly School of Music and Art,13,32,10,1,494,52,108,-2,0.1,202
18K637,Academy for Conservation and the Environment,18,32,10,1,727,92,170,217,0.1,202
02M399,The High School For Language And Diplomacy,2,32,11,1,385,36,134,-2,0.09090909090909091,204
02M534,Harvest Collegiate High School,2,32,11,1,1116,115,116,-2,0.09090909090909091,204
15K519,Cobble Hill School of American Studies,15,32,11,1,481,62,278,-2,0.09090909090909091,204
16K765,Nelson Mandela High School,16,32,11,1,250,25,114,-2,0.09090909090909091,204
24Q550,High School for Arts and Business,24,32,11,1,2257,552,191,255,0.09090909090909091,204
02M615,Chelsea Career and Technical Education High School,2,32,12,1,821,118,152,-2,0.08333333333333333,209
03M494,High School of Arts and Technology,3,32,12,1,1037,132,140,-2,0.08333333333333333,209
17K524,International High School at Prospect Heights,17,32,12,1,338,61,108,45,0.08333333333333333,209
17K528,The High School for Global Citizenship,17,32,12,1,524,55,100,63,0.08333333333333333,209
18K629,Cultural Academy for the Arts and Sciences,18,32,12,1,567,70,116,80,0.08333333333333333,209
19K404,Academy for Young Writers,19,32,12,1,559,71,92,82,0.08333333333333333,209
20K490,Fort Hamilton High School,20,32,12,1,4983,1995,883,903,0.08333333333333333,209
19K764,The Urban Assembly School for Collaborative Healthcare,19,32,13,1,419,71,81,-2,0.07692307692307693,216
02M308,Lower Manhattan Arts Academy,2,32,14,1,524,69,95,-2,0.07142857142857142,217
02M543,New Design High School,2,32,28,2,852,157,125,145,0.07142857142857142,217
15K462,John Jay School for Law,15,32,14,1,1012,184,125,-2,0.07142857142857142,217
17K548,Brooklyn School for Music & Theatre,17,32,14,1,522,74,108,-2,0.07142857142857142,217
28Q440,Forest Hills High School,28,32,29,2,7184,2477,702,851,0.06896551724137931,221
02M425,Leadership and Public Service High School,2,32,15,1,387,36,145,52,0.06666666666666667,222
17K408,Academy of Hospitality and Tourism,17,32,15,1,571,89,118,-2,0.06666666666666667,222
17K546,High School for Public Service: Heroes of Tomorrow,17,32,15,1,656,69,130,-2,0.06666666666666667,222
19K510,World Academy for Total Community Health High School,19,32,15,1,417,29,98,-2,0.06666666666666667,222
21K525,Edward R. Murrow High School,21,32,15,1,6293,2283,933,1196,0.06666666666666667,222
24Q520,Middle College High School at LaGuardia Community College,24,32,15,1,1826,552,97,118,0.06666666666666667,222
02M280,Manhattan Early College School for Advertising,2,32,16,1,572,88,112,-2,0.0625,228
02M305,"Urban Assembly Academy of Government and Law, The",2,32,16,1,573,75,100,-2,0.0625,228
18K633,High School for Medical Professions,18,32,16,1,666,99,108,116,0.0625,228
20K505,Franklin Delano Roosevelt High School,20,32,16,1,3723,924,710,852,0.0625,228
22K555,Brooklyn College Academy,22,32,16,1,2698,911,170,228,0.0625,228
27Q475,Richmond Hill High School,27,32,16,1,1397,386,371,423,0.0625,228
13K265,Dr. Susan S. McKinney Secondary School of the Arts,13,32,17,1,362,54,82,-2,0.058823529411764705,234
13K439,Brooklyn International High School,13,32,17,1,409,71,81,53,0.058823529411764705,234
13K483,The Urban Assembly School for Law and Justice,13,32,17,1,593,105,115,-2,0.058823529411764705,234
15K429,Digital Arts and Cinema Technology High School,15,32,17,1,579,105,90,94,0.058823529411764705,234
17K382,Academy for College Preparation and Career Exploration: A College Board School,17,32,19,1,837,124,108,-2,0.05263157894736842,238
23K644,Eagle Academy for Young Men II,23,32,19,1,554,179,92,139,0.05263157894736842,238
02M374,Gramercy Arts High School,2,32,21,1,1038,129,204,78,0.047619047619047616,240
23K493,Brooklyn Collegiate: A College Board School,23,32,21,1,727,113,120,-2,0.047619047619047616,240
13K419,"Science Skills Center High School for Science, Technology and the Creative Arts",13,32,23,1,909,111,258,143,0.043478260869565216,242
14K071,Juan Morel Campos Secondary School,14,32,23,1,341,78,101,69,0.043478260869565216,242
19K639,Brooklyn Lab School,19,32,23,1,980,152,102,143,0.043478260869565216,242
14K685,El Puente Academy for Peace and Justice,14,32,24,1,134,25,70,-2,0.041666666666666664,245
17K122,Pathways in Technology Early College High School (P-Tech),17,32,24,1,712,114,150,-2,0.041666666666666664,245
28Q686,Queens Metropolitan High School,28,32,24,1,2321,931,279,279,0.041666666666666664,245
19K502,FDNY - Captain Vernon A. Richard High School for Fire and Life Safety,19,32,25,1,745,141,108,125,0.04,248
21K410,Abraham Lincoln High School,21,32,25,1,2225,539,741,604,0.04,248
14K586,Lyons Community School,14,32,30,1,174,32,81,-2,0.03333333333333333,250
02M298,Pace High School,2,32,31,1,1172,169,190,177,0.03225806451612903,251
27Q480,John Adams High School,27,32,31,1,2490,480,636,644,0.03225806451612903,251
13K674,"City Polytechnic High School of Engineering, Architecture, and Technology",13,32,33,1,1239,274,108,160,0.030303030303030304,253
02M533,Union Square Academy for Health Sciences,2,32,35,1,834,154,163,143,0.02857142857142857,254
16K455,Boys and Girls High School,16,32,41,1,712,68,369,96,0.024390243902439025,255
19K507,Performing Arts and Technology High School,19,32,50,1,1103,157,125,163,0.02,256
16K688,The Brooklyn Academy of Global Finance,16,32,59,1,469,56,108,-2,0.01694915254237288,257
